path,legacyTitle,pageType,contentCluster,metricWindow,windowStart,windowEnd,clicks90d,impressions90d,position90d,historicalClicksMaxKnown,urlEquityScore,businessPriorityScore,planningRecommendation,activeMigrationState,proposedFinalAction,activeRedirectTarget,survivorDecision,evidenceSource,reason
/,UNKNOWN,HOME,core,90_DAYS_PERFORMANCE_EXPORT,2026-04-07,2026-07-06,4,170,24.94,4,95,35,B_PRESERVE_IMPROVE,ACTIVE_INDEX_200,MAINTAIN_ACTIVE_INDEX,,NONE,docs/gsc/rerubsue_gsc_recovery_plan_2026-07-06.xlsx+NONE,Active approved V2 INDEX route with verified content foundation
/10-อันดับ-กล้อง-fujifilm-ในตลาดมือ/,UNKNOWN,MONEY_HUB,camera,UNKNOWN,,,,,,,10,85,D_RETIRE,UNREGISTERED_OR_PRIVATE,FUTURE_RETIREMENT_APPROVAL_REQUIRED,,NONE,NONE+NONE,Zero search equity thin duplicate post
/2024/01/page/2/,UNKNOWN,ARCHIVE,archive,90_DAYS_PERFORMANCE_EXPORT,2026-04-07,2026-07-06,0,0,0.00,0,20,0,D_RETIRE,UNREGISTERED_OR_PRIVATE,FUTURE_RETIREMENT_APPROVAL_REQUIRED,,NONE,docs/gsc/rerubsue_gsc_recovery_plan_2026-07-06.xlsx+NONE,Off-topic legacy niche (alcohol / pawn / home appliance) or thin archive
/2025/03/page/2/,UNKNOWN,ARCHIVE,archive,90_DAYS_PERFORMANCE_EXPORT,2026-04-07,2026-07-06,0,0,0.00,0,20,0,D_RETIRE,UNREGISTERED_OR_PRIVATE,FUTURE_RETIREMENT_APPROVAL_REQUIRED,,NONE,docs/gsc/rerubsue_gsc_recovery_plan_2026-07-06.xlsx+NONE,Off-topic legacy niche (alcohol / pawn / home appliance) or thin archive
/author/admin/page/5/,UNKNOWN,ARCHIVE,archive,90_DAYS_PERFORMANCE_EXPORT,2026-04-07,2026-07-06,0,0,0.00,0,20,0,D_RETIRE,UNREGISTERED_OR_PRIVATE,FUTURE_RETIREMENT_APPROVAL_REQUIRED,,NONE,docs/gsc/rerubsue_gsc_recovery_plan_2026-07-06.xlsx+NONE,Off-topic legacy niche (alcohol / pawn / home appliance) or thin archive
/author/admin/page/59/,UNKNOWN,ARCHIVE,archive,90_DAYS_PERFORMANCE_EXPORT,2026-04-07,2026-07-06,0,0,0.00,0,20,0,D_RETIRE,UNREGISTERED_OR_PRIVATE,FUTURE_RETIREMENT_APPROVAL_REQUIRED,,NONE,docs/gsc/rerubsue_gsc_recovery_plan_2026-07-06.xlsx+NONE,Off-topic legacy niche (alcohol / pawn / home appliance) or thin archive
/author/admin/page/60/,UNKNOWN,ARCHIVE,archive,90_DAYS_PERFORMANCE_EXPORT,2026-04-07,2026-07-06,0,0,0.00,0,20,0,D_RETIRE,UNREGISTERED_OR_PRIVATE,FUTURE_RETIREMENT_APPROVAL_REQUIRED,,NONE,docs/gsc/rerubsue_gsc_recovery_plan_2026-07-06.xlsx+NONE,Off-topic legacy niche (alcohol / pawn / home appliance) or thin archive
/author/admin/page/62/,UNKNOWN,ARCHIVE,archive,90_DAYS_PERFORMANCE_EXPORT,2026-04-07,2026-07-06,0,0,0.00,0,20,0,D_RETIRE,UNREGISTERED_OR_PRIVATE,FUTURE_RETIREMENT_APPROVAL_REQUIRED,,NONE,docs/gsc/rerubsue_gsc_recovery_plan_2026-07-06.xlsx+NONE,Off-topic legacy niche (alcohol / pawn / home appliance) or thin archive
/author/admin/page/63/,UNKNOWN,ARCHIVE,archive,90_DAYS_PERFORMANCE_EXPORT,2026-04-07,2026-07-06,0,0,0.00,0,20,0,D_RETIRE,UNREGISTERED_OR_PRIVATE,FUTURE_RETIREMENT_APPROVAL_REQUIRED,,NONE,docs/gsc/rerubsue_gsc_recovery_plan_2026-07-06.xlsx+NONE,Off-topic legacy niche (alcohol / pawn / home appliance) or thin archive
/author/admin/page/64/,UNKNOWN,ARCHIVE,archive,90_DAYS_PERFORMANCE_EXPORT,2026-04-07,2026-07-06,0,0,0.00,0,20,0,D_RETIRE,UNREGISTERED_OR_PRIVATE,FUTURE_RETIREMENT_APPROVAL_REQUIRED,,NONE,docs/gsc/rerubsue_gsc_recovery_plan_2026-07-06.xlsx+NONE,Off-topic legacy niche (alcohol / pawn / home appliance) or thin archive
/author/admin/page/65/,UNKNOWN,ARCHIVE,archive,90_DAYS_PERFORMANCE_EXPORT,2026-04-07,2026-07-06,0,0,0.00,0,20,0,D_RETIRE,UNREGISTERED_OR_PRIVATE,FUTURE_RETIREMENT_APPROVAL_REQUIRED,,NONE,docs/gsc/rerubsue_gsc_recovery_plan_2026-07-06.xlsx+NONE,Off-topic legacy niche (alcohol / pawn / home appliance) or thin archive
/buy-camera-bungkan/,UNKNOWN,MONEY_HUB,camera,90_DAYS_PERFORMANCE_EXPORT,2026-04-07,2026-07-06,2,43,11.70,2,50,85,C_301_CONSOLIDATE,UNREGISTERED_OR_PRIVATE,PROPOSED_301_CONSOLIDATION,,NONE,docs/gsc/rerubsue_gsc_recovery_plan_2026-07-06.xlsx+NONE,Legacy English URL alias proposed for consolidation into Thai category hub
/buy-camera-chaiyaphum/,UNKNOWN,MONEY_HUB,camera,UNKNOWN,,,,,,,10,85,C_301_CONSOLIDATE,UNREGISTERED_OR_PRIVATE,PROPOSED_301_CONSOLIDATION,,NONE,NONE+NONE,Legacy English URL alias proposed for consolidation into Thai category hub
/buy-camera-mahasarakam/,รับซื้อกล้องมือสอง มหาสารคาม รับซื้อกล้อง เลนส์ และอุปกรณ์ถ่ายรูปอื่นๆ,MONEY_HUB,camera,90_DAYS_PERFORMANCE_EXPORT,2026-04-07,2026-07-06,1,30,7.57,1,60,85,C_301_CONSOLIDATE,UNREGISTERED_OR_PRIVATE,PROPOSED_301_CONSOLIDATION,,REBUILD_INDEX,docs/gsc/rerubsue_gsc_recovery_plan_2026-07-06.xlsx+redirects,Legacy English URL alias proposed for consolidation into Thai category hub
/buy-camera-mukdahan/,UNKNOWN,MONEY_HUB,camera,UNKNOWN,,,,,,,10,85,C_301_CONSOLIDATE,UNREGISTERED_OR_PRIVATE,PROPOSED_301_CONSOLIDATION,,NONE,NONE+NONE,Legacy English URL alias proposed for consolidation into Thai category hub
/buy-camera-nakonpanom/,UNKNOWN,MONEY_HUB,camera,90_DAYS_PERFORMANCE_EXPORT,2026-04-07,2026-07-06,1,13,6.92,1,60,85,C_301_CONSOLIDATE,UNREGISTERED_OR_PRIVATE,PROPOSED_301_CONSOLIDATION,,NONE,docs/gsc/rerubsue_gsc_recovery_plan_2026-07-06.xlsx+NONE,Legacy English URL alias proposed for consolidation into Thai category hub
/buy-camera-nakonpanom/feed/,UNKNOWN,ARCHIVE,archive,90_DAYS_PERFORMANCE_EXPORT,2026-04-07,2026-07-06,0,0,0.00,0,20,0,D_RETIRE,UNREGISTERED_OR_PRIVATE,FUTURE_RETIREMENT_APPROVAL_REQUIRED,,NONE,docs/gsc/rerubsue_gsc_recovery_plan_2026-07-06.xlsx+NONE,Off-topic legacy niche (alcohol / pawn / home appliance) or thin archive
/buy-camera-nongkai/,ทีมงานรับซื้อกล้อง รับซื้อกล้องมือสอง หนองคาย,MONEY_HUB,camera,UNKNOWN,,,,,,,40,85,C_301_CONSOLIDATE,UNREGISTERED_OR_PRIVATE,PROPOSED_301_CONSOLIDATION,,HOLD_NOINDEX,NONE+redirects,Legacy English URL alias proposed for consolidation into Thai category hub
/buy-camera-sakonnakon/,UNKNOWN,MONEY_HUB,camera,UNKNOWN,,,,,,,10,85,C_301_CONSOLIDATE,UNREGISTERED_OR_PRIVATE,PROPOSED_301_CONSOLIDATION,,NONE,NONE+NONE,Legacy English URL alias proposed for consolidation into Thai category hub
/buy-camera-sisaket/,UNKNOWN,MONEY_HUB,camera,90_DAYS_PERFORMANCE_EXPORT,2026-04-07,2026-07-06,0,29,11.93,0,35,85,C_301_CONSOLIDATE,UNREGISTERED_OR_PRIVATE,PROPOSED_301_CONSOLIDATION,,NONE,docs/gsc/rerubsue_gsc_recovery_plan_2026-07-06.xlsx+NONE,Legacy English URL alias proposed for consolidation into Thai category hub
/buy-camera-surin/,รับซื้อกล้องมือสอง สุรินทร์,MONEY_HUB,camera,90_DAYS_PERFORMANCE_EXPORT,2026-04-07,2026-07-06,2,33,8.73,2,60,85,C_301_CONSOLIDATE,ACTIVE_REDIRECT_301,MAINTAIN_ACTIVE_REDIRECT,/รับซื้อกล้องมือสองสุร/,NEW_REDIRECT,docs/gsc/rerubsue_gsc_recovery_plan_2026-07-06.xlsx+redirects,Active migration redirect rule targeting /รับซื้อกล้องมือสองสุร/
/buy-camera-ubon/,รับซื้อกล้องมือสอง อุบลราชธานี,MONEY_HUB,camera,90_DAYS_PERFORMANCE_EXPORT,2026-04-07,2026-07-06,0,0,0.00,0,20,85,C_301_CONSOLIDATE,UNREGISTERED_OR_PRIVATE,PROPOSED_301_CONSOLIDATION,,HOLD_NOINDEX,docs/gsc/rerubsue_gsc_recovery_plan_2026-07-06.xlsx+survivor-rebuild,Legacy English URL alias proposed for consolidation into Thai category hub
/buy-camera-udon/,UNKNOWN,MONEY_HUB,camera,90_DAYS_PERFORMANCE_EXPORT,2026-04-07,2026-07-06,0,0,0.00,0,20,85,C_301_CONSOLIDATE,UNREGISTERED_OR_PRIVATE,PROPOSED_301_CONSOLIDATION,,NONE,docs/gsc/rerubsue_gsc_recovery_plan_2026-07-06.xlsx+NONE,Legacy English URL alias proposed for consolidation into Thai category hub
/buy-camera-yasothon/,UNKNOWN,MONEY_HUB,camera,UNKNOWN,,,,,,,10,85,C_301_CONSOLIDATE,UNREGISTERED_OR_PRIVATE,PROPOSED_301_CONSOLIDATION,,NONE,NONE+NONE,Legacy English URL alias proposed for consolidation into Thai category hub
/category/aeo/,UNKNOWN,ARCHIVE,archive,90_DAYS_PERFORMANCE_EXPORT,2026-04-07,2026-07-06,0,0,0.00,0,20,0,D_RETIRE,UNREGISTERED_OR_PRIVATE,FUTURE_RETIREMENT_APPROVAL_REQUIRED,,NONE,docs/gsc/rerubsue_gsc_recovery_plan_2026-07-06.xlsx+NONE,Off-topic legacy niche (alcohol / pawn / home appliance) or thin archive
/category/asus-5/,UNKNOWN,ARCHIVE,archive,90_DAYS_PERFORMANCE_EXPORT,2026-04-07,2026-07-06,0,0,0.00,0,20,0,D_RETIRE,UNREGISTERED_OR_PRIVATE,FUTURE_RETIREMENT_APPROVAL_REQUIRED,,NONE,docs/gsc/rerubsue_gsc_recovery_plan_2026-07-06.xlsx+NONE,Off-topic legacy niche (alcohol / pawn / home appliance) or thin archive
/category/e-commerce/,UNKNOWN,ARCHIVE,archive,90_DAYS_PERFORMANCE_EXPORT,2026-04-07,2026-07-06,0,0,0.00,0,20,0,D_RETIRE,UNREGISTERED_OR_PRIVATE,FUTURE_RETIREMENT_APPROVAL_REQUIRED,,NONE,docs/gsc/rerubsue_gsc_recovery_plan_2026-07-06.xlsx+NONE,Off-topic legacy niche (alcohol / pawn / home appliance) or thin archive
/category/it-3/,UNKNOWN,ARCHIVE,archive,90_DAYS_PERFORMANCE_EXPORT,2026-04-07,2026-07-06,0,0,0.00,0,20,0,D_RETIRE,UNREGISTERED_OR_PRIVATE,FUTURE_RETIREMENT_APPROVAL_REQUIRED,,NONE,docs/gsc/rerubsue_gsc_recovery_plan_2026-07-06.xlsx+NONE,Off-topic legacy niche (alcohol / pawn / home appliance) or thin archive
/category/it-4/,UNKNOWN,ARCHIVE,archive,90_DAYS_PERFORMANCE_EXPORT,2026-04-07,2026-07-06,0,0,0.00,0,20,0,D_RETIRE,UNREGISTERED_OR_PRIVATE,FUTURE_RETIREMENT_APPROVAL_REQUIRED,,NONE,docs/gsc/rerubsue_gsc_recovery_plan_2026-07-06.xlsx+NONE,Off-topic legacy niche (alcohol / pawn / home appliance) or thin archive
/category/it/,UNKNOWN,ARCHIVE,archive,90_DAYS_PERFORMANCE_EXPORT,2026-04-07,2026-07-06,0,0,0.00,0,20,0,D_RETIRE,UNREGISTERED_OR_PRIVATE,FUTURE_RETIREMENT_APPROVAL_REQUIRED,,NONE,docs/gsc/rerubsue_gsc_recovery_plan_2026-07-06.xlsx+NONE,Off-topic legacy niche (alcohol / pawn / home appliance) or thin archive
/category/seo-2/,UNKNOWN,ARCHIVE,archive,90_DAYS_PERFORMANCE_EXPORT,2026-04-07,2026-07-06,0,0,0.00,0,20,0,D_RETIRE,UNREGISTERED_OR_PRIVATE,FUTURE_RETIREMENT_APPROVAL_REQUIRED,,NONE,docs/gsc/rerubsue_gsc_recovery_plan_2026-07-06.xlsx+NONE,Off-topic legacy niche (alcohol / pawn / home appliance) or thin archive
/category/seo-3/,UNKNOWN,ARCHIVE,archive,90_DAYS_PERFORMANCE_EXPORT,2026-04-07,2026-07-06,0,0,0.00,0,20,0,D_RETIRE,UNREGISTERED_OR_PRIVATE,FUTURE_RETIREMENT_APPROVAL_REQUIRED,,NONE,docs/gsc/rerubsue_gsc_recovery_plan_2026-07-06.xlsx+NONE,Off-topic legacy niche (alcohol / pawn / home appliance) or thin archive
/category/seo/,UNKNOWN,ARCHIVE,archive,90_DAYS_PERFORMANCE_EXPORT,2026-04-07,2026-07-06,0,0,0.00,0,20,0,D_RETIRE,UNREGISTERED_OR_PRIVATE,FUTURE_RETIREMENT_APPROVAL_REQUIRED,,NONE,docs/gsc/rerubsue_gsc_recovery_plan_2026-07-06.xlsx+NONE,Off-topic legacy niche (alcohol / pawn / home appliance) or thin archive
/category/การซื้อขายคอมพิวเตอร์/,UNKNOWN,ARCHIVE,archive,90_DAYS_PERFORMANCE_EXPORT,2026-04-07,2026-07-06,0,0,0.00,0,20,0,D_RETIRE,UNREGISTERED_OR_PRIVATE,FUTURE_RETIREMENT_APPROVAL_REQUIRED,,NONE,docs/gsc/rerubsue_gsc_recovery_plan_2026-07-06.xlsx+NONE,Off-topic legacy niche (alcohol / pawn / home appliance) or thin archive
/category/ขายกล้องมือสอง/,UNKNOWN,ARCHIVE,archive,90_DAYS_PERFORMANCE_EXPORT,2026-04-07,2026-07-06,0,0,0.00,0,20,0,D_RETIRE,UNREGISTERED_OR_PRIVATE,FUTURE_RETIREMENT_APPROVAL_REQUIRED,,NONE,docs/gsc/rerubsue_gsc_recovery_plan_2026-07-06.xlsx+NONE,Off-topic legacy niche (alcohol / pawn / home appliance) or thin archive
/category/คอมพิวเตอร์-โน๊ตบุ๊ค/,UNKNOWN,ARCHIVE,archive,90_DAYS_PERFORMANCE_EXPORT,2026-04-07,2026-07-06,0,0,0.00,0,20,0,D_RETIRE,UNREGISTERED_OR_PRIVATE,FUTURE_RETIREMENT_APPROVAL_REQUIRED,,NONE,docs/gsc/rerubsue_gsc_recovery_plan_2026-07-06.xlsx+NONE,Off-topic legacy niche (alcohol / pawn / home appliance) or thin archive
/category/ค้าปลีกคอมพิวเตอร์/,UNKNOWN,ARCHIVE,archive,90_DAYS_PERFORMANCE_EXPORT,2026-04-07,2026-07-06,0,0,0.00,0,20,0,D_RETIRE,UNREGISTERED_OR_PRIVATE,FUTURE_RETIREMENT_APPROVAL_REQUIRED,,NONE,docs/gsc/rerubsue_gsc_recovery_plan_2026-07-06.xlsx+NONE,Off-topic legacy niche (alcohol / pawn / home appliance) or thin archive
/category/ชลบุรี/,UNKNOWN,ARCHIVE,archive,90_DAYS_PERFORMANCE_EXPORT,2026-04-07,2026-07-06,0,0,0.00,0,20,0,D_RETIRE,UNREGISTERED_OR_PRIVATE,FUTURE_RETIREMENT_APPROVAL_REQUIRED,,NONE,docs/gsc/rerubsue_gsc_recovery_plan_2026-07-06.xlsx+NONE,Off-topic legacy niche (alcohol / pawn / home appliance) or thin archive
/category/บทความ/,UNKNOWN,ARCHIVE,archive,90_DAYS_PERFORMANCE_EXPORT,2026-04-07,2026-07-06,0,0,0.00,0,20,0,D_RETIRE,UNREGISTERED_OR_PRIVATE,FUTURE_RETIREMENT_APPROVAL_REQUIRED,,NONE,docs/gsc/rerubsue_gsc_recovery_plan_2026-07-06.xlsx+NONE,Off-topic legacy niche (alcohol / pawn / home appliance) or thin archive
/category/บริการรับซื้อ-คอมพิวเตอ/,UNKNOWN,ARCHIVE,archive,90_DAYS_PERFORMANCE_EXPORT,2026-04-07,2026-07-06,0,0,0.00,0,20,0,D_RETIRE,UNREGISTERED_OR_PRIVATE,FUTURE_RETIREMENT_APPROVAL_REQUIRED,,NONE,docs/gsc/rerubsue_gsc_recovery_plan_2026-07-06.xlsx+NONE,Off-topic legacy niche (alcohol / pawn / home appliance) or thin archive
/category/บริการรับซื้อกล้อง/,UNKNOWN,ARCHIVE,archive,90_DAYS_PERFORMANCE_EXPORT,2026-04-07,2026-07-06,0,0,0.00,0,20,0,D_RETIRE,UNREGISTERED_OR_PRIVATE,FUTURE_RETIREMENT_APPROVAL_REQUIRED,,NONE,docs/gsc/rerubsue_gsc_recovery_plan_2026-07-06.xlsx+NONE,Off-topic legacy niche (alcohol / pawn / home appliance) or thin archive
/category/บริการรับซื้อคอมพิวเตอ/,UNKNOWN,ARCHIVE,archive,90_DAYS_PERFORMANCE_EXPORT,2026-04-07,2026-07-06,0,0,0.00,0,20,0,D_RETIRE,UNREGISTERED_OR_PRIVATE,FUTURE_RETIREMENT_APPROVAL_REQUIRED,,NONE,docs/gsc/rerubsue_gsc_recovery_plan_2026-07-06.xlsx+NONE,Off-topic legacy niche (alcohol / pawn / home appliance) or thin archive
/category/บริการรับซื้ออุปกรณ์อิ/,UNKNOWN,ARCHIVE,archive,90_DAYS_PERFORMANCE_EXPORT,2026-04-07,2026-07-06,0,0,0.00,0,20,0,D_RETIRE,UNREGISTERED_OR_PRIVATE,FUTURE_RETIREMENT_APPROVAL_REQUIRED,,NONE,docs/gsc/rerubsue_gsc_recovery_plan_2026-07-06.xlsx+NONE,Off-topic legacy niche (alcohol / pawn / home appliance) or thin archive
/category/บริการรับซื้ออุปกรณ์ไอ/,UNKNOWN,ARCHIVE,archive,90_DAYS_PERFORMANCE_EXPORT,2026-04-07,2026-07-06,0,0,0.00,0,20,0,D_RETIRE,UNREGISTERED_OR_PRIVATE,FUTURE_RETIREMENT_APPROVAL_REQUIRED,,NONE,docs/gsc/rerubsue_gsc_recovery_plan_2026-07-06.xlsx+NONE,Off-topic legacy niche (alcohol / pawn / home appliance) or thin archive
/category/บริการรับซื้อโน๊ตบุ๊ค/,UNKNOWN,ARCHIVE,archive,90_DAYS_PERFORMANCE_EXPORT,2026-04-07,2026-07-06,0,0,0.00,0,20,0,D_RETIRE,UNREGISTERED_OR_PRIVATE,FUTURE_RETIREMENT_APPROVAL_REQUIRED,,NONE,docs/gsc/rerubsue_gsc_recovery_plan_2026-07-06.xlsx+NONE,Off-topic legacy niche (alcohol / pawn / home appliance) or thin archive
/category/บริการรับซื้อในจังหวัด/,UNKNOWN,ARCHIVE,archive,90_DAYS_PERFORMANCE_EXPORT,2026-04-07,2026-07-06,0,0,0.00,0,20,0,D_RETIRE,UNREGISTERED_OR_PRIVATE,FUTURE_RETIREMENT_APPROVAL_REQUIRED,,NONE,docs/gsc/rerubsue_gsc_recovery_plan_2026-07-06.xlsx+NONE,Off-topic legacy niche (alcohol / pawn / home appliance) or thin archive
/category/บริการในนครราชสีมา/,UNKNOWN,ARCHIVE,archive,90_DAYS_PERFORMANCE_EXPORT,2026-04-07,2026-07-06,0,0,0.00,0,20,0,D_RETIRE,UNREGISTERED_OR_PRIVATE,FUTURE_RETIREMENT_APPROVAL_REQUIRED,,NONE,docs/gsc/rerubsue_gsc_recovery_plan_2026-07-06.xlsx+NONE,Off-topic legacy niche (alcohol / pawn / home appliance) or thin archive
/category/ภูเก็ต/,UNKNOWN,ARCHIVE,archive,90_DAYS_PERFORMANCE_EXPORT,2026-04-07,2026-07-06,0,0,0.00,0,20,0,D_RETIRE,UNREGISTERED_OR_PRIVATE,FUTURE_RETIREMENT_APPROVAL_REQUIRED,,NONE,docs/gsc/rerubsue_gsc_recovery_plan_2026-07-06.xlsx+NONE,Off-topic legacy niche (alcohol / pawn / home appliance) or thin archive
/category/รับซื้อ-hdd/,UNKNOWN,ARCHIVE,archive,90_DAYS_PERFORMANCE_EXPORT,2026-04-07,2026-07-06,0,0,0.00,0,20,0,D_RETIRE,UNREGISTERED_OR_PRIVATE,FUTURE_RETIREMENT_APPROVAL_REQUIRED,,NONE,docs/gsc/rerubsue_gsc_recovery_plan_2026-07-06.xlsx+NONE,Off-topic legacy niche (alcohol / pawn / home appliance) or thin archive
/category/รับซื้อ-คอมพิวเตอร์/,UNKNOWN,ARCHIVE,archive,90_DAYS_PERFORMANCE_EXPORT,2026-04-07,2026-07-06,0,0,0.00,0,20,0,D_RETIRE,UNREGISTERED_OR_PRIVATE,FUTURE_RETIREMENT_APPROVAL_REQUIRED,,NONE,docs/gsc/rerubsue_gsc_recovery_plan_2026-07-06.xlsx+NONE,Off-topic legacy niche (alcohol / pawn / home appliance) or thin archive
/category/รับซื้อ/feed/,UNKNOWN,ARCHIVE,archive,90_DAYS_PERFORMANCE_EXPORT,2026-04-07,2026-07-06,0,0,0.00,0,20,0,D_RETIRE,UNREGISTERED_OR_PRIVATE,FUTURE_RETIREMENT_APPROVAL_REQUIRED,,NONE,docs/gsc/rerubsue_gsc_recovery_plan_2026-07-06.xlsx+NONE,Off-topic legacy niche (alcohol / pawn / home appliance) or thin archive
/category/รับซื้อ/page/5/,UNKNOWN,ARCHIVE,archive,90_DAYS_PERFORMANCE_EXPORT,2026-04-07,2026-07-06,0,0,0.00,0,20,0,D_RETIRE,UNREGISTERED_OR_PRIVATE,FUTURE_RETIREMENT_APPROVAL_REQUIRED,,NONE,docs/gsc/rerubsue_gsc_recovery_plan_2026-07-06.xlsx+NONE,Off-topic legacy niche (alcohol / pawn / home appliance) or thin archive
/category/รับซื้อmacbook/,UNKNOWN,ARCHIVE,archive,90_DAYS_PERFORMANCE_EXPORT,2026-04-07,2026-07-06,0,0,0.00,0,20,0,D_RETIRE,UNREGISTERED_OR_PRIVATE,FUTURE_RETIREMENT_APPROVAL_REQUIRED,,NONE,docs/gsc/rerubsue_gsc_recovery_plan_2026-07-06.xlsx+NONE,Off-topic legacy niche (alcohol / pawn / home appliance) or thin archive
/category/รับซื้อmacbook/page/2/,UNKNOWN,ARCHIVE,archive,90_DAYS_PERFORMANCE_EXPORT,2026-04-07,2026-07-06,0,0,0.00,0,20,0,D_RETIRE,UNREGISTERED_OR_PRIVATE,FUTURE_RETIREMENT_APPROVAL_REQUIRED,,NONE,docs/gsc/rerubsue_gsc_recovery_plan_2026-07-06.xlsx+NONE,Off-topic legacy niche (alcohol / pawn / home appliance) or thin archive
/category/รับซื้อmacbook/page/4/,UNKNOWN,ARCHIVE,archive,90_DAYS_PERFORMANCE_EXPORT,2026-04-07,2026-07-06,0,0,0.00,0,20,0,D_RETIRE,UNREGISTERED_OR_PRIVATE,FUTURE_RETIREMENT_APPROVAL_REQUIRED,,NONE,docs/gsc/rerubsue_gsc_recovery_plan_2026-07-06.xlsx+NONE,Off-topic legacy niche (alcohol / pawn / home appliance) or thin archive
/category/รับซื้อmacbook/page/5/,UNKNOWN,ARCHIVE,archive,90_DAYS_PERFORMANCE_EXPORT,2026-04-07,2026-07-06,0,0,0.00,0,20,0,D_RETIRE,UNREGISTERED_OR_PRIVATE,FUTURE_RETIREMENT_APPROVAL_REQUIRED,,NONE,docs/gsc/rerubsue_gsc_recovery_plan_2026-07-06.xlsx+NONE,Off-topic legacy niche (alcohol / pawn / home appliance) or thin archive
/category/รับซื้อmacbook/page/6/,UNKNOWN,ARCHIVE,archive,90_DAYS_PERFORMANCE_EXPORT,2026-04-07,2026-07-06,0,0,0.00,0,20,0,D_RETIRE,UNREGISTERED_OR_PRIVATE,FUTURE_RETIREMENT_APPROVAL_REQUIRED,,NONE,docs/gsc/rerubsue_gsc_recovery_plan_2026-07-06.xlsx+NONE,Off-topic legacy niche (alcohol / pawn / home appliance) or thin archive
/category/รับซื้อmacbook/page/7/,UNKNOWN,ARCHIVE,archive,90_DAYS_PERFORMANCE_EXPORT,2026-04-07,2026-07-06,0,0,0.00,0,20,0,D_RETIRE,UNREGISTERED_OR_PRIVATE,FUTURE_RETIREMENT_APPROVAL_REQUIRED,,NONE,docs/gsc/rerubsue_gsc_recovery_plan_2026-07-06.xlsx+NONE,Off-topic legacy niche (alcohol / pawn / home appliance) or thin archive
/category/รับซื้อmacbook/page/8/,UNKNOWN,ARCHIVE,archive,90_DAYS_PERFORMANCE_EXPORT,2026-04-07,2026-07-06,0,0,0.00,0,20,0,D_RETIRE,UNREGISTERED_OR_PRIVATE,FUTURE_RETIREMENT_APPROVAL_REQUIRED,,NONE,docs/gsc/rerubsue_gsc_recovery_plan_2026-07-06.xlsx+NONE,Off-topic legacy niche (alcohol / pawn / home appliance) or thin archive
/category/รับซื้อmacbook/page/9/,UNKNOWN,ARCHIVE,archive,90_DAYS_PERFORMANCE_EXPORT,2026-04-07,2026-07-06,0,0,0.00,0,20,0,D_RETIRE,UNREGISTERED_OR_PRIVATE,FUTURE_RETIREMENT_APPROVAL_REQUIRED,,NONE,docs/gsc/rerubsue_gsc_recovery_plan_2026-07-06.xlsx+NONE,Off-topic legacy niche (alcohol / pawn / home appliance) or thin archive
/category/รับซื้อคอม/,UNKNOWN,ARCHIVE,archive,90_DAYS_PERFORMANCE_EXPORT,2026-04-07,2026-07-06,0,0,0.00,0,20,0,D_RETIRE,UNREGISTERED_OR_PRIVATE,FUTURE_RETIREMENT_APPROVAL_REQUIRED,,NONE,docs/gsc/rerubsue_gsc_recovery_plan_2026-07-06.xlsx+NONE,Off-topic legacy niche (alcohol / pawn / home appliance) or thin archive
/category/รับซื้อตั๋วจำนำ/page/4/,UNKNOWN,ARCHIVE,archive,90_DAYS_PERFORMANCE_EXPORT,2026-04-07,2026-07-06,0,0,0.00,0,20,0,D_RETIRE,UNREGISTERED_OR_PRIVATE,FUTURE_RETIREMENT_APPROVAL_REQUIRED,,NONE,docs/gsc/rerubsue_gsc_recovery_plan_2026-07-06.xlsx+NONE,Off-topic legacy niche (alcohol / pawn / home appliance) or thin archive
/category/รับซื้อนาฬิกา/,UNKNOWN,ARCHIVE,archive,90_DAYS_PERFORMANCE_EXPORT,2026-04-07,2026-07-06,0,0,0.00,0,20,0,D_RETIRE,UNREGISTERED_OR_PRIVATE,FUTURE_RETIREMENT_APPROVAL_REQUIRED,,NONE,docs/gsc/rerubsue_gsc_recovery_plan_2026-07-06.xlsx+NONE,Off-topic legacy niche (alcohol / pawn / home appliance) or thin archive
/category/รับซื้ออุบล/,UNKNOWN,ARCHIVE,archive,90_DAYS_PERFORMANCE_EXPORT,2026-04-07,2026-07-06,0,0,0.00,0,20,0,D_RETIRE,UNREGISTERED_OR_PRIVATE,FUTURE_RETIREMENT_APPROVAL_REQUIRED,,NONE,docs/gsc/rerubsue_gsc_recovery_plan_2026-07-06.xlsx+NONE,Off-topic legacy niche (alcohol / pawn / home appliance) or thin archive
/category/รับซื้ออุปกรณ์มือสอง/,UNKNOWN,ARCHIVE,archive,90_DAYS_PERFORMANCE_EXPORT,2026-04-07,2026-07-06,0,0,0.00,0,20,0,D_RETIRE,UNREGISTERED_OR_PRIVATE,FUTURE_RETIREMENT_APPROVAL_REQUIRED,,NONE,docs/gsc/rerubsue_gsc_recovery_plan_2026-07-06.xlsx+NONE,Off-topic legacy niche (alcohol / pawn / home appliance) or thin archive
/category/รับซื้อโดรน/,UNKNOWN,ARCHIVE,archive,90_DAYS_PERFORMANCE_EXPORT,2026-04-07,2026-07-06,0,0,0.00,0,20,0,D_RETIRE,UNREGISTERED_OR_PRIVATE,FUTURE_RETIREMENT_APPROVAL_REQUIRED,,NONE,docs/gsc/rerubsue_gsc_recovery_plan_2026-07-06.xlsx+NONE,Off-topic legacy niche (alcohol / pawn / home appliance) or thin archive
/category/รับซื้อโน๊ตบุ๊ค/page/2/,UNKNOWN,ARCHIVE,archive,90_DAYS_PERFORMANCE_EXPORT,2026-04-07,2026-07-06,0,0,0.00,0,20,0,D_RETIRE,UNREGISTERED_OR_PRIVATE,FUTURE_RETIREMENT_APPROVAL_REQUIRED,,NONE,docs/gsc/rerubsue_gsc_recovery_plan_2026-07-06.xlsx+NONE,Off-topic legacy niche (alcohol / pawn / home appliance) or thin archive
/category/รับซื้อโน๊ตบุ๊ค/page/3/,UNKNOWN,ARCHIVE,archive,90_DAYS_PERFORMANCE_EXPORT,2026-04-07,2026-07-06,0,0,0.00,0,20,0,D_RETIRE,UNREGISTERED_OR_PRIVATE,FUTURE_RETIREMENT_APPROVAL_REQUIRED,,NONE,docs/gsc/rerubsue_gsc_recovery_plan_2026-07-06.xlsx+NONE,Off-topic legacy niche (alcohol / pawn / home appliance) or thin archive
/category/รับซื้อไอแพด/,UNKNOWN,ARCHIVE,archive,90_DAYS_PERFORMANCE_EXPORT,2026-04-07,2026-07-06,0,0,0.00,0,20,0,D_RETIRE,UNREGISTERED_OR_PRIVATE,FUTURE_RETIREMENT_APPROVAL_REQUIRED,,NONE,docs/gsc/rerubsue_gsc_recovery_plan_2026-07-06.xlsx+NONE,Off-topic legacy niche (alcohol / pawn / home appliance) or thin archive
/category/รับซื้อไอแพด/page/3/,UNKNOWN,ARCHIVE,archive,90_DAYS_PERFORMANCE_EXPORT,2026-04-07,2026-07-06,0,0,0.00,0,20,0,D_RETIRE,UNREGISTERED_OR_PRIVATE,FUTURE_RETIREMENT_APPROVAL_REQUIRED,,NONE,docs/gsc/rerubsue_gsc_recovery_plan_2026-07-06.xlsx+NONE,Off-topic legacy niche (alcohol / pawn / home appliance) or thin archive
/category/รับซื้อไอแพด/page/4/,UNKNOWN,ARCHIVE,archive,90_DAYS_PERFORMANCE_EXPORT,2026-04-07,2026-07-06,0,0,0.00,0,20,0,D_RETIRE,UNREGISTERED_OR_PRIVATE,FUTURE_RETIREMENT_APPROVAL_REQUIRED,,NONE,docs/gsc/rerubsue_gsc_recovery_plan_2026-07-06.xlsx+NONE,Off-topic legacy niche (alcohol / pawn / home appliance) or thin archive
/category/รับซื้อไอโฟน/page/2/,UNKNOWN,ARCHIVE,archive,90_DAYS_PERFORMANCE_EXPORT,2026-04-07,2026-07-06,0,0,0.00,0,20,0,D_RETIRE,UNREGISTERED_OR_PRIVATE,FUTURE_RETIREMENT_APPROVAL_REQUIRED,,NONE,docs/gsc/rerubsue_gsc_recovery_plan_2026-07-06.xlsx+NONE,Off-topic legacy niche (alcohol / pawn / home appliance) or thin archive
/category/รับซื้อไอโฟน/page/4/,UNKNOWN,ARCHIVE,archive,90_DAYS_PERFORMANCE_EXPORT,2026-04-07,2026-07-06,0,0,0.00,0,20,0,D_RETIRE,UNREGISTERED_OR_PRIVATE,FUTURE_RETIREMENT_APPROVAL_REQUIRED,,NONE,docs/gsc/rerubsue_gsc_recovery_plan_2026-07-06.xlsx+NONE,Off-topic legacy niche (alcohol / pawn / home appliance) or thin archive
/category/รับซื้อไอโฟน/page/5/,UNKNOWN,ARCHIVE,archive,90_DAYS_PERFORMANCE_EXPORT,2026-04-07,2026-07-06,0,0,0.00,0,20,0,D_RETIRE,UNREGISTERED_OR_PRIVATE,FUTURE_RETIREMENT_APPROVAL_REQUIRED,,NONE,docs/gsc/rerubsue_gsc_recovery_plan_2026-07-06.xlsx+NONE,Off-topic legacy niche (alcohol / pawn / home appliance) or thin archive
/category/รับซื้อไอโฟน/page/8/,UNKNOWN,ARCHIVE,archive,90_DAYS_PERFORMANCE_EXPORT,2026-04-07,2026-07-06,0,0,0.00,0,20,0,D_RETIRE,UNREGISTERED_OR_PRIVATE,FUTURE_RETIREMENT_APPROVAL_REQUIRED,,NONE,docs/gsc/rerubsue_gsc_recovery_plan_2026-07-06.xlsx+NONE,Off-topic legacy niche (alcohol / pawn / home appliance) or thin archive
/category/ร้านอำพล-เทรดดิ้ง/,UNKNOWN,ARCHIVE,archive,90_DAYS_PERFORMANCE_EXPORT,2026-04-07,2026-07-06,0,0,0.00,0,20,0,D_RETIRE,UNREGISTERED_OR_PRIVATE,FUTURE_RETIREMENT_APPROVAL_REQUIRED,,NONE,docs/gsc/rerubsue_gsc_recovery_plan_2026-07-06.xlsx+NONE,Off-topic legacy niche (alcohol / pawn / home appliance) or thin archive
/category/ร้านอำพลเทรดดิ้ง/,UNKNOWN,ARCHIVE,archive,90_DAYS_PERFORMANCE_EXPORT,2026-04-07,2026-07-06,0,0,0.00,0,20,0,D_RETIRE,UNREGISTERED_OR_PRIVATE,FUTURE_RETIREMENT_APPROVAL_REQUIRED,,NONE,docs/gsc/rerubsue_gsc_recovery_plan_2026-07-06.xlsx+NONE,Off-topic legacy niche (alcohol / pawn / home appliance) or thin archive
/category/ศรีสะเกษ/,UNKNOWN,ARCHIVE,archive,90_DAYS_PERFORMANCE_EXPORT,2026-04-07,2026-07-06,0,0,0.00,0,20,0,D_RETIRE,UNREGISTERED_OR_PRIVATE,FUTURE_RETIREMENT_APPROVAL_REQUIRED,,NONE,docs/gsc/rerubsue_gsc_recovery_plan_2026-07-06.xlsx+NONE,Off-topic legacy niche (alcohol / pawn / home appliance) or thin archive
/category/สินค้า-ไอที/,UNKNOWN,ARCHIVE,archive,90_DAYS_PERFORMANCE_EXPORT,2026-04-07,2026-07-06,0,0,0.00,0,20,0,D_RETIRE,UNREGISTERED_OR_PRIVATE,FUTURE_RETIREMENT_APPROVAL_REQUIRED,,NONE,docs/gsc/rerubsue_gsc_recovery_plan_2026-07-06.xlsx+NONE,Off-topic legacy niche (alcohol / pawn / home appliance) or thin archive
/category/โน๊ตบุ๊คมือสอง/,UNKNOWN,ARCHIVE,archive,90_DAYS_PERFORMANCE_EXPORT,2026-04-07,2026-07-06,0,0,0.00,0,20,0,D_RETIRE,UNREGISTERED_OR_PRIVATE,FUTURE_RETIREMENT_APPROVAL_REQUIRED,,NONE,docs/gsc/rerubsue_gsc_recovery_plan_2026-07-06.xlsx+NONE,Off-topic legacy niche (alcohol / pawn / home appliance) or thin archive
/category/โน๊ตบุ๊คมือสอง/feed/,UNKNOWN,ARCHIVE,archive,90_DAYS_PERFORMANCE_EXPORT,2026-04-07,2026-07-06,0,0,0.00,0,20,0,D_RETIRE,UNREGISTERED_OR_PRIVATE,FUTURE_RETIREMENT_APPROVAL_REQUIRED,,NONE,docs/gsc/rerubsue_gsc_recovery_plan_2026-07-06.xlsx+NONE,Off-topic legacy niche (alcohol / pawn / home appliance) or thin archive
/category/ไอที-มือถือ/,UNKNOWN,ARCHIVE,archive,90_DAYS_PERFORMANCE_EXPORT,2026-04-07,2026-07-06,0,0,0.00,0,20,0,D_RETIRE,UNREGISTERED_OR_PRIVATE,FUTURE_RETIREMENT_APPROVAL_REQUIRED,,NONE,docs/gsc/rerubsue_gsc_recovery_plan_2026-07-06.xlsx+NONE,Off-topic legacy niche (alcohol / pawn / home appliance) or thin archive
/fixcom-ubon/,UNKNOWN,OTHER,general,90_DAYS_PERFORMANCE_EXPORT,2026-04-07,2026-07-06,2,318,9.18,2,60,35,E_REVIEW,UNREGISTERED_OR_PRIVATE,OWNER_REVIEW_REQUIRED,,NONE,docs/gsc/rerubsue_gsc_recovery_plan_2026-07-06.xlsx+NONE,Residual historical traffic (2 clicks) requiring explicit stakeholder decision
/ipad-gen-9-มือสอง-ขายได้กี่บาท/,UNKNOWN,MONEY_HUB,ipad,UNKNOWN,,,,,,,10,85,D_RETIRE,UNREGISTERED_OR_PRIVATE,FUTURE_RETIREMENT_APPROVAL_REQUIRED,,NONE,NONE+NONE,Zero search equity thin duplicate post
/iphone-13-มือสอง-ขายได้กี่บาท/,iPhone 13 มือสองขายได้กี่บาท,MONEY_HUB,iphone,UNKNOWN,,,,,,,10,85,D_RETIRE,HOLD_NOINDEX_200,FUTURE_RETIREMENT_APPROVAL_REQUIRED,,,NONE+legacy-posts,Zero search equity thin duplicate post
/iphone-14-มือสอง-ขายได้กี่บาท/,iPhone 14 มือสองขายได้กี่บาท,MONEY_HUB,iphone,UNKNOWN,,,,,,,10,85,D_RETIRE,HOLD_NOINDEX_200,FUTURE_RETIREMENT_APPROVAL_REQUIRED,,,NONE+legacy-posts,Zero search equity thin duplicate post
/iphone-จอแตก-ขายได้ไหม/,UNKNOWN,MONEY_HUB,iphone,UNKNOWN,,,,,,,10,85,D_RETIRE,UNREGISTERED_OR_PRIVATE,FUTURE_RETIREMENT_APPROVAL_REQUIRED,,NONE,NONE+NONE,Zero search equity thin duplicate post
/iphone-ติด-icloud-ขายได้ไหม/,UNKNOWN,MONEY_HUB,iphone,UNKNOWN,,,,,,,10,85,D_RETIRE,UNREGISTERED_OR_PRIVATE,FUTURE_RETIREMENT_APPROVAL_REQUIRED,,NONE,NONE+NONE,Zero search equity thin duplicate post
/iphone-แบตเสื่อม-ขายได้ไหม/,UNKNOWN,MONEY_HUB,iphone,UNKNOWN,,,,,,,10,85,D_RETIRE,UNREGISTERED_OR_PRIVATE,FUTURE_RETIREMENT_APPROVAL_REQUIRED,,NONE,NONE+NONE,Zero search equity thin duplicate post
/legacy-รับซื้อ-macbook-pro-ขอนแก่น-1118/,รับซื้อ macbook pro ขอนแก่น,LOCAL_MONEY,macbook,UNKNOWN,,,,,,,10,85,D_RETIRE,UNREGISTERED_OR_PRIVATE,FUTURE_RETIREMENT_APPROVAL_REQUIRED,,NONE,NONE+NONE,Internal migration quarantine draft prefix
/legacy-รับซื้อกล้อง-ยโสธร-815/,UNKNOWN,LOCAL_MONEY,camera,UNKNOWN,,,,,,,30,85,C_301_CONSOLIDATE,ACTIVE_REDIRECT_301,MAINTAIN_ACTIVE_REDIRECT,/รับซื้อกล้อง-ยโสธร/,EXISTING_REDIRECT,NONE+redirects,Active migration redirect rule targeting /รับซื้อกล้อง-ยโสธร/
/legacy-รับซื้อคอม-สารคาม-845/,รับซื้อคอม สารคาม computer มหาสารคาม ให้ราคาสูงที่สุด,LOCAL_MONEY,computer,UNKNOWN,,,,,,,10,85,D_RETIRE,UNREGISTERED_OR_PRIVATE,FUTURE_RETIREMENT_APPROVAL_REQUIRED,,NONE,NONE+NONE,Internal migration quarantine draft prefix
/legacy-รับซื้อโน๊ตบุ๊ค-notebook-ยโสธร-801/,รับซื้อโน๊ตบุ๊ค notebook ยโสธร รับถึงที่ให้ราคาสูง,LOCAL_MONEY,notebook,UNKNOWN,,,,,,,10,85,D_RETIRE,UNREGISTERED_OR_PRIVATE,FUTURE_RETIREMENT_APPROVAL_REQUIRED,,NONE,NONE+NONE,Internal migration quarantine draft prefix
/legacy-รับซื้อโน๊ตบุ๊ค-บึงกาฬ-972/,รับซื้อโน๊ตบุ๊ค บึงกาฬ,MONEY_HUB,notebook,UNKNOWN,,,,,,,10,85,D_RETIRE,UNREGISTERED_OR_PRIVATE,FUTURE_RETIREMENT_APPROVAL_REQUIRED,,NONE,NONE+NONE,Internal migration quarantine draft prefix
/legacy-รับซื้อไอแพด-อุดรธานี-873/,รับซื้อไอแพด ipad ใกล้ฉัน อุดรธานี รับซื้อไอแพดอุดร ให้ราคาสูงที่สุด,LOCAL_MONEY,ipad,UNKNOWN,,,,,,,10,85,D_RETIRE,UNREGISTERED_OR_PRIVATE,FUTURE_RETIREMENT_APPROVAL_REQUIRED,,NONE,NONE+NONE,Internal migration quarantine draft prefix
/legacy-รับซื้อไอโฟน-มหาสารคาม-851/,UNKNOWN,LOCAL_MONEY,iphone,UNKNOWN,,,,,,,30,85,C_301_CONSOLIDATE,ACTIVE_REDIRECT_301,MAINTAIN_ACTIVE_REDIRECT,/รับซื้อไอโฟน-มหาสารคาม/,EXISTING_REDIRECT,NONE+redirects,Active migration redirect rule targeting /รับซื้อไอโฟน-มหาสารคาม/
/macbook-air-m1-มือสอง-ขายได้กี่บาท/,UNKNOWN,MONEY_HUB,macbook,UNKNOWN,,,,,,,10,85,D_RETIRE,UNREGISTERED_OR_PRIVATE,FUTURE_RETIREMENT_APPROVAL_REQUIRED,,NONE,NONE+NONE,Zero search equity thin duplicate post
/macbook-pro-m1-มือสอง-ขายได้กี่บาท/,UNKNOWN,MONEY_HUB,macbook,UNKNOWN,,,,,,,10,85,D_RETIRE,UNREGISTERED_OR_PRIVATE,FUTURE_RETIREMENT_APPROVAL_REQUIRED,,NONE,NONE+NONE,Zero search equity thin duplicate post
/macbook-เปิดไม่ติด-ขายได้ไหม/,MacBook เปิดไม่ติดขายได้ไหม,MONEY_HUB,macbook,UNKNOWN,,,,,,,10,85,D_RETIRE,HOLD_NOINDEX_200,FUTURE_RETIREMENT_APPROVAL_REQUIRED,,,NONE+legacy-posts,Zero search equity thin duplicate post
/macbook-แบตเสื่อม-ขายได้ไหม/,UNKNOWN,MONEY_HUB,macbook,UNKNOWN,,,,,,,10,85,D_RETIRE,UNREGISTERED_OR_PRIVATE,FUTURE_RETIREMENT_APPROVAL_REQUIRED,,NONE,NONE+NONE,Zero search equity thin duplicate post
/rab-sue-com/,UNKNOWN,OTHER,general,UNKNOWN,,,,,,,30,35,C_301_CONSOLIDATE,ACTIVE_REDIRECT_301,MAINTAIN_ACTIVE_REDIRECT,/รับซื้อคอม/,,NONE+redirects,Active migration redirect rule targeting /รับซื้อคอม/
/rab-sue-computer-chon-buri/,UNKNOWN,MONEY_HUB,computer,90_DAYS_PERFORMANCE_EXPORT,2026-04-07,2026-07-06,2,27,17.56,2,50,85,E_REVIEW,UNREGISTERED_OR_PRIVATE,OWNER_REVIEW_REQUIRED,,NONE,docs/gsc/rerubsue_gsc_recovery_plan_2026-07-06.xlsx+NONE,Residual historical traffic (2 clicks) requiring explicit stakeholder decision
/rab-sue-computer-chonburi/,UNKNOWN,MONEY_HUB,computer,UNKNOWN,,,,,,,10,85,D_RETIRE,UNREGISTERED_OR_PRIVATE,FUTURE_RETIREMENT_APPROVAL_REQUIRED,,NONE,NONE+NONE,Zero search equity thin duplicate post
/rab-sue-ipad/,UNKNOWN,MONEY_HUB,ipad,UNKNOWN,,,,,,,30,85,C_301_CONSOLIDATE,ACTIVE_REDIRECT_301,MAINTAIN_ACTIVE_REDIRECT,/รับซื้อไอแพด/,,NONE+redirects,Active migration redirect rule targeting /รับซื้อไอแพด/
/rab-sue-iphone/,UNKNOWN,MONEY_HUB,iphone,UNKNOWN,,,,,,,30,85,C_301_CONSOLIDATE,ACTIVE_REDIRECT_301,MAINTAIN_ACTIVE_REDIRECT,/รับซื้อไอโฟน/,,NONE+redirects,Active migration redirect rule targeting /รับซื้อไอโฟน/
/rab-sue-klong/,UNKNOWN,OTHER,general,UNKNOWN,,,,,,,30,35,C_301_CONSOLIDATE,ACTIVE_REDIRECT_301,MAINTAIN_ACTIVE_REDIRECT,/รับซื้อกล้อง/,,NONE+redirects,Active migration redirect rule targeting /รับซื้อกล้อง/
/rab-sue-klung-mueang-song-phuket/,UNKNOWN,OTHER,general,UNKNOWN,,,,,,,10,35,D_RETIRE,UNREGISTERED_OR_PRIVATE,FUTURE_RETIREMENT_APPROVAL_REQUIRED,,NONE,NONE+NONE,Zero search equity thin duplicate post
/rab-sue-kompyuter-bangkok/,UNKNOWN,OTHER,general,UNKNOWN,,,,,,,10,35,D_RETIRE,UNREGISTERED_OR_PRIVATE,FUTURE_RETIREMENT_APPROVAL_REQUIRED,,NONE,NONE+NONE,Zero search equity thin duplicate post
/rab-sue-lamphong/,UNKNOWN,OTHER,general,UNKNOWN,,,,,,,30,35,C_301_CONSOLIDATE,ACTIVE_REDIRECT_301,MAINTAIN_ACTIVE_REDIRECT,/รับซื้อลำโพง/,,NONE+redirects,Active migration redirect rule targeting /รับซื้อลำโพง/
/rab-sue-macbook/,UNKNOWN,MONEY_HUB,macbook,UNKNOWN,,,,,,,30,85,C_301_CONSOLIDATE,ACTIVE_REDIRECT_301,MAINTAIN_ACTIVE_REDIRECT,/รับซื้อแมคบุ๊ค/,,NONE+redirects,Active migration redirect rule targeting /รับซื้อแมคบุ๊ค/
/rab-sue-notebook-asus-bangkok-2/,UNKNOWN,MONEY_HUB,notebook,UNKNOWN,,,,,,,10,85,D_RETIRE,UNREGISTERED_OR_PRIVATE,FUTURE_RETIREMENT_APPROVAL_REQUIRED,,NONE,NONE+NONE,Zero search equity thin duplicate post
/rab-sue-notebook-bangkok/,รับซื้อโน๊ตบุ๊ค กรุงเทพฯ,MONEY_HUB,notebook,UNKNOWN,,,,,,,10,85,D_RETIRE,HOLD_NOINDEX_200,FUTURE_RETIREMENT_APPROVAL_REQUIRED,,,NONE+legacy-posts,Zero search equity thin duplicate post
/rab-sue-notebook-chon-buri/,UNKNOWN,MONEY_HUB,notebook,UNKNOWN,,,,,,,10,85,D_RETIRE,UNREGISTERED_OR_PRIVATE,FUTURE_RETIREMENT_APPROVAL_REQUIRED,,NONE,NONE+NONE,Zero search equity thin duplicate post
/rab-sue-notebook-chonburi-2/,รับซื้อโน๊ตบุ๊ค ชลบุรี: ราคายุติธรรม เคลื่อนไหวรวดเร็ว พร้อมบริการครบวงจร,MONEY_HUB,notebook,UNKNOWN,,,,,,,10,85,D_RETIRE,HOLD_NOINDEX_200,FUTURE_RETIREMENT_APPROVAL_REQUIRED,,,NONE+legacy-posts,Zero search equity thin duplicate post
/rab-sue-notebook-chonburi/,UNKNOWN,MONEY_HUB,notebook,UNKNOWN,,,,,,,10,85,D_RETIRE,UNREGISTERED_OR_PRIVATE,FUTURE_RETIREMENT_APPROVAL_REQUIRED,,NONE,NONE+NONE,Zero search equity thin duplicate post
/rab-sue-notebook-hp-pathum-thani/,UNKNOWN,MONEY_HUB,notebook,UNKNOWN,,,,,,,10,85,D_RETIRE,UNREGISTERED_OR_PRIVATE,FUTURE_RETIREMENT_APPROVAL_REQUIRED,,NONE,NONE+NONE,Zero search equity thin duplicate post
/rab-sue-notebook-krungthep/,UNKNOWN,MONEY_HUB,notebook,UNKNOWN,,,,,,,10,85,D_RETIRE,UNREGISTERED_OR_PRIVATE,FUTURE_RETIREMENT_APPROVAL_REQUIRED,,NONE,NONE+NONE,Zero search equity thin duplicate post
/rab-sue-notebook-mue-song-thi-nakhon-ratchasima/,UNKNOWN,MONEY_HUB,notebook,UNKNOWN,,,,,,,10,85,D_RETIRE,UNREGISTERED_OR_PRIVATE,FUTURE_RETIREMENT_APPROVAL_REQUIRED,,NONE,NONE+NONE,Zero search equity thin duplicate post
/rab-sue-notebook-mue-song-thi-nakhon-ratchasima/feed/,UNKNOWN,ARCHIVE,archive,90_DAYS_PERFORMANCE_EXPORT,2026-04-07,2026-07-06,0,0,0.00,0,20,0,D_RETIRE,UNREGISTERED_OR_PRIVATE,FUTURE_RETIREMENT_APPROVAL_REQUIRED,,NONE,docs/gsc/rerubsue_gsc_recovery_plan_2026-07-06.xlsx+NONE,Off-topic legacy niche (alcohol / pawn / home appliance) or thin archive
/rab-sue-notebook/,UNKNOWN,MONEY_HUB,notebook,UNKNOWN,,,,,,,30,85,C_301_CONSOLIDATE,ACTIVE_REDIRECT_301,MAINTAIN_ACTIVE_REDIRECT,/รับซื้อโน๊ตบุ๊ค/,,NONE+redirects,Active migration redirect rule targeting /รับซื้อโน๊ตบุ๊ค/
/rab-sue/,UNKNOWN,OTHER,general,UNKNOWN,,,,,,,30,35,C_301_CONSOLIDATE,ACTIVE_REDIRECT_301,MAINTAIN_ACTIVE_REDIRECT,/รับซื้อ/,,NONE+redirects,Active migration redirect rule targeting /รับซื้อ/
/tag/fujifilm-x-a10/,UNKNOWN,ARCHIVE,archive,90_DAYS_PERFORMANCE_EXPORT,2026-04-07,2026-07-06,0,0,0.00,0,20,0,D_RETIRE,UNREGISTERED_OR_PRIVATE,FUTURE_RETIREMENT_APPROVAL_REQUIRED,,NONE,docs/gsc/rerubsue_gsc_recovery_plan_2026-07-06.xlsx+NONE,Off-topic legacy niche (alcohol / pawn / home appliance) or thin archive
/tag/fujifilm-x-a3/,UNKNOWN,ARCHIVE,archive,90_DAYS_PERFORMANCE_EXPORT,2026-04-07,2026-07-06,0,0,0.00,0,20,0,D_RETIRE,UNREGISTERED_OR_PRIVATE,FUTURE_RETIREMENT_APPROVAL_REQUIRED,,NONE,docs/gsc/rerubsue_gsc_recovery_plan_2026-07-06.xlsx+NONE,Off-topic legacy niche (alcohol / pawn / home appliance) or thin archive
/tag/fujifilm-x-pro-3/,UNKNOWN,ARCHIVE,archive,90_DAYS_PERFORMANCE_EXPORT,2026-04-07,2026-07-06,0,0,0.00,0,20,0,D_RETIRE,UNREGISTERED_OR_PRIVATE,FUTURE_RETIREMENT_APPROVAL_REQUIRED,,NONE,docs/gsc/rerubsue_gsc_recovery_plan_2026-07-06.xlsx+NONE,Off-topic legacy niche (alcohol / pawn / home appliance) or thin archive
/tag/กล้องดิจิตอลมือสอง/,UNKNOWN,ARCHIVE,archive,90_DAYS_PERFORMANCE_EXPORT,2026-04-07,2026-07-06,0,0,0.00,0,20,0,D_RETIRE,UNREGISTERED_OR_PRIVATE,FUTURE_RETIREMENT_APPROVAL_REQUIRED,,NONE,docs/gsc/rerubsue_gsc_recovery_plan_2026-07-06.xlsx+NONE,Off-topic legacy niche (alcohol / pawn / home appliance) or thin archive
/tag/กล้องดิจิตอลมือสอง/page/2/,UNKNOWN,ARCHIVE,archive,90_DAYS_PERFORMANCE_EXPORT,2026-04-07,2026-07-06,0,0,0.00,0,20,0,D_RETIRE,UNREGISTERED_OR_PRIVATE,FUTURE_RETIREMENT_APPROVAL_REQUIRED,,NONE,docs/gsc/rerubsue_gsc_recovery_plan_2026-07-06.xlsx+NONE,Off-topic legacy niche (alcohol / pawn / home appliance) or thin archive
/tag/กล้องเลนส์มือสอง/,UNKNOWN,ARCHIVE,archive,90_DAYS_PERFORMANCE_EXPORT,2026-04-07,2026-07-06,0,0,0.00,0,20,0,D_RETIRE,UNREGISTERED_OR_PRIVATE,FUTURE_RETIREMENT_APPROVAL_REQUIRED,,NONE,docs/gsc/rerubsue_gsc_recovery_plan_2026-07-06.xlsx+NONE,Off-topic legacy niche (alcohol / pawn / home appliance) or thin archive
/tag/กล้องเลนส์มือสอง/feed/,UNKNOWN,ARCHIVE,archive,90_DAYS_PERFORMANCE_EXPORT,2026-04-07,2026-07-06,0,0,0.00,0,20,0,D_RETIRE,UNREGISTERED_OR_PRIVATE,FUTURE_RETIREMENT_APPROVAL_REQUIRED,,NONE,docs/gsc/rerubsue_gsc_recovery_plan_2026-07-06.xlsx+NONE,Off-topic legacy niche (alcohol / pawn / home appliance) or thin archive
/tag/กล้องเลนส์มือสอง/page/2/,UNKNOWN,ARCHIVE,archive,90_DAYS_PERFORMANCE_EXPORT,2026-04-07,2026-07-06,0,0,0.00,0,20,0,D_RETIRE,UNREGISTERED_OR_PRIVATE,FUTURE_RETIREMENT_APPROVAL_REQUIRED,,NONE,docs/gsc/rerubsue_gsc_recovery_plan_2026-07-06.xlsx+NONE,Off-topic legacy niche (alcohol / pawn / home appliance) or thin archive
/tag/กาฬสินธุ์/,UNKNOWN,ARCHIVE,archive,90_DAYS_PERFORMANCE_EXPORT,2026-04-07,2026-07-06,0,0,0.00,0,20,0,D_RETIRE,UNREGISTERED_OR_PRIVATE,FUTURE_RETIREMENT_APPROVAL_REQUIRED,,NONE,docs/gsc/rerubsue_gsc_recovery_plan_2026-07-06.xlsx+NONE,Off-topic legacy niche (alcohol / pawn / home appliance) or thin archive
/tag/กุดชุม/,UNKNOWN,ARCHIVE,archive,90_DAYS_PERFORMANCE_EXPORT,2026-04-07,2026-07-06,0,0,0.00,0,20,0,D_RETIRE,UNREGISTERED_OR_PRIVATE,FUTURE_RETIREMENT_APPROVAL_REQUIRED,,NONE,docs/gsc/rerubsue_gsc_recovery_plan_2026-07-06.xlsx+NONE,Off-topic legacy niche (alcohol / pawn / home appliance) or thin archive
/tag/ขอนแก่น/,UNKNOWN,ARCHIVE,archive,90_DAYS_PERFORMANCE_EXPORT,2026-04-07,2026-07-06,0,0,0.00,0,20,0,D_RETIRE,UNREGISTERED_OR_PRIVATE,FUTURE_RETIREMENT_APPROVAL_REQUIRED,,NONE,docs/gsc/rerubsue_gsc_recovery_plan_2026-07-06.xlsx+NONE,Off-topic legacy niche (alcohol / pawn / home appliance) or thin archive
/tag/ขาย-apple-watch-มือสอง/,UNKNOWN,ARCHIVE,archive,90_DAYS_PERFORMANCE_EXPORT,2026-04-07,2026-07-06,0,0,0.00,0,20,0,D_RETIRE,UNREGISTERED_OR_PRIVATE,FUTURE_RETIREMENT_APPROVAL_REQUIRED,,NONE,docs/gsc/rerubsue_gsc_recovery_plan_2026-07-06.xlsx+NONE,Off-topic legacy niche (alcohol / pawn / home appliance) or thin archive
/tag/ขายวิสกี้/,UNKNOWN,ARCHIVE,archive,90_DAYS_PERFORMANCE_EXPORT,2026-04-07,2026-07-06,0,0,0.00,0,20,0,D_RETIRE,UNREGISTERED_OR_PRIVATE,FUTURE_RETIREMENT_APPROVAL_REQUIRED,,NONE,docs/gsc/rerubsue_gsc_recovery_plan_2026-07-06.xlsx+NONE,Off-topic legacy niche (alcohol / pawn / home appliance) or thin archive
/tag/ขายวิสกี้/page/2/,UNKNOWN,ARCHIVE,archive,90_DAYS_PERFORMANCE_EXPORT,2026-04-07,2026-07-06,0,0,0.00,0,20,0,D_RETIRE,UNREGISTERED_OR_PRIVATE,FUTURE_RETIREMENT_APPROVAL_REQUIRED,,NONE,docs/gsc/rerubsue_gsc_recovery_plan_2026-07-06.xlsx+NONE,Off-topic legacy niche (alcohol / pawn / home appliance) or thin archive
/tag/ขายวิสกี้/page/4/,UNKNOWN,ARCHIVE,archive,90_DAYS_PERFORMANCE_EXPORT,2026-04-07,2026-07-06,0,0,0.00,0,20,0,D_RETIRE,UNREGISTERED_OR_PRIVATE,FUTURE_RETIREMENT_APPROVAL_REQUIRED,,NONE,docs/gsc/rerubsue_gsc_recovery_plan_2026-07-06.xlsx+NONE,Off-topic legacy niche (alcohol / pawn / home appliance) or thin archive
/tag/ขายวิสกี้/page/7/,UNKNOWN,ARCHIVE,archive,90_DAYS_PERFORMANCE_EXPORT,2026-04-07,2026-07-06,0,0,0.00,0,20,0,D_RETIRE,UNREGISTERED_OR_PRIVATE,FUTURE_RETIREMENT_APPROVAL_REQUIRED,,NONE,docs/gsc/rerubsue_gsc_recovery_plan_2026-07-06.xlsx+NONE,Off-topic legacy niche (alcohol / pawn / home appliance) or thin archive
/tag/ขายเหล้า/,UNKNOWN,ARCHIVE,archive,90_DAYS_PERFORMANCE_EXPORT,2026-04-07,2026-07-06,0,2,7.00,0,30,0,D_RETIRE,UNREGISTERED_OR_PRIVATE,FUTURE_RETIREMENT_APPROVAL_REQUIRED,,NONE,docs/gsc/rerubsue_gsc_recovery_plan_2026-07-06.xlsx+NONE,Off-topic legacy niche (alcohol / pawn / home appliance) or thin archive
/tag/ขายเหล้า/page/3/,UNKNOWN,ARCHIVE,archive,90_DAYS_PERFORMANCE_EXPORT,2026-04-07,2026-07-06,0,0,0.00,0,20,0,D_RETIRE,UNREGISTERED_OR_PRIVATE,FUTURE_RETIREMENT_APPROVAL_REQUIRED,,NONE,docs/gsc/rerubsue_gsc_recovery_plan_2026-07-06.xlsx+NONE,Off-topic legacy niche (alcohol / pawn / home appliance) or thin archive
/tag/ขายเหล้า/page/4/,UNKNOWN,ARCHIVE,archive,90_DAYS_PERFORMANCE_EXPORT,2026-04-07,2026-07-06,0,0,0.00,0,20,0,D_RETIRE,UNREGISTERED_OR_PRIVATE,FUTURE_RETIREMENT_APPROVAL_REQUIRED,,NONE,docs/gsc/rerubsue_gsc_recovery_plan_2026-07-06.xlsx+NONE,Off-topic legacy niche (alcohol / pawn / home appliance) or thin archive
/tag/ขายเหล้า/page/5/,UNKNOWN,ARCHIVE,archive,90_DAYS_PERFORMANCE_EXPORT,2026-04-07,2026-07-06,0,0,0.00,0,20,0,D_RETIRE,UNREGISTERED_OR_PRIVATE,FUTURE_RETIREMENT_APPROVAL_REQUIRED,,NONE,docs/gsc/rerubsue_gsc_recovery_plan_2026-07-06.xlsx+NONE,Off-topic legacy niche (alcohol / pawn / home appliance) or thin archive
/tag/ขายเหล้า/page/7/,UNKNOWN,ARCHIVE,archive,90_DAYS_PERFORMANCE_EXPORT,2026-04-07,2026-07-06,0,0,0.00,0,20,0,D_RETIRE,UNREGISTERED_OR_PRIVATE,FUTURE_RETIREMENT_APPROVAL_REQUIRED,,NONE,docs/gsc/rerubsue_gsc_recovery_plan_2026-07-06.xlsx+NONE,Off-topic legacy niche (alcohol / pawn / home appliance) or thin archive
/tag/ขายไวน์/,UNKNOWN,ARCHIVE,archive,90_DAYS_PERFORMANCE_EXPORT,2026-04-07,2026-07-06,0,0,0.00,0,20,0,D_RETIRE,UNREGISTERED_OR_PRIVATE,FUTURE_RETIREMENT_APPROVAL_REQUIRED,,NONE,docs/gsc/rerubsue_gsc_recovery_plan_2026-07-06.xlsx+NONE,Off-topic legacy niche (alcohol / pawn / home appliance) or thin archive
/tag/ขายไวน์/page/2/,UNKNOWN,ARCHIVE,archive,90_DAYS_PERFORMANCE_EXPORT,2026-04-07,2026-07-06,0,0,0.00,0,20,0,D_RETIRE,UNREGISTERED_OR_PRIVATE,FUTURE_RETIREMENT_APPROVAL_REQUIRED,,NONE,docs/gsc/rerubsue_gsc_recovery_plan_2026-07-06.xlsx+NONE,Off-topic legacy niche (alcohol / pawn / home appliance) or thin archive
/tag/ขายไวน์/page/4/,UNKNOWN,ARCHIVE,archive,90_DAYS_PERFORMANCE_EXPORT,2026-04-07,2026-07-06,0,0,0.00,0,20,0,D_RETIRE,UNREGISTERED_OR_PRIVATE,FUTURE_RETIREMENT_APPROVAL_REQUIRED,,NONE,docs/gsc/rerubsue_gsc_recovery_plan_2026-07-06.xlsx+NONE,Off-topic legacy niche (alcohol / pawn / home appliance) or thin archive
/tag/ขายไวน์/page/6/,UNKNOWN,ARCHIVE,archive,90_DAYS_PERFORMANCE_EXPORT,2026-04-07,2026-07-06,0,0,0.00,0,20,0,D_RETIRE,UNREGISTERED_OR_PRIVATE,FUTURE_RETIREMENT_APPROVAL_REQUIRED,,NONE,docs/gsc/rerubsue_gsc_recovery_plan_2026-07-06.xlsx+NONE,Off-topic legacy niche (alcohol / pawn / home appliance) or thin archive
/tag/ขายไวน์/page/7/,UNKNOWN,ARCHIVE,archive,90_DAYS_PERFORMANCE_EXPORT,2026-04-07,2026-07-06,0,0,0.00,0,20,0,D_RETIRE,UNREGISTERED_OR_PRIVATE,FUTURE_RETIREMENT_APPROVAL_REQUIRED,,NONE,docs/gsc/rerubsue_gsc_recovery_plan_2026-07-06.xlsx+NONE,Off-topic legacy niche (alcohol / pawn / home appliance) or thin archive
/tag/คอมหลุดจำนำอุบล/,UNKNOWN,ARCHIVE,archive,90_DAYS_PERFORMANCE_EXPORT,2026-04-07,2026-07-06,0,0,0.00,0,20,0,D_RETIRE,UNREGISTERED_OR_PRIVATE,FUTURE_RETIREMENT_APPROVAL_REQUIRED,,NONE,docs/gsc/rerubsue_gsc_recovery_plan_2026-07-06.xlsx+NONE,Off-topic legacy niche (alcohol / pawn / home appliance) or thin archive
/tag/จำนองที่ดินจังหวัดอุบล/,UNKNOWN,ARCHIVE,archive,90_DAYS_PERFORMANCE_EXPORT,2026-04-07,2026-07-06,0,0,0.00,0,20,0,D_RETIRE,UNREGISTERED_OR_PRIVATE,FUTURE_RETIREMENT_APPROVAL_REQUIRED,,NONE,docs/gsc/rerubsue_gsc_recovery_plan_2026-07-06.xlsx+NONE,Off-topic legacy niche (alcohol / pawn / home appliance) or thin archive
/tag/จำนำ-notebook-acer-ยโสธร/,UNKNOWN,ARCHIVE,archive,90_DAYS_PERFORMANCE_EXPORT,2026-04-07,2026-07-06,0,0,0.00,0,20,0,D_RETIRE,UNREGISTERED_OR_PRIVATE,FUTURE_RETIREMENT_APPROVAL_REQUIRED,,NONE,docs/gsc/rerubsue_gsc_recovery_plan_2026-07-06.xlsx+NONE,Off-topic legacy niche (alcohol / pawn / home appliance) or thin archive
/tag/จำนำ-notebook-asus-ยโสธร/,UNKNOWN,ARCHIVE,archive,90_DAYS_PERFORMANCE_EXPORT,2026-04-07,2026-07-06,0,0,0.00,0,20,0,D_RETIRE,UNREGISTERED_OR_PRIVATE,FUTURE_RETIREMENT_APPROVAL_REQUIRED,,NONE,docs/gsc/rerubsue_gsc_recovery_plan_2026-07-06.xlsx+NONE,Off-topic legacy niche (alcohol / pawn / home appliance) or thin archive
/tag/จำนำ-notebook-hp-ยโสธร/,UNKNOWN,ARCHIVE,archive,90_DAYS_PERFORMANCE_EXPORT,2026-04-07,2026-07-06,0,0,0.00,0,20,0,D_RETIRE,UNREGISTERED_OR_PRIVATE,FUTURE_RETIREMENT_APPROVAL_REQUIRED,,NONE,docs/gsc/rerubsue_gsc_recovery_plan_2026-07-06.xlsx+NONE,Off-topic legacy niche (alcohol / pawn / home appliance) or thin archive
/tag/จำนำiphone15-pro/,UNKNOWN,ARCHIVE,archive,90_DAYS_PERFORMANCE_EXPORT,2026-04-07,2026-07-06,0,0,0.00,0,20,0,D_RETIRE,UNREGISTERED_OR_PRIVATE,FUTURE_RETIREMENT_APPROVAL_REQUIRED,,NONE,docs/gsc/rerubsue_gsc_recovery_plan_2026-07-06.xlsx+NONE,Off-topic legacy niche (alcohol / pawn / home appliance) or thin archive
/tag/จำนำiphone15/,UNKNOWN,ARCHIVE,archive,90_DAYS_PERFORMANCE_EXPORT,2026-04-07,2026-07-06,0,0,0.00,0,20,0,D_RETIRE,UNREGISTERED_OR_PRIVATE,FUTURE_RETIREMENT_APPROVAL_REQUIRED,,NONE,docs/gsc/rerubsue_gsc_recovery_plan_2026-07-06.xlsx+NONE,Off-topic legacy niche (alcohol / pawn / home appliance) or thin archive
/tag/จำนำของมือสองยโสธร/,UNKNOWN,ARCHIVE,archive,90_DAYS_PERFORMANCE_EXPORT,2026-04-07,2026-07-06,0,0,0.00,0,20,0,D_RETIRE,UNREGISTERED_OR_PRIVATE,FUTURE_RETIREMENT_APPROVAL_REQUIRED,,NONE,docs/gsc/rerubsue_gsc_recovery_plan_2026-07-06.xlsx+NONE,Off-topic legacy niche (alcohol / pawn / home appliance) or thin archive
/tag/จำนำโทรศัพท์-อำเภอกุดข้/,UNKNOWN,ARCHIVE,archive,90_DAYS_PERFORMANCE_EXPORT,2026-04-07,2026-07-06,0,9,6.67,0,30,0,D_RETIRE,UNREGISTERED_OR_PRIVATE,FUTURE_RETIREMENT_APPROVAL_REQUIRED,,NONE,docs/gsc/rerubsue_gsc_recovery_plan_2026-07-06.xlsx+NONE,Off-topic legacy niche (alcohol / pawn / home appliance) or thin archive
/tag/จำนำโทรศัพท์-อำเภอดอนมด/,UNKNOWN,ARCHIVE,archive,90_DAYS_PERFORMANCE_EXPORT,2026-04-07,2026-07-06,0,0,0.00,0,20,0,D_RETIRE,UNREGISTERED_OR_PRIVATE,FUTURE_RETIREMENT_APPROVAL_REQUIRED,,NONE,docs/gsc/rerubsue_gsc_recovery_plan_2026-07-06.xlsx+NONE,Off-topic legacy niche (alcohol / pawn / home appliance) or thin archive
/tag/จำนำโทรศัพท์-อำเภอตระกา/,UNKNOWN,ARCHIVE,archive,90_DAYS_PERFORMANCE_EXPORT,2026-04-07,2026-07-06,0,7,9.43,0,30,0,D_RETIRE,UNREGISTERED_OR_PRIVATE,FUTURE_RETIREMENT_APPROVAL_REQUIRED,,NONE,docs/gsc/rerubsue_gsc_recovery_plan_2026-07-06.xlsx+NONE,Off-topic legacy niche (alcohol / pawn / home appliance) or thin archive
/tag/จำนำโทรศัพท์-อำเภอตาลสุ/,UNKNOWN,ARCHIVE,archive,90_DAYS_PERFORMANCE_EXPORT,2026-04-07,2026-07-06,0,5,9.40,0,30,0,D_RETIRE,UNREGISTERED_OR_PRIVATE,FUTURE_RETIREMENT_APPROVAL_REQUIRED,,NONE,docs/gsc/rerubsue_gsc_recovery_plan_2026-07-06.xlsx+NONE,Off-topic legacy niche (alcohol / pawn / home appliance) or thin archive
/tag/จำนำโทรศัพท์-อำเภอทุ่งศ/,UNKNOWN,ARCHIVE,archive,90_DAYS_PERFORMANCE_EXPORT,2026-04-07,2026-07-06,0,2,8.50,0,30,0,D_RETIRE,UNREGISTERED_OR_PRIVATE,FUTURE_RETIREMENT_APPROVAL_REQUIRED,,NONE,docs/gsc/rerubsue_gsc_recovery_plan_2026-07-06.xlsx+NONE,Off-topic legacy niche (alcohol / pawn / home appliance) or thin archive
/tag/จำนำโทรศัพท์-อำเภอนาจะห/,UNKNOWN,ARCHIVE,archive,90_DAYS_PERFORMANCE_EXPORT,2026-04-07,2026-07-06,0,0,0.00,0,20,0,D_RETIRE,UNREGISTERED_OR_PRIVATE,FUTURE_RETIREMENT_APPROVAL_REQUIRED,,NONE,docs/gsc/rerubsue_gsc_recovery_plan_2026-07-06.xlsx+NONE,Off-topic legacy niche (alcohol / pawn / home appliance) or thin archive
/tag/จำนำโทรศัพท์-อำเภอนาตาล/,UNKNOWN,ARCHIVE,archive,90_DAYS_PERFORMANCE_EXPORT,2026-04-07,2026-07-06,0,0,0.00,0,20,0,D_RETIRE,UNREGISTERED_OR_PRIVATE,FUTURE_RETIREMENT_APPROVAL_REQUIRED,,NONE,docs/gsc/rerubsue_gsc_recovery_plan_2026-07-06.xlsx+NONE,Off-topic legacy niche (alcohol / pawn / home appliance) or thin archive
/tag/จำนำโทรศัพท์-อำเภอศรีเม/,UNKNOWN,ARCHIVE,archive,90_DAYS_PERFORMANCE_EXPORT,2026-04-07,2026-07-06,0,1,9.00,0,30,0,D_RETIRE,UNREGISTERED_OR_PRIVATE,FUTURE_RETIREMENT_APPROVAL_REQUIRED,,NONE,docs/gsc/rerubsue_gsc_recovery_plan_2026-07-06.xlsx+NONE,Off-topic legacy niche (alcohol / pawn / home appliance) or thin archive
/tag/จำนำโทรศัพท์-อำเภอสิริน/,UNKNOWN,ARCHIVE,archive,90_DAYS_PERFORMANCE_EXPORT,2026-04-07,2026-07-06,0,0,0.00,0,20,0,D_RETIRE,UNREGISTERED_OR_PRIVATE,FUTURE_RETIREMENT_APPROVAL_REQUIRED,,NONE,docs/gsc/rerubsue_gsc_recovery_plan_2026-07-06.xlsx+NONE,Off-topic legacy niche (alcohol / pawn / home appliance) or thin archive
/tag/จำนำโทรศัพท์-อำเภอเขมรา/,UNKNOWN,ARCHIVE,archive,90_DAYS_PERFORMANCE_EXPORT,2026-04-07,2026-07-06,0,4,7.00,0,30,0,D_RETIRE,UNREGISTERED_OR_PRIVATE,FUTURE_RETIREMENT_APPROVAL_REQUIRED,,NONE,docs/gsc/rerubsue_gsc_recovery_plan_2026-07-06.xlsx+NONE,Off-topic legacy niche (alcohol / pawn / home appliance) or thin archive
/tag/จำนำโทรศัพท์-อำเภอเขื่อ/,UNKNOWN,ARCHIVE,archive,90_DAYS_PERFORMANCE_EXPORT,2026-04-07,2026-07-06,1,3,5.33,1,60,0,D_RETIRE,UNREGISTERED_OR_PRIVATE,FUTURE_RETIREMENT_APPROVAL_REQUIRED,,NONE,docs/gsc/rerubsue_gsc_recovery_plan_2026-07-06.xlsx+NONE,Off-topic legacy niche (alcohol / pawn / home appliance) or thin archive
/tag/จำนำโทรศัพท์-อำเภอโขงเจ/,UNKNOWN,ARCHIVE,archive,90_DAYS_PERFORMANCE_EXPORT,2026-04-07,2026-07-06,0,0,0.00,0,20,0,D_RETIRE,UNREGISTERED_OR_PRIVATE,FUTURE_RETIREMENT_APPROVAL_REQUIRED,,NONE,docs/gsc/rerubsue_gsc_recovery_plan_2026-07-06.xlsx+NONE,Off-topic legacy niche (alcohol / pawn / home appliance) or thin archive
/tag/จำนำในอุบล/,UNKNOWN,ARCHIVE,archive,90_DAYS_PERFORMANCE_EXPORT,2026-04-07,2026-07-06,0,0,0.00,0,20,0,D_RETIRE,UNREGISTERED_OR_PRIVATE,FUTURE_RETIREMENT_APPROVAL_REQUIRED,,NONE,docs/gsc/rerubsue_gsc_recovery_plan_2026-07-06.xlsx+NONE,Off-topic legacy niche (alcohol / pawn / home appliance) or thin archive
/tag/นครพนม/,UNKNOWN,ARCHIVE,archive,90_DAYS_PERFORMANCE_EXPORT,2026-04-07,2026-07-06,0,0,0.00,0,20,0,D_RETIRE,UNREGISTERED_OR_PRIVATE,FUTURE_RETIREMENT_APPROVAL_REQUIRED,,NONE,docs/gsc/rerubsue_gsc_recovery_plan_2026-07-06.xlsx+NONE,Off-topic legacy niche (alcohol / pawn / home appliance) or thin archive
/tag/บริการรับซื้อกล้องมือส/,UNKNOWN,ARCHIVE,archive,90_DAYS_PERFORMANCE_EXPORT,2026-04-07,2026-07-06,0,0,0.00,0,20,0,D_RETIRE,UNREGISTERED_OR_PRIVATE,FUTURE_RETIREMENT_APPROVAL_REQUIRED,,NONE,docs/gsc/rerubsue_gsc_recovery_plan_2026-07-06.xlsx+NONE,Off-topic legacy niche (alcohol / pawn / home appliance) or thin archive
/tag/ปากช่อง/,UNKNOWN,ARCHIVE,archive,90_DAYS_PERFORMANCE_EXPORT,2026-04-07,2026-07-06,0,0,0.00,0,20,0,D_RETIRE,UNREGISTERED_OR_PRIVATE,FUTURE_RETIREMENT_APPROVAL_REQUIRED,,NONE,docs/gsc/rerubsue_gsc_recovery_plan_2026-07-06.xlsx+NONE,Off-topic legacy niche (alcohol / pawn / home appliance) or thin archive
/tag/ป่าติ้ว/,UNKNOWN,ARCHIVE,archive,90_DAYS_PERFORMANCE_EXPORT,2026-04-07,2026-07-06,0,0,0.00,0,20,0,D_RETIRE,UNREGISTERED_OR_PRIVATE,FUTURE_RETIREMENT_APPROVAL_REQUIRED,,NONE,docs/gsc/rerubsue_gsc_recovery_plan_2026-07-06.xlsx+NONE,Off-topic legacy niche (alcohol / pawn / home appliance) or thin archive
/tag/มือถือ-มือสอง-อำเภอดอนมด/,UNKNOWN,ARCHIVE,archive,90_DAYS_PERFORMANCE_EXPORT,2026-04-07,2026-07-06,0,0,0.00,0,20,0,D_RETIRE,UNREGISTERED_OR_PRIVATE,FUTURE_RETIREMENT_APPROVAL_REQUIRED,,NONE,docs/gsc/rerubsue_gsc_recovery_plan_2026-07-06.xlsx+NONE,Off-topic legacy niche (alcohol / pawn / home appliance) or thin archive
/tag/มือถือ-มือสอง-อำเภอตระกา/,UNKNOWN,ARCHIVE,archive,90_DAYS_PERFORMANCE_EXPORT,2026-04-07,2026-07-06,0,3,6.33,0,30,0,D_RETIRE,UNREGISTERED_OR_PRIVATE,FUTURE_RETIREMENT_APPROVAL_REQUIRED,,NONE,docs/gsc/rerubsue_gsc_recovery_plan_2026-07-06.xlsx+NONE,Off-topic legacy niche (alcohol / pawn / home appliance) or thin archive
/tag/มือถือ-มือสอง-อำเภอน้ำขุ/,UNKNOWN,ARCHIVE,archive,90_DAYS_PERFORMANCE_EXPORT,2026-04-07,2026-07-06,0,0,0.00,0,20,0,D_RETIRE,UNREGISTERED_OR_PRIVATE,FUTURE_RETIREMENT_APPROVAL_REQUIRED,,NONE,docs/gsc/rerubsue_gsc_recovery_plan_2026-07-06.xlsx+NONE,Off-topic legacy niche (alcohol / pawn / home appliance) or thin archive
/tag/มือถือ-มือสอง-อำเภอน้ำยื/,UNKNOWN,ARCHIVE,archive,90_DAYS_PERFORMANCE_EXPORT,2026-04-07,2026-07-06,0,0,0.00,0,20,0,D_RETIRE,UNREGISTERED_OR_PRIVATE,FUTURE_RETIREMENT_APPROVAL_REQUIRED,,NONE,docs/gsc/rerubsue_gsc_recovery_plan_2026-07-06.xlsx+NONE,Off-topic legacy niche (alcohol / pawn / home appliance) or thin archive
/tag/มือถือ-มือสอง-อำเภอบุณฑร/,UNKNOWN,ARCHIVE,archive,90_DAYS_PERFORMANCE_EXPORT,2026-04-07,2026-07-06,0,1,9.00,0,30,0,D_RETIRE,UNREGISTERED_OR_PRIVATE,FUTURE_RETIREMENT_APPROVAL_REQUIRED,,NONE,docs/gsc/rerubsue_gsc_recovery_plan_2026-07-06.xlsx+NONE,Off-topic legacy niche (alcohol / pawn / home appliance) or thin archive
/tag/มือถือ-มือสอง-อำเภอสำโรง/,UNKNOWN,ARCHIVE,archive,90_DAYS_PERFORMANCE_EXPORT,2026-04-07,2026-07-06,0,0,0.00,0,20,0,D_RETIRE,UNREGISTERED_OR_PRIVATE,FUTURE_RETIREMENT_APPROVAL_REQUIRED,,NONE,docs/gsc/rerubsue_gsc_recovery_plan_2026-07-06.xlsx+NONE,Off-topic legacy niche (alcohol / pawn / home appliance) or thin archive
/tag/มือถือ-มือสอง-อำเภอเขื่อ/,UNKNOWN,ARCHIVE,archive,90_DAYS_PERFORMANCE_EXPORT,2026-04-07,2026-07-06,0,0,0.00,0,20,0,D_RETIRE,UNREGISTERED_OR_PRIVATE,FUTURE_RETIREMENT_APPROVAL_REQUIRED,,NONE,docs/gsc/rerubsue_gsc_recovery_plan_2026-07-06.xlsx+NONE,Off-topic legacy niche (alcohol / pawn / home appliance) or thin archive
/tag/มือถือ-มือสอง-อำเภอเดชอุ/,UNKNOWN,ARCHIVE,archive,90_DAYS_PERFORMANCE_EXPORT,2026-04-07,2026-07-06,0,0,0.00,0,20,0,D_RETIRE,UNREGISTERED_OR_PRIVATE,FUTURE_RETIREMENT_APPROVAL_REQUIRED,,NONE,docs/gsc/rerubsue_gsc_recovery_plan_2026-07-06.xlsx+NONE,Off-topic legacy niche (alcohol / pawn / home appliance) or thin archive
/tag/มือถือ-มือสอง-อำเภอเหล่า/,UNKNOWN,ARCHIVE,archive,90_DAYS_PERFORMANCE_EXPORT,2026-04-07,2026-07-06,0,0,0.00,0,20,0,D_RETIRE,UNREGISTERED_OR_PRIVATE,FUTURE_RETIREMENT_APPROVAL_REQUIRED,,NONE,docs/gsc/rerubsue_gsc_recovery_plan_2026-07-06.xlsx+NONE,Off-topic legacy niche (alcohol / pawn / home appliance) or thin archive
/tag/มือถือ-มือสอง-อำเภอเหล่า/feed/,UNKNOWN,ARCHIVE,archive,90_DAYS_PERFORMANCE_EXPORT,2026-04-07,2026-07-06,0,0,0.00,0,20,0,D_RETIRE,UNREGISTERED_OR_PRIVATE,FUTURE_RETIREMENT_APPROVAL_REQUIRED,,NONE,docs/gsc/rerubsue_gsc_recovery_plan_2026-07-06.xlsx+NONE,Off-topic legacy niche (alcohol / pawn / home appliance) or thin archive
/tag/มือถือ-มือสอง-อำเภอโพธิ์/,UNKNOWN,ARCHIVE,archive,90_DAYS_PERFORMANCE_EXPORT,2026-04-07,2026-07-06,0,0,0.00,0,20,0,D_RETIRE,UNREGISTERED_OR_PRIVATE,FUTURE_RETIREMENT_APPROVAL_REQUIRED,,NONE,docs/gsc/rerubsue_gsc_recovery_plan_2026-07-06.xlsx+NONE,Off-topic legacy niche (alcohol / pawn / home appliance) or thin archive
/tag/รับขายฝากที่ดิน-จังหวัด/,UNKNOWN,ARCHIVE,archive,90_DAYS_PERFORMANCE_EXPORT,2026-04-07,2026-07-06,0,0,0.00,0,20,0,D_RETIRE,UNREGISTERED_OR_PRIVATE,FUTURE_RETIREMENT_APPROVAL_REQUIRED,,NONE,docs/gsc/rerubsue_gsc_recovery_plan_2026-07-06.xlsx+NONE,Off-topic legacy niche (alcohol / pawn / home appliance) or thin archive
/tag/รับขายฝากที่ดิน/,UNKNOWN,ARCHIVE,archive,90_DAYS_PERFORMANCE_EXPORT,2026-04-07,2026-07-06,0,0,0.00,0,20,0,D_RETIRE,UNREGISTERED_OR_PRIVATE,FUTURE_RETIREMENT_APPROVAL_REQUIRED,,NONE,docs/gsc/rerubsue_gsc_recovery_plan_2026-07-06.xlsx+NONE,Off-topic legacy niche (alcohol / pawn / home appliance) or thin archive
/tag/รับขายฝากที่ดินอำเภอน้/,UNKNOWN,ARCHIVE,archive,90_DAYS_PERFORMANCE_EXPORT,2026-04-07,2026-07-06,0,0,0.00,0,20,0,D_RETIRE,UNREGISTERED_OR_PRIVATE,FUTURE_RETIREMENT_APPROVAL_REQUIRED,,NONE,docs/gsc/rerubsue_gsc_recovery_plan_2026-07-06.xlsx+NONE,Off-topic legacy niche (alcohol / pawn / home appliance) or thin archive
/tag/รับขายฝากที่ดินอำเภอสำ/,UNKNOWN,ARCHIVE,archive,90_DAYS_PERFORMANCE_EXPORT,2026-04-07,2026-07-06,0,0,0.00,0,20,0,D_RETIRE,UNREGISTERED_OR_PRIVATE,FUTURE_RETIREMENT_APPROVAL_REQUIRED,,NONE,docs/gsc/rerubsue_gsc_recovery_plan_2026-07-06.xlsx+NONE,Off-topic legacy niche (alcohol / pawn / home appliance) or thin archive
/tag/รับขายฝากที่ดินอำเภอสิ/,UNKNOWN,ARCHIVE,archive,90_DAYS_PERFORMANCE_EXPORT,2026-04-07,2026-07-06,0,0,0.00,0,20,0,D_RETIRE,UNREGISTERED_OR_PRIVATE,FUTURE_RETIREMENT_APPROVAL_REQUIRED,,NONE,docs/gsc/rerubsue_gsc_recovery_plan_2026-07-06.xlsx+NONE,Off-topic legacy niche (alcohol / pawn / home appliance) or thin archive
/tag/รับขายฝากที่ดินอำเภอเข/,UNKNOWN,ARCHIVE,archive,90_DAYS_PERFORMANCE_EXPORT,2026-04-07,2026-07-06,0,0,0.00,0,20,0,D_RETIRE,UNREGISTERED_OR_PRIVATE,FUTURE_RETIREMENT_APPROVAL_REQUIRED,,NONE,docs/gsc/rerubsue_gsc_recovery_plan_2026-07-06.xlsx+NONE,Off-topic legacy niche (alcohol / pawn / home appliance) or thin archive
/tag/รับจำคอมอุบล/,UNKNOWN,ARCHIVE,archive,90_DAYS_PERFORMANCE_EXPORT,2026-04-07,2026-07-06,0,0,0.00,0,20,0,D_RETIRE,UNREGISTERED_OR_PRIVATE,FUTURE_RETIREMENT_APPROVAL_REQUIRED,,NONE,docs/gsc/rerubsue_gsc_recovery_plan_2026-07-06.xlsx+NONE,Off-topic legacy niche (alcohol / pawn / home appliance) or thin archive
/tag/รับจำนองที่ดิน-จังหวัดอ/,UNKNOWN,ARCHIVE,archive,90_DAYS_PERFORMANCE_EXPORT,2026-04-07,2026-07-06,0,0,0.00,0,20,0,D_RETIRE,UNREGISTERED_OR_PRIVATE,FUTURE_RETIREMENT_APPROVAL_REQUIRED,,NONE,docs/gsc/rerubsue_gsc_recovery_plan_2026-07-06.xlsx+NONE,Off-topic legacy niche (alcohol / pawn / home appliance) or thin archive
/tag/รับจำนองที่ดิน-อำเภอพิบ/,UNKNOWN,ARCHIVE,archive,90_DAYS_PERFORMANCE_EXPORT,2026-04-07,2026-07-06,0,0,0.00,0,20,0,D_RETIRE,UNREGISTERED_OR_PRIVATE,FUTURE_RETIREMENT_APPROVAL_REQUIRED,,NONE,docs/gsc/rerubsue_gsc_recovery_plan_2026-07-06.xlsx+NONE,Off-topic legacy niche (alcohol / pawn / home appliance) or thin archive
/tag/รับจำนองที่ดินจังหวัดอ/,UNKNOWN,ARCHIVE,archive,90_DAYS_PERFORMANCE_EXPORT,2026-04-07,2026-07-06,0,0,0.00,0,20,0,D_RETIRE,UNREGISTERED_OR_PRIVATE,FUTURE_RETIREMENT_APPROVAL_REQUIRED,,NONE,docs/gsc/rerubsue_gsc_recovery_plan_2026-07-06.xlsx+NONE,Off-topic legacy niche (alcohol / pawn / home appliance) or thin archive
/tag/รับจำนองที่ดินอำเภอบุณ/,UNKNOWN,ARCHIVE,archive,90_DAYS_PERFORMANCE_EXPORT,2026-04-07,2026-07-06,0,0,0.00,0,20,0,D_RETIRE,UNREGISTERED_OR_PRIVATE,FUTURE_RETIREMENT_APPROVAL_REQUIRED,,NONE,docs/gsc/rerubsue_gsc_recovery_plan_2026-07-06.xlsx+NONE,Off-topic legacy niche (alcohol / pawn / home appliance) or thin archive
/tag/รับจำนองที่ดินอำเภอม่ว/,UNKNOWN,ARCHIVE,archive,90_DAYS_PERFORMANCE_EXPORT,2026-04-07,2026-07-06,0,0,0.00,0,20,0,D_RETIRE,UNREGISTERED_OR_PRIVATE,FUTURE_RETIREMENT_APPROVAL_REQUIRED,,NONE,docs/gsc/rerubsue_gsc_recovery_plan_2026-07-06.xlsx+NONE,Off-topic legacy niche (alcohol / pawn / home appliance) or thin archive
/tag/รับจำนองที่ดินอำเภอสว่/,UNKNOWN,ARCHIVE,archive,90_DAYS_PERFORMANCE_EXPORT,2026-04-07,2026-07-06,0,0,0.00,0,20,0,D_RETIRE,UNREGISTERED_OR_PRIVATE,FUTURE_RETIREMENT_APPROVAL_REQUIRED,,NONE,docs/gsc/rerubsue_gsc_recovery_plan_2026-07-06.xlsx+NONE,Off-topic legacy niche (alcohol / pawn / home appliance) or thin archive
/tag/รับจำนองที่ดินอำเภอเดช/,UNKNOWN,ARCHIVE,archive,90_DAYS_PERFORMANCE_EXPORT,2026-04-07,2026-07-06,0,0,0.00,0,20,0,D_RETIRE,UNREGISTERED_OR_PRIVATE,FUTURE_RETIREMENT_APPROVAL_REQUIRED,,NONE,docs/gsc/rerubsue_gsc_recovery_plan_2026-07-06.xlsx+NONE,Off-topic legacy niche (alcohol / pawn / home appliance) or thin archive
/tag/รับจำนองที่ดินอำเภอโพธ/,UNKNOWN,ARCHIVE,archive,90_DAYS_PERFORMANCE_EXPORT,2026-04-07,2026-07-06,0,0,0.00,0,20,0,D_RETIRE,UNREGISTERED_OR_PRIVATE,FUTURE_RETIREMENT_APPROVAL_REQUIRED,,NONE,docs/gsc/rerubsue_gsc_recovery_plan_2026-07-06.xlsx+NONE,Off-topic legacy niche (alcohol / pawn / home appliance) or thin archive
/tag/รับจำนองบ้านอุบล/,UNKNOWN,ARCHIVE,archive,90_DAYS_PERFORMANCE_EXPORT,2026-04-07,2026-07-06,0,0,0.00,0,20,0,D_RETIRE,UNREGISTERED_OR_PRIVATE,FUTURE_RETIREMENT_APPROVAL_REQUIRED,,NONE,docs/gsc/rerubsue_gsc_recovery_plan_2026-07-06.xlsx+NONE,Off-topic legacy niche (alcohol / pawn / home appliance) or thin archive
/tag/รับจำนำ-iphone-14-pro/,UNKNOWN,ARCHIVE,archive,90_DAYS_PERFORMANCE_EXPORT,2026-04-07,2026-07-06,0,0,0.00,0,20,0,D_RETIRE,UNREGISTERED_OR_PRIVATE,FUTURE_RETIREMENT_APPROVAL_REQUIRED,,NONE,docs/gsc/rerubsue_gsc_recovery_plan_2026-07-06.xlsx+NONE,Off-topic legacy niche (alcohol / pawn / home appliance) or thin archive
/tag/รับจำนำ-notebook/,UNKNOWN,ARCHIVE,archive,90_DAYS_PERFORMANCE_EXPORT,2026-04-07,2026-07-06,0,0,0.00,0,20,0,D_RETIRE,UNREGISTERED_OR_PRIVATE,FUTURE_RETIREMENT_APPROVAL_REQUIRED,,NONE,docs/gsc/rerubsue_gsc_recovery_plan_2026-07-06.xlsx+NONE,Off-topic legacy niche (alcohol / pawn / home appliance) or thin archive
/tag/รับจำนำ-ทรายมูล/,UNKNOWN,ARCHIVE,archive,90_DAYS_PERFORMANCE_EXPORT,2026-04-07,2026-07-06,0,0,0.00,0,20,0,D_RETIRE,UNREGISTERED_OR_PRIVATE,FUTURE_RETIREMENT_APPROVAL_REQUIRED,,NONE,docs/gsc/rerubsue_gsc_recovery_plan_2026-07-06.xlsx+NONE,Off-topic legacy niche (alcohol / pawn / home appliance) or thin archive
/tag/รับจำนำ-มหาชนะชัย/,UNKNOWN,ARCHIVE,archive,90_DAYS_PERFORMANCE_EXPORT,2026-04-07,2026-07-06,0,0,0.00,0,20,0,D_RETIRE,UNREGISTERED_OR_PRIVATE,FUTURE_RETIREMENT_APPROVAL_REQUIRED,,NONE,docs/gsc/rerubsue_gsc_recovery_plan_2026-07-06.xlsx+NONE,Off-topic legacy niche (alcohol / pawn / home appliance) or thin archive
/tag/รับจำนำ-ไทยเจริญ/,UNKNOWN,ARCHIVE,archive,90_DAYS_PERFORMANCE_EXPORT,2026-04-07,2026-07-06,0,0,0.00,0,20,0,D_RETIRE,UNREGISTERED_OR_PRIVATE,FUTURE_RETIREMENT_APPROVAL_REQUIRED,,NONE,docs/gsc/rerubsue_gsc_recovery_plan_2026-07-06.xlsx+NONE,Off-topic legacy niche (alcohol / pawn / home appliance) or thin archive
/tag/รับจำนำiphone-11/,UNKNOWN,ARCHIVE,archive,90_DAYS_PERFORMANCE_EXPORT,2026-04-07,2026-07-06,0,0,0.00,0,20,0,D_RETIRE,UNREGISTERED_OR_PRIVATE,FUTURE_RETIREMENT_APPROVAL_REQUIRED,,NONE,docs/gsc/rerubsue_gsc_recovery_plan_2026-07-06.xlsx+NONE,Off-topic legacy niche (alcohol / pawn / home appliance) or thin archive
/tag/รับจำนำiphone-12-pro-max/,UNKNOWN,ARCHIVE,archive,90_DAYS_PERFORMANCE_EXPORT,2026-04-07,2026-07-06,0,0,0.00,0,20,0,D_RETIRE,UNREGISTERED_OR_PRIVATE,FUTURE_RETIREMENT_APPROVAL_REQUIRED,,NONE,docs/gsc/rerubsue_gsc_recovery_plan_2026-07-06.xlsx+NONE,Off-topic legacy niche (alcohol / pawn / home appliance) or thin archive
/tag/รับจำนำiphone-14-pro-max/,UNKNOWN,ARCHIVE,archive,90_DAYS_PERFORMANCE_EXPORT,2026-04-07,2026-07-06,0,0,0.00,0,20,0,D_RETIRE,UNREGISTERED_OR_PRIVATE,FUTURE_RETIREMENT_APPROVAL_REQUIRED,,NONE,docs/gsc/rerubsue_gsc_recovery_plan_2026-07-06.xlsx+NONE,Off-topic legacy niche (alcohol / pawn / home appliance) or thin archive
/tag/รับจำนำiphone-15-plus/,UNKNOWN,ARCHIVE,archive,90_DAYS_PERFORMANCE_EXPORT,2026-04-07,2026-07-06,0,0,0.00,0,20,0,D_RETIRE,UNREGISTERED_OR_PRIVATE,FUTURE_RETIREMENT_APPROVAL_REQUIRED,,NONE,docs/gsc/rerubsue_gsc_recovery_plan_2026-07-06.xlsx+NONE,Off-topic legacy niche (alcohol / pawn / home appliance) or thin archive
/tag/รับจำนำiphone-15-pro-max/,UNKNOWN,ARCHIVE,archive,90_DAYS_PERFORMANCE_EXPORT,2026-04-07,2026-07-06,0,0,0.00,0,20,0,D_RETIRE,UNREGISTERED_OR_PRIVATE,FUTURE_RETIREMENT_APPROVAL_REQUIRED,,NONE,docs/gsc/rerubsue_gsc_recovery_plan_2026-07-06.xlsx+NONE,Off-topic legacy niche (alcohol / pawn / home appliance) or thin archive
/tag/รับจำนำiphone-อุบล/,UNKNOWN,ARCHIVE,archive,90_DAYS_PERFORMANCE_EXPORT,2026-04-07,2026-07-06,0,0,0.00,0,20,0,D_RETIRE,UNREGISTERED_OR_PRIVATE,FUTURE_RETIREMENT_APPROVAL_REQUIRED,,NONE,docs/gsc/rerubsue_gsc_recovery_plan_2026-07-06.xlsx+NONE,Off-topic legacy niche (alcohol / pawn / home appliance) or thin archive
/tag/รับจำนำiphone13/,UNKNOWN,ARCHIVE,archive,90_DAYS_PERFORMANCE_EXPORT,2026-04-07,2026-07-06,0,0,0.00,0,20,0,D_RETIRE,UNREGISTERED_OR_PRIVATE,FUTURE_RETIREMENT_APPROVAL_REQUIRED,,NONE,docs/gsc/rerubsue_gsc_recovery_plan_2026-07-06.xlsx+NONE,Off-topic legacy niche (alcohol / pawn / home appliance) or thin archive
/tag/รับจำนำmacbook-ยโสธร/,UNKNOWN,ARCHIVE,archive,90_DAYS_PERFORMANCE_EXPORT,2026-04-07,2026-07-06,0,0,0.00,0,20,0,D_RETIRE,UNREGISTERED_OR_PRIVATE,FUTURE_RETIREMENT_APPROVAL_REQUIRED,,NONE,docs/gsc/rerubsue_gsc_recovery_plan_2026-07-06.xlsx+NONE,Off-topic legacy niche (alcohol / pawn / home appliance) or thin archive
/tag/รับจำนำกล้อง-canon/,UNKNOWN,ARCHIVE,archive,90_DAYS_PERFORMANCE_EXPORT,2026-04-07,2026-07-06,0,0,0.00,0,20,0,D_RETIRE,UNREGISTERED_OR_PRIVATE,FUTURE_RETIREMENT_APPROVAL_REQUIRED,,NONE,docs/gsc/rerubsue_gsc_recovery_plan_2026-07-06.xlsx+NONE,Off-topic legacy niche (alcohol / pawn / home appliance) or thin archive
/tag/รับจำนำกล้อง-fujifilm/,UNKNOWN,ARCHIVE,archive,90_DAYS_PERFORMANCE_EXPORT,2026-04-07,2026-07-06,0,0,0.00,0,20,0,D_RETIRE,UNREGISTERED_OR_PRIVATE,FUTURE_RETIREMENT_APPROVAL_REQUIRED,,NONE,docs/gsc/rerubsue_gsc_recovery_plan_2026-07-06.xlsx+NONE,Off-topic legacy niche (alcohol / pawn / home appliance) or thin archive
/tag/รับจำนำกล้อง-mirrorless/,UNKNOWN,ARCHIVE,archive,90_DAYS_PERFORMANCE_EXPORT,2026-04-07,2026-07-06,0,0,0.00,0,20,0,D_RETIRE,UNREGISTERED_OR_PRIVATE,FUTURE_RETIREMENT_APPROVAL_REQUIRED,,NONE,docs/gsc/rerubsue_gsc_recovery_plan_2026-07-06.xlsx+NONE,Off-topic legacy niche (alcohol / pawn / home appliance) or thin archive
/tag/รับจำนำกล้อง-sony/,UNKNOWN,ARCHIVE,archive,90_DAYS_PERFORMANCE_EXPORT,2026-04-07,2026-07-06,0,0,0.00,0,20,0,D_RETIRE,UNREGISTERED_OR_PRIVATE,FUTURE_RETIREMENT_APPROVAL_REQUIRED,,NONE,docs/gsc/rerubsue_gsc_recovery_plan_2026-07-06.xlsx+NONE,Off-topic legacy niche (alcohol / pawn / home appliance) or thin archive
/tag/รับจำนำกล้อง-อุบลราชธาน/,UNKNOWN,ARCHIVE,archive,90_DAYS_PERFORMANCE_EXPORT,2026-04-07,2026-07-06,0,0,0.00,0,20,0,D_RETIRE,UNREGISTERED_OR_PRIVATE,FUTURE_RETIREMENT_APPROVAL_REQUIRED,,NONE,docs/gsc/rerubsue_gsc_recovery_plan_2026-07-06.xlsx+NONE,Off-topic legacy niche (alcohol / pawn / home appliance) or thin archive
/tag/รับจำนำกล้องfujifilm/,UNKNOWN,ARCHIVE,archive,90_DAYS_PERFORMANCE_EXPORT,2026-04-07,2026-07-06,0,0,0.00,0,20,0,D_RETIRE,UNREGISTERED_OR_PRIVATE,FUTURE_RETIREMENT_APPROVAL_REQUIRED,,NONE,docs/gsc/rerubsue_gsc_recovery_plan_2026-07-06.xlsx+NONE,Off-topic legacy niche (alcohol / pawn / home appliance) or thin archive
/tag/รับจำนำกล้องnikon/,UNKNOWN,ARCHIVE,archive,90_DAYS_PERFORMANCE_EXPORT,2026-04-07,2026-07-06,0,0,0.00,0,20,0,D_RETIRE,UNREGISTERED_OR_PRIVATE,FUTURE_RETIREMENT_APPROVAL_REQUIRED,,NONE,docs/gsc/rerubsue_gsc_recovery_plan_2026-07-06.xlsx+NONE,Off-topic legacy niche (alcohol / pawn / home appliance) or thin archive
/tag/รับจำนำกล้องolympus/,UNKNOWN,ARCHIVE,archive,90_DAYS_PERFORMANCE_EXPORT,2026-04-07,2026-07-06,0,0,0.00,0,20,0,D_RETIRE,UNREGISTERED_OR_PRIVATE,FUTURE_RETIREMENT_APPROVAL_REQUIRED,,NONE,docs/gsc/rerubsue_gsc_recovery_plan_2026-07-06.xlsx+NONE,Off-topic legacy niche (alcohol / pawn / home appliance) or thin archive
/tag/รับจำนำกล้องsony/,UNKNOWN,ARCHIVE,archive,90_DAYS_PERFORMANCE_EXPORT,2026-04-07,2026-07-06,0,0,0.00,0,20,0,D_RETIRE,UNREGISTERED_OR_PRIVATE,FUTURE_RETIREMENT_APPROVAL_REQUIRED,,NONE,docs/gsc/rerubsue_gsc_recovery_plan_2026-07-06.xlsx+NONE,Off-topic legacy niche (alcohol / pawn / home appliance) or thin archive
/tag/รับจำนำกล้องถ่ายรูป/,UNKNOWN,ARCHIVE,archive,90_DAYS_PERFORMANCE_EXPORT,2026-04-07,2026-07-06,0,0,0.00,0,20,0,D_RETIRE,UNREGISTERED_OR_PRIVATE,FUTURE_RETIREMENT_APPROVAL_REQUIRED,,NONE,docs/gsc/rerubsue_gsc_recovery_plan_2026-07-06.xlsx+NONE,Off-topic legacy niche (alcohol / pawn / home appliance) or thin archive
/tag/รับจำนำกล้องมือสอง/,UNKNOWN,ARCHIVE,archive,90_DAYS_PERFORMANCE_EXPORT,2026-04-07,2026-07-06,0,0,0.00,0,20,0,D_RETIRE,UNREGISTERED_OR_PRIVATE,FUTURE_RETIREMENT_APPROVAL_REQUIRED,,NONE,docs/gsc/rerubsue_gsc_recovery_plan_2026-07-06.xlsx+NONE,Off-topic legacy niche (alcohol / pawn / home appliance) or thin archive
/tag/รับจำนำกล้องมือสองอุบล/,UNKNOWN,ARCHIVE,archive,90_DAYS_PERFORMANCE_EXPORT,2026-04-07,2026-07-06,0,0,0.00,0,20,0,D_RETIRE,UNREGISTERED_OR_PRIVATE,FUTURE_RETIREMENT_APPROVAL_REQUIRED,,NONE,docs/gsc/rerubsue_gsc_recovery_plan_2026-07-06.xlsx+NONE,Off-topic legacy niche (alcohol / pawn / home appliance) or thin archive
/tag/รับจำนำกล้องอุบลราชธาน/,UNKNOWN,ARCHIVE,archive,90_DAYS_PERFORMANCE_EXPORT,2026-04-07,2026-07-06,0,0,0.00,0,20,0,D_RETIRE,UNREGISTERED_OR_PRIVATE,FUTURE_RETIREMENT_APPROVAL_REQUIRED,,NONE,docs/gsc/rerubsue_gsc_recovery_plan_2026-07-06.xlsx+NONE,Off-topic legacy niche (alcohol / pawn / home appliance) or thin archive
/tag/รับจำนำกล้องเลนส์/,UNKNOWN,ARCHIVE,archive,90_DAYS_PERFORMANCE_EXPORT,2026-04-07,2026-07-06,0,0,0.00,0,20,0,D_RETIRE,UNREGISTERED_OR_PRIVATE,FUTURE_RETIREMENT_APPROVAL_REQUIRED,,NONE,docs/gsc/rerubsue_gsc_recovery_plan_2026-07-06.xlsx+NONE,Off-topic legacy niche (alcohol / pawn / home appliance) or thin archive
/tag/รับจำนำกล้องแคนอน/,UNKNOWN,ARCHIVE,archive,90_DAYS_PERFORMANCE_EXPORT,2026-04-07,2026-07-06,0,0,0.00,0,20,0,D_RETIRE,UNREGISTERED_OR_PRIVATE,FUTURE_RETIREMENT_APPROVAL_REQUIRED,,NONE,docs/gsc/rerubsue_gsc_recovery_plan_2026-07-06.xlsx+NONE,Off-topic legacy niche (alcohol / pawn / home appliance) or thin archive
/tag/รับจำนำกล้องโซนี่/,UNKNOWN,ARCHIVE,archive,90_DAYS_PERFORMANCE_EXPORT,2026-04-07,2026-07-06,0,0,0.00,0,20,0,D_RETIRE,UNREGISTERED_OR_PRIVATE,FUTURE_RETIREMENT_APPROVAL_REQUIRED,,NONE,docs/gsc/rerubsue_gsc_recovery_plan_2026-07-06.xlsx+NONE,Off-topic legacy niche (alcohol / pawn / home appliance) or thin archive
/tag/รับจำนำกล้องใกล้บ้าน/,UNKNOWN,ARCHIVE,archive,90_DAYS_PERFORMANCE_EXPORT,2026-04-07,2026-07-06,0,0,0.00,0,20,0,D_RETIRE,UNREGISTERED_OR_PRIVATE,FUTURE_RETIREMENT_APPROVAL_REQUIRED,,NONE,docs/gsc/rerubsue_gsc_recovery_plan_2026-07-06.xlsx+NONE,Off-topic legacy niche (alcohol / pawn / home appliance) or thin archive
/tag/รับจำนำกล้องให้ราคาดี/,UNKNOWN,ARCHIVE,archive,90_DAYS_PERFORMANCE_EXPORT,2026-04-07,2026-07-06,0,0,0.00,0,20,0,D_RETIRE,UNREGISTERED_OR_PRIVATE,FUTURE_RETIREMENT_APPROVAL_REQUIRED,,NONE,docs/gsc/rerubsue_gsc_recovery_plan_2026-07-06.xlsx+NONE,Off-topic legacy niche (alcohol / pawn / home appliance) or thin archive
/tag/รับจำนำของมือสองอุบล/,UNKNOWN,ARCHIVE,archive,90_DAYS_PERFORMANCE_EXPORT,2026-04-07,2026-07-06,0,0,0.00,0,20,0,D_RETIRE,UNREGISTERED_OR_PRIVATE,FUTURE_RETIREMENT_APPROVAL_REQUIRED,,NONE,docs/gsc/rerubsue_gsc_recovery_plan_2026-07-06.xlsx+NONE,Off-topic legacy niche (alcohol / pawn / home appliance) or thin archive
/tag/รับจำนำคอมศรีสะเกษ/,UNKNOWN,ARCHIVE,archive,90_DAYS_PERFORMANCE_EXPORT,2026-04-07,2026-07-06,0,0,0.00,0,20,0,D_RETIRE,UNREGISTERED_OR_PRIVATE,FUTURE_RETIREMENT_APPROVAL_REQUIRED,,NONE,docs/gsc/rerubsue_gsc_recovery_plan_2026-07-06.xlsx+NONE,Off-topic legacy niche (alcohol / pawn / home appliance) or thin archive
/tag/รับจำนำคอมอุบล/,UNKNOWN,ARCHIVE,archive,90_DAYS_PERFORMANCE_EXPORT,2026-04-07,2026-07-06,0,0,0.00,0,20,0,D_RETIRE,UNREGISTERED_OR_PRIVATE,FUTURE_RETIREMENT_APPROVAL_REQUIRED,,NONE,docs/gsc/rerubsue_gsc_recovery_plan_2026-07-06.xlsx+NONE,Off-topic legacy niche (alcohol / pawn / home appliance) or thin archive
/tag/รับจำนำคอมอุบล/page/2/,UNKNOWN,ARCHIVE,archive,90_DAYS_PERFORMANCE_EXPORT,2026-04-07,2026-07-06,0,0,0.00,0,20,0,D_RETIRE,UNREGISTERED_OR_PRIVATE,FUTURE_RETIREMENT_APPROVAL_REQUIRED,,NONE,docs/gsc/rerubsue_gsc_recovery_plan_2026-07-06.xlsx+NONE,Off-topic legacy niche (alcohol / pawn / home appliance) or thin archive
/tag/รับจำนำทีวียโสธร/,UNKNOWN,ARCHIVE,archive,90_DAYS_PERFORMANCE_EXPORT,2026-04-07,2026-07-06,0,0,0.00,0,20,0,D_RETIRE,UNREGISTERED_OR_PRIVATE,FUTURE_RETIREMENT_APPROVAL_REQUIRED,,NONE,docs/gsc/rerubsue_gsc_recovery_plan_2026-07-06.xlsx+NONE,Off-topic legacy niche (alcohol / pawn / home appliance) or thin archive
/tag/รับจำนำทีวีอุบล/,UNKNOWN,ARCHIVE,archive,90_DAYS_PERFORMANCE_EXPORT,2026-04-07,2026-07-06,0,0,0.00,0,20,0,D_RETIRE,UNREGISTERED_OR_PRIVATE,FUTURE_RETIREMENT_APPROVAL_REQUIRED,,NONE,docs/gsc/rerubsue_gsc_recovery_plan_2026-07-06.xlsx+NONE,Off-topic legacy niche (alcohol / pawn / home appliance) or thin archive
/tag/รับจำนำมือถือ-อำเภอกุดข/,UNKNOWN,ARCHIVE,archive,90_DAYS_PERFORMANCE_EXPORT,2026-04-07,2026-07-06,0,0,0.00,0,20,0,D_RETIRE,UNREGISTERED_OR_PRIVATE,FUTURE_RETIREMENT_APPROVAL_REQUIRED,,NONE,docs/gsc/rerubsue_gsc_recovery_plan_2026-07-06.xlsx+NONE,Off-topic legacy niche (alcohol / pawn / home appliance) or thin archive
/tag/รับจำนำมือถือ-อำเภอตระก/,UNKNOWN,ARCHIVE,archive,90_DAYS_PERFORMANCE_EXPORT,2026-04-07,2026-07-06,0,0,0.00,0,20,0,D_RETIRE,UNREGISTERED_OR_PRIVATE,FUTURE_RETIREMENT_APPROVAL_REQUIRED,,NONE,docs/gsc/rerubsue_gsc_recovery_plan_2026-07-06.xlsx+NONE,Off-topic legacy niche (alcohol / pawn / home appliance) or thin archive
/tag/รับจำนำมือถือ-อำเภอทุ่ง/,UNKNOWN,ARCHIVE,archive,90_DAYS_PERFORMANCE_EXPORT,2026-04-07,2026-07-06,0,0,0.00,0,20,0,D_RETIRE,UNREGISTERED_OR_PRIVATE,FUTURE_RETIREMENT_APPROVAL_REQUIRED,,NONE,docs/gsc/rerubsue_gsc_recovery_plan_2026-07-06.xlsx+NONE,Off-topic legacy niche (alcohol / pawn / home appliance) or thin archive
/tag/รับจำนำมือถือ-อำเภอนาจะ/,UNKNOWN,ARCHIVE,archive,90_DAYS_PERFORMANCE_EXPORT,2026-04-07,2026-07-06,0,0,0.00,0,20,0,D_RETIRE,UNREGISTERED_OR_PRIVATE,FUTURE_RETIREMENT_APPROVAL_REQUIRED,,NONE,docs/gsc/rerubsue_gsc_recovery_plan_2026-07-06.xlsx+NONE,Off-topic legacy niche (alcohol / pawn / home appliance) or thin archive
/tag/รับจำนำมือถือ-อำเภอนาเย/,UNKNOWN,ARCHIVE,archive,90_DAYS_PERFORMANCE_EXPORT,2026-04-07,2026-07-06,0,0,0.00,0,20,0,D_RETIRE,UNREGISTERED_OR_PRIVATE,FUTURE_RETIREMENT_APPROVAL_REQUIRED,,NONE,docs/gsc/rerubsue_gsc_recovery_plan_2026-07-06.xlsx+NONE,Off-topic legacy niche (alcohol / pawn / home appliance) or thin archive
/tag/รับจำนำมือถือ-อำเภอน้ำข/,UNKNOWN,ARCHIVE,archive,90_DAYS_PERFORMANCE_EXPORT,2026-04-07,2026-07-06,0,1,8.00,0,30,0,D_RETIRE,UNREGISTERED_OR_PRIVATE,FUTURE_RETIREMENT_APPROVAL_REQUIRED,,NONE,docs/gsc/rerubsue_gsc_recovery_plan_2026-07-06.xlsx+NONE,Off-topic legacy niche (alcohol / pawn / home appliance) or thin archive
/tag/รับจำนำมือถือ-อำเภอน้ำย/,UNKNOWN,ARCHIVE,archive,90_DAYS_PERFORMANCE_EXPORT,2026-04-07,2026-07-06,0,0,0.00,0,20,0,D_RETIRE,UNREGISTERED_OR_PRIVATE,FUTURE_RETIREMENT_APPROVAL_REQUIRED,,NONE,docs/gsc/rerubsue_gsc_recovery_plan_2026-07-06.xlsx+NONE,Off-topic legacy niche (alcohol / pawn / home appliance) or thin archive
/tag/รับจำนำมือถือ-อำเภอบุณฑ/,UNKNOWN,ARCHIVE,archive,90_DAYS_PERFORMANCE_EXPORT,2026-04-07,2026-07-06,0,0,0.00,0,20,0,D_RETIRE,UNREGISTERED_OR_PRIVATE,FUTURE_RETIREMENT_APPROVAL_REQUIRED,,NONE,docs/gsc/rerubsue_gsc_recovery_plan_2026-07-06.xlsx+NONE,Off-topic legacy niche (alcohol / pawn / home appliance) or thin archive
/tag/รับจำนำมือถือ-อำเภอพิบู/,UNKNOWN,ARCHIVE,archive,90_DAYS_PERFORMANCE_EXPORT,2026-04-07,2026-07-06,0,0,0.00,0,20,0,D_RETIRE,UNREGISTERED_OR_PRIVATE,FUTURE_RETIREMENT_APPROVAL_REQUIRED,,NONE,docs/gsc/rerubsue_gsc_recovery_plan_2026-07-06.xlsx+NONE,Off-topic legacy niche (alcohol / pawn / home appliance) or thin archive
/tag/รับจำนำมือถือ-อำเภอม่วง/,UNKNOWN,ARCHIVE,archive,90_DAYS_PERFORMANCE_EXPORT,2026-04-07,2026-07-06,2,26,8.15,2,60,0,D_RETIRE,UNREGISTERED_OR_PRIVATE,FUTURE_RETIREMENT_APPROVAL_REQUIRED,,NONE,docs/gsc/rerubsue_gsc_recovery_plan_2026-07-06.xlsx+NONE,Off-topic legacy niche (alcohol / pawn / home appliance) or thin archive
/tag/รับจำนำมือถือ-อำเภอสำโร/,UNKNOWN,ARCHIVE,archive,90_DAYS_PERFORMANCE_EXPORT,2026-04-07,2026-07-06,0,0,0.00,0,20,0,D_RETIRE,UNREGISTERED_OR_PRIVATE,FUTURE_RETIREMENT_APPROVAL_REQUIRED,,NONE,docs/gsc/rerubsue_gsc_recovery_plan_2026-07-06.xlsx+NONE,Off-topic legacy niche (alcohol / pawn / home appliance) or thin archive
/tag/รับจำนำมือถือ-อำเภอสิริ/,UNKNOWN,ARCHIVE,archive,90_DAYS_PERFORMANCE_EXPORT,2026-04-07,2026-07-06,0,0,0.00,0,20,0,D_RETIRE,UNREGISTERED_OR_PRIVATE,FUTURE_RETIREMENT_APPROVAL_REQUIRED,,NONE,docs/gsc/rerubsue_gsc_recovery_plan_2026-07-06.xlsx+NONE,Off-topic legacy niche (alcohol / pawn / home appliance) or thin archive
/tag/รับจำนำมือถือ-อำเภอเขื่/,UNKNOWN,ARCHIVE,archive,90_DAYS_PERFORMANCE_EXPORT,2026-04-07,2026-07-06,0,0,0.00,0,20,0,D_RETIRE,UNREGISTERED_OR_PRIVATE,FUTURE_RETIREMENT_APPROVAL_REQUIRED,,NONE,docs/gsc/rerubsue_gsc_recovery_plan_2026-07-06.xlsx+NONE,Off-topic legacy niche (alcohol / pawn / home appliance) or thin archive
/tag/รับจำนำมือถือ-อำเภอเดชอ/,UNKNOWN,ARCHIVE,archive,90_DAYS_PERFORMANCE_EXPORT,2026-04-07,2026-07-06,0,0,0.00,0,20,0,D_RETIRE,UNREGISTERED_OR_PRIVATE,FUTURE_RETIREMENT_APPROVAL_REQUIRED,,NONE,docs/gsc/rerubsue_gsc_recovery_plan_2026-07-06.xlsx+NONE,Off-topic legacy niche (alcohol / pawn / home appliance) or thin archive
/tag/รับจำนำมือถือ-อำเภอโขงเ/,UNKNOWN,ARCHIVE,archive,90_DAYS_PERFORMANCE_EXPORT,2026-04-07,2026-07-06,0,1,9.00,0,30,0,D_RETIRE,UNREGISTERED_OR_PRIVATE,FUTURE_RETIREMENT_APPROVAL_REQUIRED,,NONE,docs/gsc/rerubsue_gsc_recovery_plan_2026-07-06.xlsx+NONE,Off-topic legacy niche (alcohol / pawn / home appliance) or thin archive
/tag/รับจำนำมือถืออุบลราชธา/,UNKNOWN,ARCHIVE,archive,90_DAYS_PERFORMANCE_EXPORT,2026-04-07,2026-07-06,0,0,0.00,0,20,0,D_RETIRE,UNREGISTERED_OR_PRIVATE,FUTURE_RETIREMENT_APPROVAL_REQUIRED,,NONE,docs/gsc/rerubsue_gsc_recovery_plan_2026-07-06.xlsx+NONE,Off-topic legacy niche (alcohol / pawn / home appliance) or thin archive
/tag/รับจำนำลำโพง-jbl/feed/,UNKNOWN,ARCHIVE,archive,90_DAYS_PERFORMANCE_EXPORT,2026-04-07,2026-07-06,0,0,0.00,0,20,0,D_RETIRE,UNREGISTERED_OR_PRIVATE,FUTURE_RETIREMENT_APPROVAL_REQUIRED,,NONE,docs/gsc/rerubsue_gsc_recovery_plan_2026-07-06.xlsx+NONE,Off-topic legacy niche (alcohol / pawn / home appliance) or thin archive
/tag/รับจำนำลำโพง-กาฬสินธุ์/,UNKNOWN,ARCHIVE,archive,90_DAYS_PERFORMANCE_EXPORT,2026-04-07,2026-07-06,0,0,0.00,0,20,0,D_RETIRE,UNREGISTERED_OR_PRIVATE,FUTURE_RETIREMENT_APPROVAL_REQUIRED,,NONE,docs/gsc/rerubsue_gsc_recovery_plan_2026-07-06.xlsx+NONE,Off-topic legacy niche (alcohol / pawn / home appliance) or thin archive
/tag/รับจำนำลำโพง-ขอนแก่น/,UNKNOWN,ARCHIVE,archive,90_DAYS_PERFORMANCE_EXPORT,2026-04-07,2026-07-06,0,1,5.00,0,30,0,D_RETIRE,UNREGISTERED_OR_PRIVATE,FUTURE_RETIREMENT_APPROVAL_REQUIRED,,NONE,docs/gsc/rerubsue_gsc_recovery_plan_2026-07-06.xlsx+NONE,Off-topic legacy niche (alcohol / pawn / home appliance) or thin archive
/tag/รับจำนำลำโพง-ศรีสะเกษ/,UNKNOWN,ARCHIVE,archive,90_DAYS_PERFORMANCE_EXPORT,2026-04-07,2026-07-06,0,0,0.00,0,20,0,D_RETIRE,UNREGISTERED_OR_PRIVATE,FUTURE_RETIREMENT_APPROVAL_REQUIRED,,NONE,docs/gsc/rerubsue_gsc_recovery_plan_2026-07-06.xlsx+NONE,Off-topic legacy niche (alcohol / pawn / home appliance) or thin archive
/tag/รับจำนำลำโพง-อุดรธานี/,UNKNOWN,ARCHIVE,archive,90_DAYS_PERFORMANCE_EXPORT,2026-04-07,2026-07-06,0,9,9.44,0,30,0,D_RETIRE,UNREGISTERED_OR_PRIVATE,FUTURE_RETIREMENT_APPROVAL_REQUIRED,,NONE,docs/gsc/rerubsue_gsc_recovery_plan_2026-07-06.xlsx+NONE,Off-topic legacy niche (alcohol / pawn / home appliance) or thin archive
/tag/รับจำนำลำโพง-อุบลราชธาน/,UNKNOWN,ARCHIVE,archive,90_DAYS_PERFORMANCE_EXPORT,2026-04-07,2026-07-06,0,5,11.80,0,20,0,D_RETIRE,UNREGISTERED_OR_PRIVATE,FUTURE_RETIREMENT_APPROVAL_REQUIRED,,NONE,docs/gsc/rerubsue_gsc_recovery_plan_2026-07-06.xlsx+NONE,Off-topic legacy niche (alcohol / pawn / home appliance) or thin archive
/tag/รับจำนำลำโพง-เลย/,UNKNOWN,ARCHIVE,archive,90_DAYS_PERFORMANCE_EXPORT,2026-04-07,2026-07-06,1,96,11.02,1,50,0,D_RETIRE,UNREGISTERED_OR_PRIVATE,FUTURE_RETIREMENT_APPROVAL_REQUIRED,,NONE,docs/gsc/rerubsue_gsc_recovery_plan_2026-07-06.xlsx+NONE,Off-topic legacy niche (alcohol / pawn / home appliance) or thin archive
/tag/รับจำนำลำโพงmarshallยโสธร/,UNKNOWN,ARCHIVE,archive,90_DAYS_PERFORMANCE_EXPORT,2026-04-07,2026-07-06,0,0,0.00,0,20,0,D_RETIRE,UNREGISTERED_OR_PRIVATE,FUTURE_RETIREMENT_APPROVAL_REQUIRED,,NONE,docs/gsc/rerubsue_gsc_recovery_plan_2026-07-06.xlsx+NONE,Off-topic legacy niche (alcohol / pawn / home appliance) or thin archive
/tag/รับจำนำลำโพงmarshallยโสธร/feed/,UNKNOWN,ARCHIVE,archive,90_DAYS_PERFORMANCE_EXPORT,2026-04-07,2026-07-06,0,0,0.00,0,20,0,D_RETIRE,UNREGISTERED_OR_PRIVATE,FUTURE_RETIREMENT_APPROVAL_REQUIRED,,NONE,docs/gsc/rerubsue_gsc_recovery_plan_2026-07-06.xlsx+NONE,Off-topic legacy niche (alcohol / pawn / home appliance) or thin archive
/tag/รับจำนำศรีสะเกษ/,UNKNOWN,ARCHIVE,archive,90_DAYS_PERFORMANCE_EXPORT,2026-04-07,2026-07-06,0,8,8.62,0,30,0,D_RETIRE,UNREGISTERED_OR_PRIVATE,FUTURE_RETIREMENT_APPROVAL_REQUIRED,,NONE,docs/gsc/rerubsue_gsc_recovery_plan_2026-07-06.xlsx+NONE,Off-topic legacy niche (alcohol / pawn / home appliance) or thin archive
/tag/รับจำนำสินค้า/,UNKNOWN,ARCHIVE,archive,90_DAYS_PERFORMANCE_EXPORT,2026-04-07,2026-07-06,0,0,0.00,0,20,0,D_RETIRE,UNREGISTERED_OR_PRIVATE,FUTURE_RETIREMENT_APPROVAL_REQUIRED,,NONE,docs/gsc/rerubsue_gsc_recovery_plan_2026-07-06.xlsx+NONE,Off-topic legacy niche (alcohol / pawn / home appliance) or thin archive
/tag/รับจำนำสีเกด/,UNKNOWN,ARCHIVE,archive,90_DAYS_PERFORMANCE_EXPORT,2026-04-07,2026-07-06,0,0,0.00,0,20,0,D_RETIRE,UNREGISTERED_OR_PRIVATE,FUTURE_RETIREMENT_APPROVAL_REQUIRED,,NONE,docs/gsc/rerubsue_gsc_recovery_plan_2026-07-06.xlsx+NONE,Off-topic legacy niche (alcohol / pawn / home appliance) or thin archive
/tag/รับจำนำอำนาจ/,UNKNOWN,ARCHIVE,archive,90_DAYS_PERFORMANCE_EXPORT,2026-04-07,2026-07-06,0,0,0.00,0,20,0,D_RETIRE,UNREGISTERED_OR_PRIVATE,FUTURE_RETIREMENT_APPROVAL_REQUIRED,,NONE,docs/gsc/rerubsue_gsc_recovery_plan_2026-07-06.xlsx+NONE,Off-topic legacy niche (alcohol / pawn / home appliance) or thin archive
/tag/รับจำนำอำนาจ/feed/,UNKNOWN,ARCHIVE,archive,90_DAYS_PERFORMANCE_EXPORT,2026-04-07,2026-07-06,0,0,0.00,0,20,0,D_RETIRE,UNREGISTERED_OR_PRIVATE,FUTURE_RETIREMENT_APPROVAL_REQUIRED,,NONE,docs/gsc/rerubsue_gsc_recovery_plan_2026-07-06.xlsx+NONE,Off-topic legacy niche (alcohol / pawn / home appliance) or thin archive
/tag/รับจำนำอุบล/,UNKNOWN,ARCHIVE,archive,90_DAYS_PERFORMANCE_EXPORT,2026-04-07,2026-07-06,0,9,11.22,0,20,0,D_RETIRE,UNREGISTERED_OR_PRIVATE,FUTURE_RETIREMENT_APPROVAL_REQUIRED,,NONE,docs/gsc/rerubsue_gsc_recovery_plan_2026-07-06.xlsx+NONE,Off-topic legacy niche (alcohol / pawn / home appliance) or thin archive
/tag/รับจำนำเลนส์/,UNKNOWN,ARCHIVE,archive,90_DAYS_PERFORMANCE_EXPORT,2026-04-07,2026-07-06,0,0,0.00,0,20,0,D_RETIRE,UNREGISTERED_OR_PRIVATE,FUTURE_RETIREMENT_APPROVAL_REQUIRED,,NONE,docs/gsc/rerubsue_gsc_recovery_plan_2026-07-06.xlsx+NONE,Off-topic legacy niche (alcohol / pawn / home appliance) or thin archive
/tag/รับจำนำแมคบุ๊ค/,UNKNOWN,ARCHIVE,archive,90_DAYS_PERFORMANCE_EXPORT,2026-04-07,2026-07-06,0,0,0.00,0,20,0,D_RETIRE,UNREGISTERED_OR_PRIVATE,FUTURE_RETIREMENT_APPROVAL_REQUIRED,,NONE,docs/gsc/rerubsue_gsc_recovery_plan_2026-07-06.xlsx+NONE,Off-topic legacy niche (alcohol / pawn / home appliance) or thin archive
/tag/รับจำนำโทรทัศน์อุบลราช/,UNKNOWN,ARCHIVE,archive,90_DAYS_PERFORMANCE_EXPORT,2026-04-07,2026-07-06,0,0,0.00,0,20,0,D_RETIRE,UNREGISTERED_OR_PRIVATE,FUTURE_RETIREMENT_APPROVAL_REQUIRED,,NONE,docs/gsc/rerubsue_gsc_recovery_plan_2026-07-06.xlsx+NONE,Off-topic legacy niche (alcohol / pawn / home appliance) or thin archive
/tag/รับจำนำโน๊ตบุ๊ค-อำเภอตา/,UNKNOWN,ARCHIVE,archive,90_DAYS_PERFORMANCE_EXPORT,2026-04-07,2026-07-06,0,0,0.00,0,20,0,D_RETIRE,UNREGISTERED_OR_PRIVATE,FUTURE_RETIREMENT_APPROVAL_REQUIRED,,NONE,docs/gsc/rerubsue_gsc_recovery_plan_2026-07-06.xlsx+NONE,Off-topic legacy niche (alcohol / pawn / home appliance) or thin archive
/tag/รับจำนำโน๊ตบุ๊ค-อำเภอบุ/,UNKNOWN,ARCHIVE,archive,90_DAYS_PERFORMANCE_EXPORT,2026-04-07,2026-07-06,0,0,0.00,0,20,0,D_RETIRE,UNREGISTERED_OR_PRIVATE,FUTURE_RETIREMENT_APPROVAL_REQUIRED,,NONE,docs/gsc/rerubsue_gsc_recovery_plan_2026-07-06.xlsx+NONE,Off-topic legacy niche (alcohol / pawn / home appliance) or thin archive
/tag/รับจำนำโน๊ตบุ๊ค-อำเภอม่/,UNKNOWN,ARCHIVE,archive,90_DAYS_PERFORMANCE_EXPORT,2026-04-07,2026-07-06,0,0,0.00,0,20,0,D_RETIRE,UNREGISTERED_OR_PRIVATE,FUTURE_RETIREMENT_APPROVAL_REQUIRED,,NONE,docs/gsc/rerubsue_gsc_recovery_plan_2026-07-06.xlsx+NONE,Off-topic legacy niche (alcohol / pawn / home appliance) or thin archive
/tag/รับจำนำโน๊ตบุ๊ค-อำเภอศร/,UNKNOWN,ARCHIVE,archive,90_DAYS_PERFORMANCE_EXPORT,2026-04-07,2026-07-06,0,0,0.00,0,20,0,D_RETIRE,UNREGISTERED_OR_PRIVATE,FUTURE_RETIREMENT_APPROVAL_REQUIRED,,NONE,docs/gsc/rerubsue_gsc_recovery_plan_2026-07-06.xlsx+NONE,Off-topic legacy niche (alcohol / pawn / home appliance) or thin archive
/tag/รับจำนำโน๊ตบุ๊ค-อำเภอสำ/,UNKNOWN,ARCHIVE,archive,90_DAYS_PERFORMANCE_EXPORT,2026-04-07,2026-07-06,0,0,0.00,0,20,0,D_RETIRE,UNREGISTERED_OR_PRIVATE,FUTURE_RETIREMENT_APPROVAL_REQUIRED,,NONE,docs/gsc/rerubsue_gsc_recovery_plan_2026-07-06.xlsx+NONE,Off-topic legacy niche (alcohol / pawn / home appliance) or thin archive
/tag/รับจำนำโน๊ตบุ๊ค-อำเภอสิ/,UNKNOWN,ARCHIVE,archive,90_DAYS_PERFORMANCE_EXPORT,2026-04-07,2026-07-06,0,0,0.00,0,20,0,D_RETIRE,UNREGISTERED_OR_PRIVATE,FUTURE_RETIREMENT_APPROVAL_REQUIRED,,NONE,docs/gsc/rerubsue_gsc_recovery_plan_2026-07-06.xlsx+NONE,Off-topic legacy niche (alcohol / pawn / home appliance) or thin archive
/tag/รับจำนำโน๊ตบุ๊ค-อำเภอโข/,UNKNOWN,ARCHIVE,archive,90_DAYS_PERFORMANCE_EXPORT,2026-04-07,2026-07-06,0,0,0.00,0,20,0,D_RETIRE,UNREGISTERED_OR_PRIVATE,FUTURE_RETIREMENT_APPROVAL_REQUIRED,,NONE,docs/gsc/rerubsue_gsc_recovery_plan_2026-07-06.xlsx+NONE,Off-topic legacy niche (alcohol / pawn / home appliance) or thin archive
/tag/รับจำนำโน๊ตบุ๊คอำนาจเจ/,UNKNOWN,ARCHIVE,archive,90_DAYS_PERFORMANCE_EXPORT,2026-04-07,2026-07-06,0,3,8.67,0,30,0,D_RETIRE,UNREGISTERED_OR_PRIVATE,FUTURE_RETIREMENT_APPROVAL_REQUIRED,,NONE,docs/gsc/rerubsue_gsc_recovery_plan_2026-07-06.xlsx+NONE,Off-topic legacy niche (alcohol / pawn / home appliance) or thin archive
/tag/รับจำนำโน๊ตบุ๊คอุบล/,UNKNOWN,ARCHIVE,archive,90_DAYS_PERFORMANCE_EXPORT,2026-04-07,2026-07-06,0,0,0.00,0,20,0,D_RETIRE,UNREGISTERED_OR_PRIVATE,FUTURE_RETIREMENT_APPROVAL_REQUIRED,,NONE,docs/gsc/rerubsue_gsc_recovery_plan_2026-07-06.xlsx+NONE,Off-topic legacy niche (alcohol / pawn / home appliance) or thin archive
/tag/รับจำนำใกล้ฉัน/,UNKNOWN,ARCHIVE,archive,90_DAYS_PERFORMANCE_EXPORT,2026-04-07,2026-07-06,0,0,0.00,0,20,0,D_RETIRE,UNREGISTERED_OR_PRIVATE,FUTURE_RETIREMENT_APPROVAL_REQUIRED,,NONE,docs/gsc/rerubsue_gsc_recovery_plan_2026-07-06.xlsx+NONE,Off-topic legacy niche (alcohol / pawn / home appliance) or thin archive
/tag/รับจำนำในเมืองอุบลราชธ/,UNKNOWN,ARCHIVE,archive,90_DAYS_PERFORMANCE_EXPORT,2026-04-07,2026-07-06,0,0,0.00,0,20,0,D_RETIRE,UNREGISTERED_OR_PRIVATE,FUTURE_RETIREMENT_APPROVAL_REQUIRED,,NONE,docs/gsc/rerubsue_gsc_recovery_plan_2026-07-06.xlsx+NONE,Off-topic legacy niche (alcohol / pawn / home appliance) or thin archive
/tag/รับจำนำไอแพดอุบล/,UNKNOWN,ARCHIVE,archive,90_DAYS_PERFORMANCE_EXPORT,2026-04-07,2026-07-06,0,4,11.50,0,20,0,D_RETIRE,UNREGISTERED_OR_PRIVATE,FUTURE_RETIREMENT_APPROVAL_REQUIRED,,NONE,docs/gsc/rerubsue_gsc_recovery_plan_2026-07-06.xlsx+NONE,Off-topic legacy niche (alcohol / pawn / home appliance) or thin archive
/tag/รับจำนำไอโฟน-12/,UNKNOWN,ARCHIVE,archive,90_DAYS_PERFORMANCE_EXPORT,2026-04-07,2026-07-06,0,0,0.00,0,20,0,D_RETIRE,UNREGISTERED_OR_PRIVATE,FUTURE_RETIREMENT_APPROVAL_REQUIRED,,NONE,docs/gsc/rerubsue_gsc_recovery_plan_2026-07-06.xlsx+NONE,Off-topic legacy niche (alcohol / pawn / home appliance) or thin archive
/tag/รับจำนำไอโฟน-14-promax/,UNKNOWN,ARCHIVE,archive,90_DAYS_PERFORMANCE_EXPORT,2026-04-07,2026-07-06,0,0,0.00,0,20,0,D_RETIRE,UNREGISTERED_OR_PRIVATE,FUTURE_RETIREMENT_APPROVAL_REQUIRED,,NONE,docs/gsc/rerubsue_gsc_recovery_plan_2026-07-06.xlsx+NONE,Off-topic legacy niche (alcohol / pawn / home appliance) or thin archive
/tag/รับจำนำไอโฟน-อำเภอกุดข้/,UNKNOWN,ARCHIVE,archive,90_DAYS_PERFORMANCE_EXPORT,2026-04-07,2026-07-06,0,8,7.88,0,30,0,D_RETIRE,UNREGISTERED_OR_PRIVATE,FUTURE_RETIREMENT_APPROVAL_REQUIRED,,NONE,docs/gsc/rerubsue_gsc_recovery_plan_2026-07-06.xlsx+NONE,Off-topic legacy niche (alcohol / pawn / home appliance) or thin archive
/tag/รับจำนำไอโฟน-อำเภอดอนมด/,UNKNOWN,ARCHIVE,archive,90_DAYS_PERFORMANCE_EXPORT,2026-04-07,2026-07-06,0,0,0.00,0,20,0,D_RETIRE,UNREGISTERED_OR_PRIVATE,FUTURE_RETIREMENT_APPROVAL_REQUIRED,,NONE,docs/gsc/rerubsue_gsc_recovery_plan_2026-07-06.xlsx+NONE,Off-topic legacy niche (alcohol / pawn / home appliance) or thin archive
/tag/รับจำนำไอโฟน-อำเภอทุ่งศ/,UNKNOWN,ARCHIVE,archive,90_DAYS_PERFORMANCE_EXPORT,2026-04-07,2026-07-06,0,0,0.00,0,20,0,D_RETIRE,UNREGISTERED_OR_PRIVATE,FUTURE_RETIREMENT_APPROVAL_REQUIRED,,NONE,docs/gsc/rerubsue_gsc_recovery_plan_2026-07-06.xlsx+NONE,Off-topic legacy niche (alcohol / pawn / home appliance) or thin archive
/tag/รับจำนำไอโฟน-อำเภอนาจะห/feed/,UNKNOWN,ARCHIVE,archive,90_DAYS_PERFORMANCE_EXPORT,2026-04-07,2026-07-06,0,0,0.00,0,20,0,D_RETIRE,UNREGISTERED_OR_PRIVATE,FUTURE_RETIREMENT_APPROVAL_REQUIRED,,NONE,docs/gsc/rerubsue_gsc_recovery_plan_2026-07-06.xlsx+NONE,Off-topic legacy niche (alcohol / pawn / home appliance) or thin archive
/tag/รับจำนำไอโฟน-อำเภอนาเยี/,UNKNOWN,ARCHIVE,archive,90_DAYS_PERFORMANCE_EXPORT,2026-04-07,2026-07-06,0,0,0.00,0,20,0,D_RETIRE,UNREGISTERED_OR_PRIVATE,FUTURE_RETIREMENT_APPROVAL_REQUIRED,,NONE,docs/gsc/rerubsue_gsc_recovery_plan_2026-07-06.xlsx+NONE,Off-topic legacy niche (alcohol / pawn / home appliance) or thin archive
/tag/รับจำนำไอโฟน-อำเภอน้ำขุ/,UNKNOWN,ARCHIVE,archive,90_DAYS_PERFORMANCE_EXPORT,2026-04-07,2026-07-06,0,13,8.23,0,30,0,D_RETIRE,UNREGISTERED_OR_PRIVATE,FUTURE_RETIREMENT_APPROVAL_REQUIRED,,NONE,docs/gsc/rerubsue_gsc_recovery_plan_2026-07-06.xlsx+NONE,Off-topic legacy niche (alcohol / pawn / home appliance) or thin archive
/tag/รับจำนำไอโฟน-อำเภอน้ำยื/,UNKNOWN,ARCHIVE,archive,90_DAYS_PERFORMANCE_EXPORT,2026-04-07,2026-07-06,0,1,7.00,0,30,0,D_RETIRE,UNREGISTERED_OR_PRIVATE,FUTURE_RETIREMENT_APPROVAL_REQUIRED,,NONE,docs/gsc/rerubsue_gsc_recovery_plan_2026-07-06.xlsx+NONE,Off-topic legacy niche (alcohol / pawn / home appliance) or thin archive
/tag/รับจำนำไอโฟน-อำเภอพิบูล/,UNKNOWN,ARCHIVE,archive,90_DAYS_PERFORMANCE_EXPORT,2026-04-07,2026-07-06,0,0,0.00,0,20,0,D_RETIRE,UNREGISTERED_OR_PRIVATE,FUTURE_RETIREMENT_APPROVAL_REQUIRED,,NONE,docs/gsc/rerubsue_gsc_recovery_plan_2026-07-06.xlsx+NONE,Off-topic legacy niche (alcohol / pawn / home appliance) or thin archive
/tag/รับจำนำไอโฟน-อำเภอม่วงส/,UNKNOWN,ARCHIVE,archive,90_DAYS_PERFORMANCE_EXPORT,2026-04-07,2026-07-06,0,0,0.00,0,20,0,D_RETIRE,UNREGISTERED_OR_PRIVATE,FUTURE_RETIREMENT_APPROVAL_REQUIRED,,NONE,docs/gsc/rerubsue_gsc_recovery_plan_2026-07-06.xlsx+NONE,Off-topic legacy niche (alcohol / pawn / home appliance) or thin archive
/tag/รับจำนำไอโฟน-อำเภอศรีเม/,UNKNOWN,ARCHIVE,archive,90_DAYS_PERFORMANCE_EXPORT,2026-04-07,2026-07-06,0,0,0.00,0,20,0,D_RETIRE,UNREGISTERED_OR_PRIVATE,FUTURE_RETIREMENT_APPROVAL_REQUIRED,,NONE,docs/gsc/rerubsue_gsc_recovery_plan_2026-07-06.xlsx+NONE,Off-topic legacy niche (alcohol / pawn / home appliance) or thin archive
/tag/รับจำนำไอโฟน-อำเภอเขมรา/,UNKNOWN,ARCHIVE,archive,90_DAYS_PERFORMANCE_EXPORT,2026-04-07,2026-07-06,0,29,3.90,0,45,0,D_RETIRE,UNREGISTERED_OR_PRIVATE,FUTURE_RETIREMENT_APPROVAL_REQUIRED,,NONE,docs/gsc/rerubsue_gsc_recovery_plan_2026-07-06.xlsx+NONE,Off-topic legacy niche (alcohol / pawn / home appliance) or thin archive
/tag/รับจำนำไอโฟน-อำเภอเขื่อ/,UNKNOWN,ARCHIVE,archive,90_DAYS_PERFORMANCE_EXPORT,2026-04-07,2026-07-06,0,2,11.00,0,20,0,D_RETIRE,UNREGISTERED_OR_PRIVATE,FUTURE_RETIREMENT_APPROVAL_REQUIRED,,NONE,docs/gsc/rerubsue_gsc_recovery_plan_2026-07-06.xlsx+NONE,Off-topic legacy niche (alcohol / pawn / home appliance) or thin archive
/tag/รับจำนำไอโฟน-อำเภอเหล่า/,UNKNOWN,ARCHIVE,archive,90_DAYS_PERFORMANCE_EXPORT,2026-04-07,2026-07-06,0,0,0.00,0,20,0,D_RETIRE,UNREGISTERED_OR_PRIVATE,FUTURE_RETIREMENT_APPROVAL_REQUIRED,,NONE,docs/gsc/rerubsue_gsc_recovery_plan_2026-07-06.xlsx+NONE,Off-topic legacy niche (alcohol / pawn / home appliance) or thin archive
/tag/รับจำนำไอโฟน-อำเภอโพธิ์/,UNKNOWN,ARCHIVE,archive,90_DAYS_PERFORMANCE_EXPORT,2026-04-07,2026-07-06,0,0,0.00,0,20,0,D_RETIRE,UNREGISTERED_OR_PRIVATE,FUTURE_RETIREMENT_APPROVAL_REQUIRED,,NONE,docs/gsc/rerubsue_gsc_recovery_plan_2026-07-06.xlsx+NONE,Off-topic legacy niche (alcohol / pawn / home appliance) or thin archive
/tag/รับจำนำไอโฟน/,UNKNOWN,ARCHIVE,archive,90_DAYS_PERFORMANCE_EXPORT,2026-04-07,2026-07-06,0,0,0.00,0,20,0,D_RETIRE,UNREGISTERED_OR_PRIVATE,FUTURE_RETIREMENT_APPROVAL_REQUIRED,,NONE,docs/gsc/rerubsue_gsc_recovery_plan_2026-07-06.xlsx+NONE,Off-topic legacy niche (alcohol / pawn / home appliance) or thin archive
/tag/รับจำนำไอโฟนยโสธร/,UNKNOWN,ARCHIVE,archive,90_DAYS_PERFORMANCE_EXPORT,2026-04-07,2026-07-06,0,0,0.00,0,20,0,D_RETIRE,UNREGISTERED_OR_PRIVATE,FUTURE_RETIREMENT_APPROVAL_REQUIRED,,NONE,docs/gsc/rerubsue_gsc_recovery_plan_2026-07-06.xlsx+NONE,Off-topic legacy niche (alcohol / pawn / home appliance) or thin archive
/tag/รับจำนำไอโฟนศรีสะเกษ/,UNKNOWN,ARCHIVE,archive,90_DAYS_PERFORMANCE_EXPORT,2026-04-07,2026-07-06,0,0,0.00,0,20,0,D_RETIRE,UNREGISTERED_OR_PRIVATE,FUTURE_RETIREMENT_APPROVAL_REQUIRED,,NONE,docs/gsc/rerubsue_gsc_recovery_plan_2026-07-06.xlsx+NONE,Off-topic legacy niche (alcohol / pawn / home appliance) or thin archive
/tag/รับจำนำไอโฟนศรีสะเกษ/feed/,UNKNOWN,ARCHIVE,archive,90_DAYS_PERFORMANCE_EXPORT,2026-04-07,2026-07-06,0,0,0.00,0,20,0,D_RETIRE,UNREGISTERED_OR_PRIVATE,FUTURE_RETIREMENT_APPROVAL_REQUIRED,,NONE,docs/gsc/rerubsue_gsc_recovery_plan_2026-07-06.xlsx+NONE,Off-topic legacy niche (alcohol / pawn / home appliance) or thin archive
/tag/รับจำนำไอโฟนอำนาจเจริญ/page/2/,UNKNOWN,ARCHIVE,archive,90_DAYS_PERFORMANCE_EXPORT,2026-04-07,2026-07-06,0,0,0.00,0,20,0,D_RETIRE,UNREGISTERED_OR_PRIVATE,FUTURE_RETIREMENT_APPROVAL_REQUIRED,,NONE,docs/gsc/rerubsue_gsc_recovery_plan_2026-07-06.xlsx+NONE,Off-topic legacy niche (alcohol / pawn / home appliance) or thin archive
/tag/รับซื้อ-airpod-กมลาไสย-กาฬสินธ/,UNKNOWN,ARCHIVE,archive,90_DAYS_PERFORMANCE_EXPORT,2026-04-07,2026-07-06,0,0,0.00,0,20,0,D_RETIRE,UNREGISTERED_OR_PRIVATE,FUTURE_RETIREMENT_APPROVAL_REQUIRED,,NONE,docs/gsc/rerubsue_gsc_recovery_plan_2026-07-06.xlsx+NONE,Off-topic legacy niche (alcohol / pawn / home appliance) or thin archive
/tag/รับซื้อ-airpod-คำชะอี-มุกดาหาร/,UNKNOWN,ARCHIVE,archive,90_DAYS_PERFORMANCE_EXPORT,2026-04-07,2026-07-06,0,0,0.00,0,20,0,D_RETIRE,UNREGISTERED_OR_PRIVATE,FUTURE_RETIREMENT_APPROVAL_REQUIRED,,NONE,docs/gsc/rerubsue_gsc_recovery_plan_2026-07-06.xlsx+NONE,Off-topic legacy niche (alcohol / pawn / home appliance) or thin archive
/tag/รับซื้อ-airpod-ชานุมาน-อำนาจเจ/,UNKNOWN,ARCHIVE,archive,90_DAYS_PERFORMANCE_EXPORT,2026-04-07,2026-07-06,0,0,0.00,0,20,0,D_RETIRE,UNREGISTERED_OR_PRIVATE,FUTURE_RETIREMENT_APPROVAL_REQUIRED,,NONE,docs/gsc/rerubsue_gsc_recovery_plan_2026-07-06.xlsx+NONE,Off-topic legacy niche (alcohol / pawn / home appliance) or thin archive
/tag/รับซื้อ-airpod-ชุมแพ-ขอนแก่น/,UNKNOWN,ARCHIVE,archive,90_DAYS_PERFORMANCE_EXPORT,2026-04-07,2026-07-06,0,0,0.00,0,20,0,D_RETIRE,UNREGISTERED_OR_PRIVATE,FUTURE_RETIREMENT_APPROVAL_REQUIRED,,NONE,docs/gsc/rerubsue_gsc_recovery_plan_2026-07-06.xlsx+NONE,Off-topic legacy niche (alcohol / pawn / home appliance) or thin archive
/tag/รับซื้อ-airpod-นากลาง-หนองบัวล/,UNKNOWN,ARCHIVE,archive,90_DAYS_PERFORMANCE_EXPORT,2026-04-07,2026-07-06,0,0,0.00,0,20,0,D_RETIRE,UNREGISTERED_OR_PRIVATE,FUTURE_RETIREMENT_APPROVAL_REQUIRED,,NONE,docs/gsc/rerubsue_gsc_recovery_plan_2026-07-06.xlsx+NONE,Off-topic legacy niche (alcohol / pawn / home appliance) or thin archive
/tag/รับซื้อ-airpod-นิคมคำสร้อย-มุก/,UNKNOWN,ARCHIVE,archive,90_DAYS_PERFORMANCE_EXPORT,2026-04-07,2026-07-06,0,0,0.00,0,20,0,D_RETIRE,UNREGISTERED_OR_PRIVATE,FUTURE_RETIREMENT_APPROVAL_REQUIRED,,NONE,docs/gsc/rerubsue_gsc_recovery_plan_2026-07-06.xlsx+NONE,Off-topic legacy niche (alcohol / pawn / home appliance) or thin archive
/tag/รับซื้อ-airpod-บ้านไผ่-ขอนแก่น/,UNKNOWN,ARCHIVE,archive,90_DAYS_PERFORMANCE_EXPORT,2026-04-07,2026-07-06,0,1,6.00,0,30,0,D_RETIRE,UNREGISTERED_OR_PRIVATE,FUTURE_RETIREMENT_APPROVAL_REQUIRED,,NONE,docs/gsc/rerubsue_gsc_recovery_plan_2026-07-06.xlsx+NONE,Off-topic legacy niche (alcohol / pawn / home appliance) or thin archive
/tag/รับซื้อ-airpod-ศรีเชียงใหม่-หน/,UNKNOWN,ARCHIVE,archive,90_DAYS_PERFORMANCE_EXPORT,2026-04-07,2026-07-06,0,0,0.00,0,20,0,D_RETIRE,UNREGISTERED_OR_PRIVATE,FUTURE_RETIREMENT_APPROVAL_REQUIRED,,NONE,docs/gsc/rerubsue_gsc_recovery_plan_2026-07-06.xlsx+NONE,Off-topic legacy niche (alcohol / pawn / home appliance) or thin archive
/tag/รับซื้อ-airpod-เมืองหนองคาย-หน/,UNKNOWN,ARCHIVE,archive,90_DAYS_PERFORMANCE_EXPORT,2026-04-07,2026-07-06,0,0,0.00,0,20,0,D_RETIRE,UNREGISTERED_OR_PRIVATE,FUTURE_RETIREMENT_APPROVAL_REQUIRED,,NONE,docs/gsc/rerubsue_gsc_recovery_plan_2026-07-06.xlsx+NONE,Off-topic legacy niche (alcohol / pawn / home appliance) or thin archive
/tag/รับซื้อ-airpod-เมืองหนองบัวลำ/,UNKNOWN,ARCHIVE,archive,90_DAYS_PERFORMANCE_EXPORT,2026-04-07,2026-07-06,0,0,0.00,0,20,0,D_RETIRE,UNREGISTERED_OR_PRIVATE,FUTURE_RETIREMENT_APPROVAL_REQUIRED,,NONE,docs/gsc/rerubsue_gsc_recovery_plan_2026-07-06.xlsx+NONE,Off-topic legacy niche (alcohol / pawn / home appliance) or thin archive
/tag/รับซื้อ-airpod-โนนสูง-นครราชสี/,UNKNOWN,ARCHIVE,archive,90_DAYS_PERFORMANCE_EXPORT,2026-04-07,2026-07-06,0,0,0.00,0,20,0,D_RETIRE,UNREGISTERED_OR_PRIVATE,FUTURE_RETIREMENT_APPROVAL_REQUIRED,,NONE,docs/gsc/rerubsue_gsc_recovery_plan_2026-07-06.xlsx+NONE,Off-topic legacy niche (alcohol / pawn / home appliance) or thin archive
/tag/รับซื้อ-airpod-โพนทอง-ร้อยเอ็ด/,UNKNOWN,ARCHIVE,archive,90_DAYS_PERFORMANCE_EXPORT,2026-04-07,2026-07-06,0,0,0.00,0,20,0,D_RETIRE,UNREGISTERED_OR_PRIVATE,FUTURE_RETIREMENT_APPROVAL_REQUIRED,,NONE,docs/gsc/rerubsue_gsc_recovery_plan_2026-07-06.xlsx+NONE,Off-topic legacy niche (alcohol / pawn / home appliance) or thin archive
/tag/รับซื้อ-apple-watch-มือสอง/,UNKNOWN,ARCHIVE,archive,90_DAYS_PERFORMANCE_EXPORT,2026-04-07,2026-07-06,0,0,0.00,0,20,0,D_RETIRE,UNREGISTERED_OR_PRIVATE,FUTURE_RETIREMENT_APPROVAL_REQUIRED,,NONE,docs/gsc/rerubsue_gsc_recovery_plan_2026-07-06.xlsx+NONE,Off-topic legacy niche (alcohol / pawn / home appliance) or thin archive
/tag/รับซื้อ-apple-watch-ยโสธร/,UNKNOWN,ARCHIVE,archive,90_DAYS_PERFORMANCE_EXPORT,2026-04-07,2026-07-06,0,0,0.00,0,20,0,D_RETIRE,UNREGISTERED_OR_PRIVATE,FUTURE_RETIREMENT_APPROVAL_REQUIRED,,NONE,docs/gsc/rerubsue_gsc_recovery_plan_2026-07-06.xlsx+NONE,Off-topic legacy niche (alcohol / pawn / home appliance) or thin archive
/tag/รับซื้อ-apple-watch-อุบลราชธานี/,UNKNOWN,ARCHIVE,archive,90_DAYS_PERFORMANCE_EXPORT,2026-04-07,2026-07-06,0,0,0.00,0,20,0,D_RETIRE,UNREGISTERED_OR_PRIVATE,FUTURE_RETIREMENT_APPROVAL_REQUIRED,,NONE,docs/gsc/rerubsue_gsc_recovery_plan_2026-07-06.xlsx+NONE,Off-topic legacy niche (alcohol / pawn / home appliance) or thin archive
/tag/รับซื้อ-apple-watch/,UNKNOWN,ARCHIVE,archive,90_DAYS_PERFORMANCE_EXPORT,2026-04-07,2026-07-06,0,0,0.00,0,20,0,D_RETIRE,UNREGISTERED_OR_PRIVATE,FUTURE_RETIREMENT_APPROVAL_REQUIRED,,NONE,docs/gsc/rerubsue_gsc_recovery_plan_2026-07-06.xlsx+NONE,Off-topic legacy niche (alcohol / pawn / home appliance) or thin archive
/tag/รับซื้อ-applewatch-กันทรวิชัย-มหา/,UNKNOWN,ARCHIVE,archive,90_DAYS_PERFORMANCE_EXPORT,2026-04-07,2026-07-06,0,0,0.00,0,20,0,D_RETIRE,UNREGISTERED_OR_PRIVATE,FUTURE_RETIREMENT_APPROVAL_REQUIRED,,NONE,docs/gsc/rerubsue_gsc_recovery_plan_2026-07-06.xlsx+NONE,Off-topic legacy niche (alcohol / pawn / home appliance) or thin archive
/tag/รับซื้อ-applewatch-คำเขื่อนแก้ว-ย/,UNKNOWN,ARCHIVE,archive,90_DAYS_PERFORMANCE_EXPORT,2026-04-07,2026-07-06,0,0,0.00,0,20,0,D_RETIRE,UNREGISTERED_OR_PRIVATE,FUTURE_RETIREMENT_APPROVAL_REQUIRED,,NONE,docs/gsc/rerubsue_gsc_recovery_plan_2026-07-06.xlsx+NONE,Off-topic legacy niche (alcohol / pawn / home appliance) or thin archive
/tag/รับซื้อ-applewatch-ท่าบ่อ-หนองคาย/,UNKNOWN,ARCHIVE,archive,90_DAYS_PERFORMANCE_EXPORT,2026-04-07,2026-07-06,0,0,0.00,0,20,0,D_RETIRE,UNREGISTERED_OR_PRIVATE,FUTURE_RETIREMENT_APPROVAL_REQUIRED,,NONE,docs/gsc/rerubsue_gsc_recovery_plan_2026-07-06.xlsx+NONE,Off-topic legacy niche (alcohol / pawn / home appliance) or thin archive
/tag/รับซื้อ-applewatch-นากลาง-หนองบัว/,UNKNOWN,ARCHIVE,archive,90_DAYS_PERFORMANCE_EXPORT,2026-04-07,2026-07-06,0,0,0.00,0,20,0,D_RETIRE,UNREGISTERED_OR_PRIVATE,FUTURE_RETIREMENT_APPROVAL_REQUIRED,,NONE,docs/gsc/rerubsue_gsc_recovery_plan_2026-07-06.xlsx+NONE,Off-topic legacy niche (alcohol / pawn / home appliance) or thin archive
/tag/รับซื้อ-applewatch-บ้านผือ-อุดรธา/,UNKNOWN,ARCHIVE,archive,90_DAYS_PERFORMANCE_EXPORT,2026-04-07,2026-07-06,0,0,0.00,0,20,0,D_RETIRE,UNREGISTERED_OR_PRIVATE,FUTURE_RETIREMENT_APPROVAL_REQUIRED,,NONE,docs/gsc/rerubsue_gsc_recovery_plan_2026-07-06.xlsx+NONE,Off-topic legacy niche (alcohol / pawn / home appliance) or thin archive
/tag/รับซื้อ-applewatch-วังสะพุง-เลย/,UNKNOWN,ARCHIVE,archive,90_DAYS_PERFORMANCE_EXPORT,2026-04-07,2026-07-06,0,0,0.00,0,20,0,D_RETIRE,UNREGISTERED_OR_PRIVATE,FUTURE_RETIREMENT_APPROVAL_REQUIRED,,NONE,docs/gsc/rerubsue_gsc_recovery_plan_2026-07-06.xlsx+NONE,Off-topic legacy niche (alcohol / pawn / home appliance) or thin archive
/tag/รับซื้อ-applewatch-เมืองชัยภูมิ-ช/,UNKNOWN,ARCHIVE,archive,90_DAYS_PERFORMANCE_EXPORT,2026-04-07,2026-07-06,0,0,0.00,0,20,0,D_RETIRE,UNREGISTERED_OR_PRIVATE,FUTURE_RETIREMENT_APPROVAL_REQUIRED,,NONE,docs/gsc/rerubsue_gsc_recovery_plan_2026-07-06.xlsx+NONE,Off-topic legacy niche (alcohol / pawn / home appliance) or thin archive
/tag/รับซื้อ-applewatch-เมืองอุดรธานี/,UNKNOWN,ARCHIVE,archive,90_DAYS_PERFORMANCE_EXPORT,2026-04-07,2026-07-06,0,0,0.00,0,20,0,D_RETIRE,UNREGISTERED_OR_PRIVATE,FUTURE_RETIREMENT_APPROVAL_REQUIRED,,NONE,docs/gsc/rerubsue_gsc_recovery_plan_2026-07-06.xlsx+NONE,Off-topic legacy niche (alcohol / pawn / home appliance) or thin archive
/tag/รับซื้อ-applewatch-เรณูนคร-นครพนม/,UNKNOWN,ARCHIVE,archive,90_DAYS_PERFORMANCE_EXPORT,2026-04-07,2026-07-06,0,0,0.00,0,20,0,D_RETIRE,UNREGISTERED_OR_PRIVATE,FUTURE_RETIREMENT_APPROVAL_REQUIRED,,NONE,docs/gsc/rerubsue_gsc_recovery_plan_2026-07-06.xlsx+NONE,Off-topic legacy niche (alcohol / pawn / home appliance) or thin archive
/tag/รับซื้อ-computer-ขอนแก่น/,UNKNOWN,ARCHIVE,archive,90_DAYS_PERFORMANCE_EXPORT,2026-04-07,2026-07-06,0,0,0.00,0,20,0,D_RETIRE,UNREGISTERED_OR_PRIVATE,FUTURE_RETIREMENT_APPROVAL_REQUIRED,,NONE,docs/gsc/rerubsue_gsc_recovery_plan_2026-07-06.xlsx+NONE,Off-topic legacy niche (alcohol / pawn / home appliance) or thin archive
/tag/รับซื้อ-computer-นครราชสีมา/,UNKNOWN,ARCHIVE,archive,90_DAYS_PERFORMANCE_EXPORT,2026-04-07,2026-07-06,0,0,0.00,0,20,0,D_RETIRE,UNREGISTERED_OR_PRIVATE,FUTURE_RETIREMENT_APPROVAL_REQUIRED,,NONE,docs/gsc/rerubsue_gsc_recovery_plan_2026-07-06.xlsx+NONE,Off-topic legacy niche (alcohol / pawn / home appliance) or thin archive
/tag/รับซื้อ-computer-รับประมูลงานรั/,UNKNOWN,ARCHIVE,archive,90_DAYS_PERFORMANCE_EXPORT,2026-04-07,2026-07-06,0,0,0.00,0,20,0,D_RETIRE,UNREGISTERED_OR_PRIVATE,FUTURE_RETIREMENT_APPROVAL_REQUIRED,,NONE,docs/gsc/rerubsue_gsc_recovery_plan_2026-07-06.xlsx+NONE,Off-topic legacy niche (alcohol / pawn / home appliance) or thin archive
/tag/รับซื้อ-computer-ร้อยเอ็ด/,UNKNOWN,ARCHIVE,archive,90_DAYS_PERFORMANCE_EXPORT,2026-04-07,2026-07-06,0,0,0.00,0,20,0,D_RETIRE,UNREGISTERED_OR_PRIVATE,FUTURE_RETIREMENT_APPROVAL_REQUIRED,,NONE,docs/gsc/rerubsue_gsc_recovery_plan_2026-07-06.xlsx+NONE,Off-topic legacy niche (alcohol / pawn / home appliance) or thin archive
/tag/รับซื้อ-computer-ศรีสะเกษ/,UNKNOWN,ARCHIVE,archive,90_DAYS_PERFORMANCE_EXPORT,2026-04-07,2026-07-06,0,0,0.00,0,20,0,D_RETIRE,UNREGISTERED_OR_PRIVATE,FUTURE_RETIREMENT_APPROVAL_REQUIRED,,NONE,docs/gsc/rerubsue_gsc_recovery_plan_2026-07-06.xlsx+NONE,Off-topic legacy niche (alcohol / pawn / home appliance) or thin archive
/tag/รับซื้อ-computer-สกลนคร/,UNKNOWN,ARCHIVE,archive,90_DAYS_PERFORMANCE_EXPORT,2026-04-07,2026-07-06,0,5,9.60,0,30,0,D_RETIRE,UNREGISTERED_OR_PRIVATE,FUTURE_RETIREMENT_APPROVAL_REQUIRED,,NONE,docs/gsc/rerubsue_gsc_recovery_plan_2026-07-06.xlsx+NONE,Off-topic legacy niche (alcohol / pawn / home appliance) or thin archive
/tag/รับซื้อ-computer-สุรินทร์/,UNKNOWN,ARCHIVE,archive,90_DAYS_PERFORMANCE_EXPORT,2026-04-07,2026-07-06,0,0,0.00,0,20,0,D_RETIRE,UNREGISTERED_OR_PRIVATE,FUTURE_RETIREMENT_APPROVAL_REQUIRED,,NONE,docs/gsc/rerubsue_gsc_recovery_plan_2026-07-06.xlsx+NONE,Off-topic legacy niche (alcohol / pawn / home appliance) or thin archive
/tag/รับซื้อ-computer-หนองคาย/,UNKNOWN,ARCHIVE,archive,90_DAYS_PERFORMANCE_EXPORT,2026-04-07,2026-07-06,0,0,0.00,0,20,0,D_RETIRE,UNREGISTERED_OR_PRIVATE,FUTURE_RETIREMENT_APPROVAL_REQUIRED,,NONE,docs/gsc/rerubsue_gsc_recovery_plan_2026-07-06.xlsx+NONE,Off-topic legacy niche (alcohol / pawn / home appliance) or thin archive
/tag/รับซื้อ-computer-อำนาจเจริญ/,UNKNOWN,ARCHIVE,archive,90_DAYS_PERFORMANCE_EXPORT,2026-04-07,2026-07-06,0,0,0.00,0,20,0,D_RETIRE,UNREGISTERED_OR_PRIVATE,FUTURE_RETIREMENT_APPROVAL_REQUIRED,,NONE,docs/gsc/rerubsue_gsc_recovery_plan_2026-07-06.xlsx+NONE,Off-topic legacy niche (alcohol / pawn / home appliance) or thin archive
/tag/รับซื้อ-computer-อุดรธานี/,UNKNOWN,ARCHIVE,archive,90_DAYS_PERFORMANCE_EXPORT,2026-04-07,2026-07-06,0,2,11.00,0,20,0,D_RETIRE,UNREGISTERED_OR_PRIVATE,FUTURE_RETIREMENT_APPROVAL_REQUIRED,,NONE,docs/gsc/rerubsue_gsc_recovery_plan_2026-07-06.xlsx+NONE,Off-topic legacy niche (alcohol / pawn / home appliance) or thin archive
/tag/รับซื้อ-cpu/,UNKNOWN,ARCHIVE,archive,90_DAYS_PERFORMANCE_EXPORT,2026-04-07,2026-07-06,0,0,0.00,0,20,0,D_RETIRE,UNREGISTERED_OR_PRIVATE,FUTURE_RETIREMENT_APPROVAL_REQUIRED,,NONE,docs/gsc/rerubsue_gsc_recovery_plan_2026-07-06.xlsx+NONE,Off-topic legacy niche (alcohol / pawn / home appliance) or thin archive
/tag/รับซื้อ-drone-มุกดาหาร/,UNKNOWN,ARCHIVE,archive,90_DAYS_PERFORMANCE_EXPORT,2026-04-07,2026-07-06,0,0,0.00,0,20,0,D_RETIRE,UNREGISTERED_OR_PRIVATE,FUTURE_RETIREMENT_APPROVAL_REQUIRED,,NONE,docs/gsc/rerubsue_gsc_recovery_plan_2026-07-06.xlsx+NONE,Off-topic legacy niche (alcohol / pawn / home appliance) or thin archive
/tag/รับซื้อ-drone-ใกล้ฉัน/,UNKNOWN,ARCHIVE,archive,90_DAYS_PERFORMANCE_EXPORT,2026-04-07,2026-07-06,0,0,0.00,0,20,0,D_RETIRE,UNREGISTERED_OR_PRIVATE,FUTURE_RETIREMENT_APPROVAL_REQUIRED,,NONE,docs/gsc/rerubsue_gsc_recovery_plan_2026-07-06.xlsx+NONE,Off-topic legacy niche (alcohol / pawn / home appliance) or thin archive
/tag/รับซื้อ-harddisk-pc/,UNKNOWN,ARCHIVE,archive,90_DAYS_PERFORMANCE_EXPORT,2026-04-07,2026-07-06,0,0,0.00,0,20,0,D_RETIRE,UNREGISTERED_OR_PRIVATE,FUTURE_RETIREMENT_APPROVAL_REQUIRED,,NONE,docs/gsc/rerubsue_gsc_recovery_plan_2026-07-06.xlsx+NONE,Off-topic legacy niche (alcohol / pawn / home appliance) or thin archive
/tag/รับซื้อ-harddisk-ใหม่/,UNKNOWN,ARCHIVE,archive,90_DAYS_PERFORMANCE_EXPORT,2026-04-07,2026-07-06,0,0,0.00,0,20,0,D_RETIRE,UNREGISTERED_OR_PRIVATE,FUTURE_RETIREMENT_APPROVAL_REQUIRED,,NONE,docs/gsc/rerubsue_gsc_recovery_plan_2026-07-06.xlsx+NONE,Off-topic legacy niche (alcohol / pawn / home appliance) or thin archive
/tag/รับซื้อ-harddisk/,UNKNOWN,ARCHIVE,archive,90_DAYS_PERFORMANCE_EXPORT,2026-04-07,2026-07-06,0,0,0.00,0,20,0,D_RETIRE,UNREGISTERED_OR_PRIVATE,FUTURE_RETIREMENT_APPROVAL_REQUIRED,,NONE,docs/gsc/rerubsue_gsc_recovery_plan_2026-07-06.xlsx+NONE,Off-topic legacy niche (alcohol / pawn / home appliance) or thin archive
/tag/รับซื้อ-hdd/,UNKNOWN,ARCHIVE,archive,90_DAYS_PERFORMANCE_EXPORT,2026-04-07,2026-07-06,0,0,0.00,0,20,0,D_RETIRE,UNREGISTERED_OR_PRIVATE,FUTURE_RETIREMENT_APPROVAL_REQUIRED,,NONE,docs/gsc/rerubsue_gsc_recovery_plan_2026-07-06.xlsx+NONE,Off-topic legacy niche (alcohol / pawn / home appliance) or thin archive
/tag/รับซื้อ-imac-ขุขันธ์-ศรีสะเก/,UNKNOWN,ARCHIVE,archive,90_DAYS_PERFORMANCE_EXPORT,2026-04-07,2026-07-06,0,0,0.00,0,20,0,D_RETIRE,UNREGISTERED_OR_PRIVATE,FUTURE_RETIREMENT_APPROVAL_REQUIRED,,NONE,docs/gsc/rerubsue_gsc_recovery_plan_2026-07-06.xlsx+NONE,Off-topic legacy niche (alcohol / pawn / home appliance) or thin archive
/tag/รับซื้อ-imac-จัตุรัส-ชัยภูมิ/,UNKNOWN,ARCHIVE,archive,90_DAYS_PERFORMANCE_EXPORT,2026-04-07,2026-07-06,0,0,0.00,0,20,0,D_RETIRE,UNREGISTERED_OR_PRIVATE,FUTURE_RETIREMENT_APPROVAL_REQUIRED,,NONE,docs/gsc/rerubsue_gsc_recovery_plan_2026-07-06.xlsx+NONE,Off-topic legacy niche (alcohol / pawn / home appliance) or thin archive
/tag/รับซื้อ-imac-มหาชนะชัย-ยโสธร/,UNKNOWN,ARCHIVE,archive,90_DAYS_PERFORMANCE_EXPORT,2026-04-07,2026-07-06,0,0,0.00,0,20,0,D_RETIRE,UNREGISTERED_OR_PRIVATE,FUTURE_RETIREMENT_APPROVAL_REQUIRED,,NONE,docs/gsc/rerubsue_gsc_recovery_plan_2026-07-06.xlsx+NONE,Off-topic legacy niche (alcohol / pawn / home appliance) or thin archive
/tag/รับซื้อ-imac-วาริชภูมิ-สกลนค/,UNKNOWN,ARCHIVE,archive,90_DAYS_PERFORMANCE_EXPORT,2026-04-07,2026-07-06,0,0,0.00,0,20,0,D_RETIRE,UNREGISTERED_OR_PRIVATE,FUTURE_RETIREMENT_APPROVAL_REQUIRED,,NONE,docs/gsc/rerubsue_gsc_recovery_plan_2026-07-06.xlsx+NONE,Off-topic legacy niche (alcohol / pawn / home appliance) or thin archive
/tag/รับซื้อ-imac-เชียงคาน-เลย/,UNKNOWN,ARCHIVE,archive,90_DAYS_PERFORMANCE_EXPORT,2026-04-07,2026-07-06,0,0,0.00,0,20,0,D_RETIRE,UNREGISTERED_OR_PRIVATE,FUTURE_RETIREMENT_APPROVAL_REQUIRED,,NONE,docs/gsc/rerubsue_gsc_recovery_plan_2026-07-06.xlsx+NONE,Off-topic legacy niche (alcohol / pawn / home appliance) or thin archive
/tag/รับซื้อ-imac-เมืองมหาสารคาม/,UNKNOWN,ARCHIVE,archive,90_DAYS_PERFORMANCE_EXPORT,2026-04-07,2026-07-06,0,0,0.00,0,20,0,D_RETIRE,UNREGISTERED_OR_PRIVATE,FUTURE_RETIREMENT_APPROVAL_REQUIRED,,NONE,docs/gsc/rerubsue_gsc_recovery_plan_2026-07-06.xlsx+NONE,Off-topic legacy niche (alcohol / pawn / home appliance) or thin archive
/tag/รับซื้อ-ipad-กันทรวิชัย-มหาส/,UNKNOWN,ARCHIVE,archive,90_DAYS_PERFORMANCE_EXPORT,2026-04-07,2026-07-06,0,0,0.00,0,20,0,D_RETIRE,UNREGISTERED_OR_PRIVATE,FUTURE_RETIREMENT_APPROVAL_REQUIRED,,NONE,docs/gsc/rerubsue_gsc_recovery_plan_2026-07-06.xlsx+NONE,Off-topic legacy niche (alcohol / pawn / home appliance) or thin archive
/tag/รับซื้อ-ipad-กาฬสินธุ์/,UNKNOWN,ARCHIVE,archive,90_DAYS_PERFORMANCE_EXPORT,2026-04-07,2026-07-06,0,0,0.00,0,20,0,D_RETIRE,UNREGISTERED_OR_PRIVATE,FUTURE_RETIREMENT_APPROVAL_REQUIRED,,NONE,docs/gsc/rerubsue_gsc_recovery_plan_2026-07-06.xlsx+NONE,Off-topic legacy niche (alcohol / pawn / home appliance) or thin archive
/tag/รับซื้อ-ipad-ขุขันธ์-ศรีสะเก/,UNKNOWN,ARCHIVE,archive,90_DAYS_PERFORMANCE_EXPORT,2026-04-07,2026-07-06,0,0,0.00,0,20,0,D_RETIRE,UNREGISTERED_OR_PRIVATE,FUTURE_RETIREMENT_APPROVAL_REQUIRED,,NONE,docs/gsc/rerubsue_gsc_recovery_plan_2026-07-06.xlsx+NONE,Off-topic legacy niche (alcohol / pawn / home appliance) or thin archive
/tag/รับซื้อ-ipad-คำเขื่อนแก้ว-ยโ/,UNKNOWN,ARCHIVE,archive,90_DAYS_PERFORMANCE_EXPORT,2026-04-07,2026-07-06,0,0,0.00,0,20,0,D_RETIRE,UNREGISTERED_OR_PRIVATE,FUTURE_RETIREMENT_APPROVAL_REQUIRED,,NONE,docs/gsc/rerubsue_gsc_recovery_plan_2026-07-06.xlsx+NONE,Off-topic legacy niche (alcohol / pawn / home appliance) or thin archive
/tag/รับซื้อ-iphone-กันทรลักษ์-ศรีส/,UNKNOWN,ARCHIVE,archive,90_DAYS_PERFORMANCE_EXPORT,2026-04-07,2026-07-06,0,18,7.89,0,30,0,D_RETIRE,UNREGISTERED_OR_PRIVATE,FUTURE_RETIREMENT_APPROVAL_REQUIRED,,NONE,docs/gsc/rerubsue_gsc_recovery_plan_2026-07-06.xlsx+NONE,Off-topic legacy niche (alcohol / pawn / home appliance) or thin archive
/tag/รับซื้อ-iphone-ศรีบุญเรือง-หนอ/,UNKNOWN,ARCHIVE,archive,90_DAYS_PERFORMANCE_EXPORT,2026-04-07,2026-07-06,1,10,6.70,1,60,0,D_RETIRE,UNREGISTERED_OR_PRIVATE,FUTURE_RETIREMENT_APPROVAL_REQUIRED,,NONE,docs/gsc/rerubsue_gsc_recovery_plan_2026-07-06.xlsx+NONE,Off-topic legacy niche (alcohol / pawn / home appliance) or thin archive
/tag/รับซื้อ-notebook-อำเภอพิบูลมังส/,UNKNOWN,ARCHIVE,archive,90_DAYS_PERFORMANCE_EXPORT,2026-04-07,2026-07-06,2,9,8.89,2,60,0,D_RETIRE,UNREGISTERED_OR_PRIVATE,FUTURE_RETIREMENT_APPROVAL_REQUIRED,,NONE,docs/gsc/rerubsue_gsc_recovery_plan_2026-07-06.xlsx+NONE,Off-topic legacy niche (alcohol / pawn / home appliance) or thin archive
/tag/รับซื้อกล้อง-ขอนแก่น/,UNKNOWN,ARCHIVE,archive,90_DAYS_PERFORMANCE_EXPORT,2026-04-07,2026-07-06,0,1,11.00,0,20,0,D_RETIRE,UNREGISTERED_OR_PRIVATE,FUTURE_RETIREMENT_APPROVAL_REQUIRED,,NONE,docs/gsc/rerubsue_gsc_recovery_plan_2026-07-06.xlsx+NONE,Off-topic legacy niche (alcohol / pawn / home appliance) or thin archive
/tag/รับซื้อกล้อง-นครพนม/,UNKNOWN,ARCHIVE,archive,90_DAYS_PERFORMANCE_EXPORT,2026-04-07,2026-07-06,0,3,10.00,0,30,0,D_RETIRE,UNREGISTERED_OR_PRIVATE,FUTURE_RETIREMENT_APPROVAL_REQUIRED,,NONE,docs/gsc/rerubsue_gsc_recovery_plan_2026-07-06.xlsx+NONE,Off-topic legacy niche (alcohol / pawn / home appliance) or thin archive
/tag/รับซื้อกล้อง-นครราชสีมา/,UNKNOWN,ARCHIVE,archive,90_DAYS_PERFORMANCE_EXPORT,2026-04-07,2026-07-06,0,1,10.00,0,30,0,D_RETIRE,UNREGISTERED_OR_PRIVATE,FUTURE_RETIREMENT_APPROVAL_REQUIRED,,NONE,docs/gsc/rerubsue_gsc_recovery_plan_2026-07-06.xlsx+NONE,Off-topic legacy niche (alcohol / pawn / home appliance) or thin archive
/tag/รับซื้อกล้อง-บุรีรัมย์/,UNKNOWN,ARCHIVE,archive,90_DAYS_PERFORMANCE_EXPORT,2026-04-07,2026-07-06,2,17,9.82,2,60,0,D_RETIRE,UNREGISTERED_OR_PRIVATE,FUTURE_RETIREMENT_APPROVAL_REQUIRED,,NONE,docs/gsc/rerubsue_gsc_recovery_plan_2026-07-06.xlsx+NONE,Off-topic legacy niche (alcohol / pawn / home appliance) or thin archive
/tag/รับซื้อกล้อง-ปราจีนบุรี/,UNKNOWN,ARCHIVE,archive,90_DAYS_PERFORMANCE_EXPORT,2026-04-07,2026-07-06,0,3,10.00,0,30,0,D_RETIRE,UNREGISTERED_OR_PRIVATE,FUTURE_RETIREMENT_APPROVAL_REQUIRED,,NONE,docs/gsc/rerubsue_gsc_recovery_plan_2026-07-06.xlsx+NONE,Off-topic legacy niche (alcohol / pawn / home appliance) or thin archive
/tag/รับซื้อกล้อง-พัทลุง/page/3/,UNKNOWN,ARCHIVE,archive,90_DAYS_PERFORMANCE_EXPORT,2026-04-07,2026-07-06,0,5,8.80,0,30,0,D_RETIRE,UNREGISTERED_OR_PRIVATE,FUTURE_RETIREMENT_APPROVAL_REQUIRED,,NONE,docs/gsc/rerubsue_gsc_recovery_plan_2026-07-06.xlsx+NONE,Off-topic legacy niche (alcohol / pawn / home appliance) or thin archive
/tag/รับซื้อกล้อง-พิษณุโลก/,UNKNOWN,ARCHIVE,archive,90_DAYS_PERFORMANCE_EXPORT,2026-04-07,2026-07-06,0,9,9.78,0,30,0,D_RETIRE,UNREGISTERED_OR_PRIVATE,FUTURE_RETIREMENT_APPROVAL_REQUIRED,,NONE,docs/gsc/rerubsue_gsc_recovery_plan_2026-07-06.xlsx+NONE,Off-topic legacy niche (alcohol / pawn / home appliance) or thin archive
/tag/รับซื้อกล้อง-ระยอง/,UNKNOWN,ARCHIVE,archive,90_DAYS_PERFORMANCE_EXPORT,2026-04-07,2026-07-06,1,42,10.05,1,50,0,D_RETIRE,UNREGISTERED_OR_PRIVATE,FUTURE_RETIREMENT_APPROVAL_REQUIRED,,NONE,docs/gsc/rerubsue_gsc_recovery_plan_2026-07-06.xlsx+NONE,Off-topic legacy niche (alcohol / pawn / home appliance) or thin archive
/tag/รับซื้อกล้อง-ร้อยเอ็ด/,UNKNOWN,ARCHIVE,archive,90_DAYS_PERFORMANCE_EXPORT,2026-04-07,2026-07-06,0,2,12.00,0,20,0,D_RETIRE,UNREGISTERED_OR_PRIVATE,FUTURE_RETIREMENT_APPROVAL_REQUIRED,,NONE,docs/gsc/rerubsue_gsc_recovery_plan_2026-07-06.xlsx+NONE,Off-topic legacy niche (alcohol / pawn / home appliance) or thin archive
/tag/รับซื้อกล้อง-ลพบุรี/page/3/,UNKNOWN,ARCHIVE,archive,90_DAYS_PERFORMANCE_EXPORT,2026-04-07,2026-07-06,0,1,8.00,0,30,0,D_RETIRE,UNREGISTERED_OR_PRIVATE,FUTURE_RETIREMENT_APPROVAL_REQUIRED,,NONE,docs/gsc/rerubsue_gsc_recovery_plan_2026-07-06.xlsx+NONE,Off-topic legacy niche (alcohol / pawn / home appliance) or thin archive
/tag/รับซื้อกล้อง-สระบุรี/,UNKNOWN,ARCHIVE,archive,90_DAYS_PERFORMANCE_EXPORT,2026-04-07,2026-07-06,0,44,9.16,0,45,0,D_RETIRE,UNREGISTERED_OR_PRIVATE,FUTURE_RETIREMENT_APPROVAL_REQUIRED,,NONE,docs/gsc/rerubsue_gsc_recovery_plan_2026-07-06.xlsx+NONE,Off-topic legacy niche (alcohol / pawn / home appliance) or thin archive
/tag/รับซื้อกล้อง-สระแก้ว/,UNKNOWN,ARCHIVE,archive,90_DAYS_PERFORMANCE_EXPORT,2026-04-07,2026-07-06,0,1,8.00,0,30,0,D_RETIRE,UNREGISTERED_OR_PRIVATE,FUTURE_RETIREMENT_APPROVAL_REQUIRED,,NONE,docs/gsc/rerubsue_gsc_recovery_plan_2026-07-06.xlsx+NONE,Off-topic legacy niche (alcohol / pawn / home appliance) or thin archive
/tag/รับซื้อกล้อง-สิงห์บุรี/page/3/,UNKNOWN,ARCHIVE,archive,90_DAYS_PERFORMANCE_EXPORT,2026-04-07,2026-07-06,0,1,9.00,0,30,0,D_RETIRE,UNREGISTERED_OR_PRIVATE,FUTURE_RETIREMENT_APPROVAL_REQUIRED,,NONE,docs/gsc/rerubsue_gsc_recovery_plan_2026-07-06.xlsx+NONE,Off-topic legacy niche (alcohol / pawn / home appliance) or thin archive
/tag/รับซื้อกล้อง-สุพรรณบุรี/page/3/,UNKNOWN,ARCHIVE,archive,90_DAYS_PERFORMANCE_EXPORT,2026-04-07,2026-07-06,0,1,9.00,0,30,0,D_RETIRE,UNREGISTERED_OR_PRIVATE,FUTURE_RETIREMENT_APPROVAL_REQUIRED,,NONE,docs/gsc/rerubsue_gsc_recovery_plan_2026-07-06.xlsx+NONE,Off-topic legacy niche (alcohol / pawn / home appliance) or thin archive
/tag/รับซื้อกล้อง-อุตรดิตถ์/page/3/,UNKNOWN,ARCHIVE,archive,90_DAYS_PERFORMANCE_EXPORT,2026-04-07,2026-07-06,0,9,12.11,0,20,0,D_RETIRE,UNREGISTERED_OR_PRIVATE,FUTURE_RETIREMENT_APPROVAL_REQUIRED,,NONE,docs/gsc/rerubsue_gsc_recovery_plan_2026-07-06.xlsx+NONE,Off-topic legacy niche (alcohol / pawn / home appliance) or thin archive
/tag/รับซื้อกล้อง-อ่างทอง/,UNKNOWN,ARCHIVE,archive,90_DAYS_PERFORMANCE_EXPORT,2026-04-07,2026-07-06,0,3,23.33,0,20,0,D_RETIRE,UNREGISTERED_OR_PRIVATE,FUTURE_RETIREMENT_APPROVAL_REQUIRED,,NONE,docs/gsc/rerubsue_gsc_recovery_plan_2026-07-06.xlsx+NONE,Off-topic legacy niche (alcohol / pawn / home appliance) or thin archive
/tag/รับซื้อกล้อง-เชียงราย/page/3/,UNKNOWN,ARCHIVE,archive,90_DAYS_PERFORMANCE_EXPORT,2026-04-07,2026-07-06,1,27,7.85,1,60,0,D_RETIRE,UNREGISTERED_OR_PRIVATE,FUTURE_RETIREMENT_APPROVAL_REQUIRED,,NONE,docs/gsc/rerubsue_gsc_recovery_plan_2026-07-06.xlsx+NONE,Off-topic legacy niche (alcohol / pawn / home appliance) or thin archive
/tag/รับซื้อกล้อง-เลย/,UNKNOWN,ARCHIVE,archive,90_DAYS_PERFORMANCE_EXPORT,2026-04-07,2026-07-06,0,2,13.50,0,20,0,D_RETIRE,UNREGISTERED_OR_PRIVATE,FUTURE_RETIREMENT_APPROVAL_REQUIRED,,NONE,docs/gsc/rerubsue_gsc_recovery_plan_2026-07-06.xlsx+NONE,Off-topic legacy niche (alcohol / pawn / home appliance) or thin archive
/tag/รับซื้อกล้องกาฬสินธุ์/,UNKNOWN,ARCHIVE,archive,90_DAYS_PERFORMANCE_EXPORT,2026-04-07,2026-07-06,0,1,10.00,0,30,0,D_RETIRE,UNREGISTERED_OR_PRIVATE,FUTURE_RETIREMENT_APPROVAL_REQUIRED,,NONE,docs/gsc/rerubsue_gsc_recovery_plan_2026-07-06.xlsx+NONE,Off-topic legacy niche (alcohol / pawn / home appliance) or thin archive
/tag/รับซื้อกล้องบุรีรัมย์/,UNKNOWN,ARCHIVE,archive,90_DAYS_PERFORMANCE_EXPORT,2026-04-07,2026-07-06,0,10,10.20,0,20,0,D_RETIRE,UNREGISTERED_OR_PRIVATE,FUTURE_RETIREMENT_APPROVAL_REQUIRED,,NONE,docs/gsc/rerubsue_gsc_recovery_plan_2026-07-06.xlsx+NONE,Off-topic legacy niche (alcohol / pawn / home appliance) or thin archive
/tag/รับซื้อกล้องมือสอง-ขอนแ/,UNKNOWN,ARCHIVE,archive,90_DAYS_PERFORMANCE_EXPORT,2026-04-07,2026-07-06,0,2,39.00,0,20,0,D_RETIRE,UNREGISTERED_OR_PRIVATE,FUTURE_RETIREMENT_APPROVAL_REQUIRED,,NONE,docs/gsc/rerubsue_gsc_recovery_plan_2026-07-06.xlsx+NONE,Off-topic legacy niche (alcohol / pawn / home appliance) or thin archive
/tag/รับซื้อกล้องอุบล/,UNKNOWN,ARCHIVE,archive,90_DAYS_PERFORMANCE_EXPORT,2026-04-07,2026-07-06,1,1,18.00,1,50,0,D_RETIRE,UNREGISTERED_OR_PRIVATE,FUTURE_RETIREMENT_APPROVAL_REQUIRED,,NONE,docs/gsc/rerubsue_gsc_recovery_plan_2026-07-06.xlsx+NONE,Off-topic legacy niche (alcohol / pawn / home appliance) or thin archive
/tag/รับซื้อกล้องโพลารอยด์/,UNKNOWN,ARCHIVE,archive,90_DAYS_PERFORMANCE_EXPORT,2026-04-07,2026-07-06,1,5,8.40,1,60,0,D_RETIRE,UNREGISTERED_OR_PRIVATE,FUTURE_RETIREMENT_APPROVAL_REQUIRED,,NONE,docs/gsc/rerubsue_gsc_recovery_plan_2026-07-06.xlsx+NONE,Off-topic legacy niche (alcohol / pawn / home appliance) or thin archive
/tag/รับซื้อคอม-บรบือ/,UNKNOWN,ARCHIVE,archive,90_DAYS_PERFORMANCE_EXPORT,2026-04-07,2026-07-06,0,6,9.50,0,30,0,D_RETIRE,UNREGISTERED_OR_PRIVATE,FUTURE_RETIREMENT_APPROVAL_REQUIRED,,NONE,docs/gsc/rerubsue_gsc_recovery_plan_2026-07-06.xlsx+NONE,Off-topic legacy niche (alcohol / pawn / home appliance) or thin archive
/tag/รับซื้อคอม-มือสอง-อำเภอเ/,UNKNOWN,ARCHIVE,archive,90_DAYS_PERFORMANCE_EXPORT,2026-04-07,2026-07-06,0,2,13.00,0,20,0,D_RETIRE,UNREGISTERED_OR_PRIVATE,FUTURE_RETIREMENT_APPROVAL_REQUIRED,,NONE,docs/gsc/rerubsue_gsc_recovery_plan_2026-07-06.xlsx+NONE,Off-topic legacy niche (alcohol / pawn / home appliance) or thin archive
/tag/รับซื้อคอม-อำเภอชุมแพ/,UNKNOWN,ARCHIVE,archive,90_DAYS_PERFORMANCE_EXPORT,2026-04-07,2026-07-06,1,8,8.12,1,60,0,D_RETIRE,UNREGISTERED_OR_PRIVATE,FUTURE_RETIREMENT_APPROVAL_REQUIRED,,NONE,docs/gsc/rerubsue_gsc_recovery_plan_2026-07-06.xlsx+NONE,Off-topic legacy niche (alcohol / pawn / home appliance) or thin archive
/tag/รับซื้อคอม-อำเภอน้ำพอง/,UNKNOWN,ARCHIVE,archive,90_DAYS_PERFORMANCE_EXPORT,2026-04-07,2026-07-06,0,1,10.00,0,30,0,D_RETIRE,UNREGISTERED_OR_PRIVATE,FUTURE_RETIREMENT_APPROVAL_REQUIRED,,NONE,docs/gsc/rerubsue_gsc_recovery_plan_2026-07-06.xlsx+NONE,Off-topic legacy niche (alcohol / pawn / home appliance) or thin archive
/tag/รับซื้อคอม-อำเภอหนองหาน/,UNKNOWN,ARCHIVE,archive,90_DAYS_PERFORMANCE_EXPORT,2026-04-07,2026-07-06,1,17,6.94,1,60,0,D_RETIRE,UNREGISTERED_OR_PRIVATE,FUTURE_RETIREMENT_APPROVAL_REQUIRED,,NONE,docs/gsc/rerubsue_gsc_recovery_plan_2026-07-06.xlsx+NONE,Off-topic legacy niche (alcohol / pawn / home appliance) or thin archive
/tag/รับซื้อคอม-อำเภอเกษตรวิ/,UNKNOWN,ARCHIVE,archive,90_DAYS_PERFORMANCE_EXPORT,2026-04-07,2026-07-06,0,1,4.00,0,30,0,D_RETIRE,UNREGISTERED_OR_PRIVATE,FUTURE_RETIREMENT_APPROVAL_REQUIRED,,NONE,docs/gsc/rerubsue_gsc_recovery_plan_2026-07-06.xlsx+NONE,Off-topic legacy niche (alcohol / pawn / home appliance) or thin archive
/tag/รับซื้อคอมกาฬสินธุ์/,UNKNOWN,ARCHIVE,archive,90_DAYS_PERFORMANCE_EXPORT,2026-04-07,2026-07-06,1,14,10.86,1,50,0,D_RETIRE,UNREGISTERED_OR_PRIVATE,FUTURE_RETIREMENT_APPROVAL_REQUIRED,,NONE,docs/gsc/rerubsue_gsc_recovery_plan_2026-07-06.xlsx+NONE,Off-topic legacy niche (alcohol / pawn / home appliance) or thin archive
/tag/รับซื้อคอมพิวเตอร์อุบล/,UNKNOWN,ARCHIVE,archive,90_DAYS_PERFORMANCE_EXPORT,2026-04-07,2026-07-06,0,7,11.00,0,20,0,D_RETIRE,UNREGISTERED_OR_PRIVATE,FUTURE_RETIREMENT_APPROVAL_REQUIRED,,NONE,docs/gsc/rerubsue_gsc_recovery_plan_2026-07-06.xlsx+NONE,Off-topic legacy niche (alcohol / pawn / home appliance) or thin archive
/tag/รับซื้อตั๋วจำนำ-ชุมแพ/,UNKNOWN,ARCHIVE,archive,90_DAYS_PERFORMANCE_EXPORT,2026-04-07,2026-07-06,0,19,10.00,0,30,0,D_RETIRE,UNREGISTERED_OR_PRIVATE,FUTURE_RETIREMENT_APPROVAL_REQUIRED,,NONE,docs/gsc/rerubsue_gsc_recovery_plan_2026-07-06.xlsx+NONE,Off-topic legacy niche (alcohol / pawn / home appliance) or thin archive
/tag/รับซื้อตั๋วจำนำ-บ้านไผ่/,UNKNOWN,ARCHIVE,archive,90_DAYS_PERFORMANCE_EXPORT,2026-04-07,2026-07-06,0,2,11.00,0,20,0,D_RETIRE,UNREGISTERED_OR_PRIVATE,FUTURE_RETIREMENT_APPROVAL_REQUIRED,,NONE,docs/gsc/rerubsue_gsc_recovery_plan_2026-07-06.xlsx+NONE,Off-topic legacy niche (alcohol / pawn / home appliance) or thin archive
/tag/รับซื้อตั๋วจำนำ-ร้อยเอ็/,UNKNOWN,ARCHIVE,archive,90_DAYS_PERFORMANCE_EXPORT,2026-04-07,2026-07-06,0,2,11.50,0,20,0,D_RETIRE,UNREGISTERED_OR_PRIVATE,FUTURE_RETIREMENT_APPROVAL_REQUIRED,,NONE,docs/gsc/rerubsue_gsc_recovery_plan_2026-07-06.xlsx+NONE,Off-topic legacy niche (alcohol / pawn / home appliance) or thin archive
/tag/รับซื้อตั๋วจำนำ-โกสุมพิ/,UNKNOWN,ARCHIVE,archive,90_DAYS_PERFORMANCE_EXPORT,2026-04-07,2026-07-06,2,10,7.00,2,60,0,D_RETIRE,UNREGISTERED_OR_PRIVATE,FUTURE_RETIREMENT_APPROVAL_REQUIRED,,NONE,docs/gsc/rerubsue_gsc_recovery_plan_2026-07-06.xlsx+NONE,Off-topic legacy niche (alcohol / pawn / home appliance) or thin archive
/tag/รับซื้อตั๋วจำนำ-ใกล้ฉัน/,UNKNOWN,ARCHIVE,archive,90_DAYS_PERFORMANCE_EXPORT,2026-04-07,2026-07-06,0,12,10.42,0,20,0,D_RETIRE,UNREGISTERED_OR_PRIVATE,FUTURE_RETIREMENT_APPROVAL_REQUIRED,,NONE,docs/gsc/rerubsue_gsc_recovery_plan_2026-07-06.xlsx+NONE,Off-topic legacy niche (alcohol / pawn / home appliance) or thin archive
/tag/รับซื้อตั๋วจำนำ/,UNKNOWN,ARCHIVE,archive,90_DAYS_PERFORMANCE_EXPORT,2026-04-07,2026-07-06,0,3,9.67,0,30,0,D_RETIRE,UNREGISTERED_OR_PRIVATE,FUTURE_RETIREMENT_APPROVAL_REQUIRED,,NONE,docs/gsc/rerubsue_gsc_recovery_plan_2026-07-06.xlsx+NONE,Off-topic legacy niche (alcohol / pawn / home appliance) or thin archive
/tag/รับซื้อตั๋วจำนำของ/,UNKNOWN,ARCHIVE,archive,90_DAYS_PERFORMANCE_EXPORT,2026-04-07,2026-07-06,0,3,13.00,0,20,0,D_RETIRE,UNREGISTERED_OR_PRIVATE,FUTURE_RETIREMENT_APPROVAL_REQUIRED,,NONE,docs/gsc/rerubsue_gsc_recovery_plan_2026-07-06.xlsx+NONE,Off-topic legacy niche (alcohol / pawn / home appliance) or thin archive
/tag/รับซื้อทีวีศรีสะเกษ/,UNKNOWN,ARCHIVE,archive,90_DAYS_PERFORMANCE_EXPORT,2026-04-07,2026-07-06,1,4,7.50,1,60,0,D_RETIRE,UNREGISTERED_OR_PRIVATE,FUTURE_RETIREMENT_APPROVAL_REQUIRED,,NONE,docs/gsc/rerubsue_gsc_recovery_plan_2026-07-06.xlsx+NONE,Off-topic legacy niche (alcohol / pawn / home appliance) or thin archive
/tag/รับซื้อทีวีอุดรธานี/,UNKNOWN,ARCHIVE,archive,90_DAYS_PERFORMANCE_EXPORT,2026-04-07,2026-07-06,1,20,9.70,1,60,0,D_RETIRE,UNREGISTERED_OR_PRIVATE,FUTURE_RETIREMENT_APPROVAL_REQUIRED,,NONE,docs/gsc/rerubsue_gsc_recovery_plan_2026-07-06.xlsx+NONE,Off-topic legacy niche (alcohol / pawn / home appliance) or thin archive
/tag/รับซื้อมือถือ-กุดรัง/,UNKNOWN,ARCHIVE,archive,90_DAYS_PERFORMANCE_EXPORT,2026-04-07,2026-07-06,0,4,7.00,0,30,0,D_RETIRE,UNREGISTERED_OR_PRIVATE,FUTURE_RETIREMENT_APPROVAL_REQUIRED,,NONE,docs/gsc/rerubsue_gsc_recovery_plan_2026-07-06.xlsx+NONE,Off-topic legacy niche (alcohol / pawn / home appliance) or thin archive
/tag/รับซื้อมือถือ-นาดูน/,UNKNOWN,ARCHIVE,archive,90_DAYS_PERFORMANCE_EXPORT,2026-04-07,2026-07-06,0,4,8.25,0,30,0,D_RETIRE,UNREGISTERED_OR_PRIVATE,FUTURE_RETIREMENT_APPROVAL_REQUIRED,,NONE,docs/gsc/rerubsue_gsc_recovery_plan_2026-07-06.xlsx+NONE,Off-topic legacy niche (alcohol / pawn / home appliance) or thin archive
/tag/รับซื้อมือถือ-นาเชือก/,UNKNOWN,ARCHIVE,archive,90_DAYS_PERFORMANCE_EXPORT,2026-04-07,2026-07-06,1,22,6.68,1,60,0,D_RETIRE,UNREGISTERED_OR_PRIVATE,FUTURE_RETIREMENT_APPROVAL_REQUIRED,,NONE,docs/gsc/rerubsue_gsc_recovery_plan_2026-07-06.xlsx+NONE,Off-topic legacy niche (alcohol / pawn / home appliance) or thin archive
/tag/รับซื้อมือถือ-บรบือ/,UNKNOWN,ARCHIVE,archive,90_DAYS_PERFORMANCE_EXPORT,2026-04-07,2026-07-06,5,20,11.50,5,60,0,D_RETIRE,UNREGISTERED_OR_PRIVATE,FUTURE_RETIREMENT_APPROVAL_REQUIRED,,NONE,docs/gsc/rerubsue_gsc_recovery_plan_2026-07-06.xlsx+NONE,Off-topic legacy niche (alcohol / pawn / home appliance) or thin archive
/tag/รับซื้อมือถือ-พยัคฆภูมิ/,UNKNOWN,ARCHIVE,archive,90_DAYS_PERFORMANCE_EXPORT,2026-04-07,2026-07-06,0,5,5.60,0,30,0,D_RETIRE,UNREGISTERED_OR_PRIVATE,FUTURE_RETIREMENT_APPROVAL_REQUIRED,,NONE,docs/gsc/rerubsue_gsc_recovery_plan_2026-07-06.xlsx+NONE,Off-topic legacy niche (alcohol / pawn / home appliance) or thin archive
/tag/รับซื้อมือถือ-วาปีปทุม/,UNKNOWN,ARCHIVE,archive,90_DAYS_PERFORMANCE_EXPORT,2026-04-07,2026-07-06,1,19,5.89,1,60,0,D_RETIRE,UNREGISTERED_OR_PRIVATE,FUTURE_RETIREMENT_APPROVAL_REQUIRED,,NONE,docs/gsc/rerubsue_gsc_recovery_plan_2026-07-06.xlsx+NONE,Off-topic legacy niche (alcohol / pawn / home appliance) or thin archive
/tag/รับซื้อมือถือ-สกลนคร/,UNKNOWN,ARCHIVE,archive,90_DAYS_PERFORMANCE_EXPORT,2026-04-07,2026-07-06,0,11,10.00,0,30,0,D_RETIRE,UNREGISTERED_OR_PRIVATE,FUTURE_RETIREMENT_APPROVAL_REQUIRED,,NONE,docs/gsc/rerubsue_gsc_recovery_plan_2026-07-06.xlsx+NONE,Off-topic legacy niche (alcohol / pawn / home appliance) or thin archive
/tag/รับซื้อมือถือ-หนองบัวลำ/,UNKNOWN,ARCHIVE,archive,90_DAYS_PERFORMANCE_EXPORT,2026-04-07,2026-07-06,0,5,6.80,0,30,0,D_RETIRE,UNREGISTERED_OR_PRIVATE,FUTURE_RETIREMENT_APPROVAL_REQUIRED,,NONE,docs/gsc/rerubsue_gsc_recovery_plan_2026-07-06.xlsx+NONE,Off-topic legacy niche (alcohol / pawn / home appliance) or thin archive
/tag/รับซื้อมือถือ-อำเภอกระน/,UNKNOWN,ARCHIVE,archive,90_DAYS_PERFORMANCE_EXPORT,2026-04-07,2026-07-06,0,3,13.67,0,20,0,D_RETIRE,UNREGISTERED_OR_PRIVATE,FUTURE_RETIREMENT_APPROVAL_REQUIRED,,NONE,docs/gsc/rerubsue_gsc_recovery_plan_2026-07-06.xlsx+NONE,Off-topic legacy niche (alcohol / pawn / home appliance) or thin archive
/tag/รับซื้อมือถือ-อำเภอกุดจ/,UNKNOWN,ARCHIVE,archive,90_DAYS_PERFORMANCE_EXPORT,2026-04-07,2026-07-06,0,1,4.00,0,30,0,D_RETIRE,UNREGISTERED_OR_PRIVATE,FUTURE_RETIREMENT_APPROVAL_REQUIRED,,NONE,docs/gsc/rerubsue_gsc_recovery_plan_2026-07-06.xlsx+NONE,Off-topic legacy niche (alcohol / pawn / home appliance) or thin archive
/tag/รับซื้อมือถือ-อำเภอน้ำพ/,UNKNOWN,ARCHIVE,archive,90_DAYS_PERFORMANCE_EXPORT,2026-04-07,2026-07-06,0,2,7.50,0,30,0,D_RETIRE,UNREGISTERED_OR_PRIVATE,FUTURE_RETIREMENT_APPROVAL_REQUIRED,,NONE,docs/gsc/rerubsue_gsc_recovery_plan_2026-07-06.xlsx+NONE,Off-topic legacy niche (alcohol / pawn / home appliance) or thin archive
/tag/รับซื้อมือถือ-อำเภอน้ำโ/,UNKNOWN,ARCHIVE,archive,90_DAYS_PERFORMANCE_EXPORT,2026-04-07,2026-07-06,0,12,8.00,0,30,0,D_RETIRE,UNREGISTERED_OR_PRIVATE,FUTURE_RETIREMENT_APPROVAL_REQUIRED,,NONE,docs/gsc/rerubsue_gsc_recovery_plan_2026-07-06.xlsx+NONE,Off-topic legacy niche (alcohol / pawn / home appliance) or thin archive
/tag/รับซื้อมือถือ-อำเภอบ้าน/,UNKNOWN,ARCHIVE,archive,90_DAYS_PERFORMANCE_EXPORT,2026-04-07,2026-07-06,3,25,6.24,3,60,0,D_RETIRE,UNREGISTERED_OR_PRIVATE,FUTURE_RETIREMENT_APPROVAL_REQUIRED,,NONE,docs/gsc/rerubsue_gsc_recovery_plan_2026-07-06.xlsx+NONE,Off-topic legacy niche (alcohol / pawn / home appliance) or thin archive
/tag/รับซื้อมือถือ-อำเภอพล/,UNKNOWN,ARCHIVE,archive,90_DAYS_PERFORMANCE_EXPORT,2026-04-07,2026-07-06,0,15,10.60,0,20,0,D_RETIRE,UNREGISTERED_OR_PRIVATE,FUTURE_RETIREMENT_APPROVAL_REQUIRED,,NONE,docs/gsc/rerubsue_gsc_recovery_plan_2026-07-06.xlsx+NONE,Off-topic legacy niche (alcohol / pawn / home appliance) or thin archive
/tag/รับซื้อมือถือ-อำเภอมัญจ/,UNKNOWN,ARCHIVE,archive,90_DAYS_PERFORMANCE_EXPORT,2026-04-07,2026-07-06,0,3,9.00,0,30,0,D_RETIRE,UNREGISTERED_OR_PRIVATE,FUTURE_RETIREMENT_APPROVAL_REQUIRED,,NONE,docs/gsc/rerubsue_gsc_recovery_plan_2026-07-06.xlsx+NONE,Off-topic legacy niche (alcohol / pawn / home appliance) or thin archive
/tag/รับซื้อมือถือ-อำเภอศรีธ/,UNKNOWN,ARCHIVE,archive,90_DAYS_PERFORMANCE_EXPORT,2026-04-07,2026-07-06,0,5,6.80,0,30,0,D_RETIRE,UNREGISTERED_OR_PRIVATE,FUTURE_RETIREMENT_APPROVAL_REQUIRED,,NONE,docs/gsc/rerubsue_gsc_recovery_plan_2026-07-06.xlsx+NONE,Off-topic legacy niche (alcohol / pawn / home appliance) or thin archive
/tag/รับซื้อมือถือ-อำเภอแวงใ/,UNKNOWN,ARCHIVE,archive,90_DAYS_PERFORMANCE_EXPORT,2026-04-07,2026-07-06,0,13,6.62,0,30,0,D_RETIRE,UNREGISTERED_OR_PRIVATE,FUTURE_RETIREMENT_APPROVAL_REQUIRED,,NONE,docs/gsc/rerubsue_gsc_recovery_plan_2026-07-06.xlsx+NONE,Off-topic legacy niche (alcohol / pawn / home appliance) or thin archive
/tag/รับซื้อมือถือ-อำเภอโนนส/,UNKNOWN,ARCHIVE,archive,90_DAYS_PERFORMANCE_EXPORT,2026-04-07,2026-07-06,1,21,7.90,1,60,0,D_RETIRE,UNREGISTERED_OR_PRIVATE,FUTURE_RETIREMENT_APPROVAL_REQUIRED,,NONE,docs/gsc/rerubsue_gsc_recovery_plan_2026-07-06.xlsx+NONE,Off-topic legacy niche (alcohol / pawn / home appliance) or thin archive
/tag/รับซื้อมือถือ-โกสุมพิสั/,UNKNOWN,ARCHIVE,archive,90_DAYS_PERFORMANCE_EXPORT,2026-04-07,2026-07-06,1,12,6.83,1,60,0,D_RETIRE,UNREGISTERED_OR_PRIVATE,FUTURE_RETIREMENT_APPROVAL_REQUIRED,,NONE,docs/gsc/rerubsue_gsc_recovery_plan_2026-07-06.xlsx+NONE,Off-topic legacy niche (alcohol / pawn / home appliance) or thin archive
/tag/รับซื้อมือถือบุรีรัมย์/,UNKNOWN,ARCHIVE,archive,90_DAYS_PERFORMANCE_EXPORT,2026-04-07,2026-07-06,0,7,9.14,0,30,0,D_RETIRE,UNREGISTERED_OR_PRIVATE,FUTURE_RETIREMENT_APPROVAL_REQUIRED,,NONE,docs/gsc/rerubsue_gsc_recovery_plan_2026-07-06.xlsx+NONE,Off-topic legacy niche (alcohol / pawn / home appliance) or thin archive
/tag/รับซื้อมือถือหนองคาย/,UNKNOWN,ARCHIVE,archive,90_DAYS_PERFORMANCE_EXPORT,2026-04-07,2026-07-06,0,7,18.00,0,20,0,D_RETIRE,UNREGISTERED_OR_PRIVATE,FUTURE_RETIREMENT_APPROVAL_REQUIRED,,NONE,docs/gsc/rerubsue_gsc_recovery_plan_2026-07-06.xlsx+NONE,Off-topic legacy niche (alcohol / pawn / home appliance) or thin archive
/tag/รับซื้อมือถือหนองบัวลำ/,UNKNOWN,ARCHIVE,archive,90_DAYS_PERFORMANCE_EXPORT,2026-04-07,2026-07-06,0,46,8.43,0,45,0,D_RETIRE,UNREGISTERED_OR_PRIVATE,FUTURE_RETIREMENT_APPROVAL_REQUIRED,,NONE,docs/gsc/rerubsue_gsc_recovery_plan_2026-07-06.xlsx+NONE,Off-topic legacy niche (alcohol / pawn / home appliance) or thin archive
/tag/รับซื้อมือถืออำเภอปทุม/,UNKNOWN,ARCHIVE,archive,90_DAYS_PERFORMANCE_EXPORT,2026-04-07,2026-07-06,1,18,6.17,1,60,0,D_RETIRE,UNREGISTERED_OR_PRIVATE,FUTURE_RETIREMENT_APPROVAL_REQUIRED,,NONE,docs/gsc/rerubsue_gsc_recovery_plan_2026-07-06.xlsx+NONE,Off-topic legacy niche (alcohol / pawn / home appliance) or thin archive
/tag/รับซื้อมือถืออำเภอหนอง/,UNKNOWN,ARCHIVE,archive,90_DAYS_PERFORMANCE_EXPORT,2026-04-07,2026-07-06,0,10,7.40,0,30,0,D_RETIRE,UNREGISTERED_OR_PRIVATE,FUTURE_RETIREMENT_APPROVAL_REQUIRED,,NONE,docs/gsc/rerubsue_gsc_recovery_plan_2026-07-06.xlsx+NONE,Off-topic legacy niche (alcohol / pawn / home appliance) or thin archive
/tag/รับซื้อมือถืออำเภอเมยว/,UNKNOWN,ARCHIVE,archive,90_DAYS_PERFORMANCE_EXPORT,2026-04-07,2026-07-06,0,2,8.50,0,30,0,D_RETIRE,UNREGISTERED_OR_PRIVATE,FUTURE_RETIREMENT_APPROVAL_REQUIRED,,NONE,docs/gsc/rerubsue_gsc_recovery_plan_2026-07-06.xlsx+NONE,Off-topic legacy niche (alcohol / pawn / home appliance) or thin archive
/tag/รับซื้อมือถืออำเภอเมือ/,UNKNOWN,ARCHIVE,archive,90_DAYS_PERFORMANCE_EXPORT,2026-04-07,2026-07-06,0,18,12.22,0,20,0,D_RETIRE,UNREGISTERED_OR_PRIVATE,FUTURE_RETIREMENT_APPROVAL_REQUIRED,,NONE,docs/gsc/rerubsue_gsc_recovery_plan_2026-07-06.xlsx+NONE,Off-topic legacy niche (alcohol / pawn / home appliance) or thin archive
/tag/รับซื้อมือถืออำเภอโพนท/,UNKNOWN,ARCHIVE,archive,90_DAYS_PERFORMANCE_EXPORT,2026-04-07,2026-07-06,0,1,11.00,0,20,0,D_RETIRE,UNREGISTERED_OR_PRIVATE,FUTURE_RETIREMENT_APPROVAL_REQUIRED,,NONE,docs/gsc/rerubsue_gsc_recovery_plan_2026-07-06.xlsx+NONE,Off-topic legacy niche (alcohol / pawn / home appliance) or thin archive
/tag/รับซื้อมือถืออุบล/,UNKNOWN,ARCHIVE,archive,90_DAYS_PERFORMANCE_EXPORT,2026-04-07,2026-07-06,1,4,8.00,1,60,0,D_RETIRE,UNREGISTERED_OR_PRIVATE,FUTURE_RETIREMENT_APPROVAL_REQUIRED,,NONE,docs/gsc/rerubsue_gsc_recovery_plan_2026-07-06.xlsx+NONE,Off-topic legacy niche (alcohol / pawn / home appliance) or thin archive
/tag/รับซื้อรถมือสอง-ในจังหว/,UNKNOWN,ARCHIVE,archive,90_DAYS_PERFORMANCE_EXPORT,2026-04-07,2026-07-06,0,1,17.00,0,20,0,D_RETIRE,UNREGISTERED_OR_PRIVATE,FUTURE_RETIREMENT_APPROVAL_REQUIRED,,NONE,docs/gsc/rerubsue_gsc_recovery_plan_2026-07-06.xlsx+NONE,Off-topic legacy niche (alcohol / pawn / home appliance) or thin archive
/tag/รับซื้อลำโพงอุบลราชธาน/,UNKNOWN,ARCHIVE,archive,90_DAYS_PERFORMANCE_EXPORT,2026-04-07,2026-07-06,0,1,16.00,0,20,0,D_RETIRE,UNREGISTERED_OR_PRIVATE,FUTURE_RETIREMENT_APPROVAL_REQUIRED,,NONE,docs/gsc/rerubsue_gsc_recovery_plan_2026-07-06.xlsx+NONE,Off-topic legacy niche (alcohol / pawn / home appliance) or thin archive
/tag/รับซื้อเหล้า-100-paper/,UNKNOWN,ARCHIVE,archive,90_DAYS_PERFORMANCE_EXPORT,2026-04-07,2026-07-06,0,2,5.50,0,30,0,D_RETIRE,UNREGISTERED_OR_PRIVATE,FUTURE_RETIREMENT_APPROVAL_REQUIRED,,NONE,docs/gsc/rerubsue_gsc_recovery_plan_2026-07-06.xlsx+NONE,Off-topic legacy niche (alcohol / pawn / home appliance) or thin archive
/tag/รับซื้อเหล้า-เขตบางแค-บร/,UNKNOWN,ARCHIVE,archive,90_DAYS_PERFORMANCE_EXPORT,2026-04-07,2026-07-06,0,3,6.67,0,30,0,D_RETIRE,UNREGISTERED_OR_PRIVATE,FUTURE_RETIREMENT_APPROVAL_REQUIRED,,NONE,docs/gsc/rerubsue_gsc_recovery_plan_2026-07-06.xlsx+NONE,Off-topic legacy niche (alcohol / pawn / home appliance) or thin archive
/tag/รับซื้อเหล้าไทย/,UNKNOWN,ARCHIVE,archive,90_DAYS_PERFORMANCE_EXPORT,2026-04-07,2026-07-06,0,1,11.00,0,20,0,D_RETIRE,UNREGISTERED_OR_PRIVATE,FUTURE_RETIREMENT_APPROVAL_REQUIRED,,NONE,docs/gsc/rerubsue_gsc_recovery_plan_2026-07-06.xlsx+NONE,Off-topic legacy niche (alcohol / pawn / home appliance) or thin archive
/tag/รับซื้อโน๊ตบุ๊ค-จังหวัด/,UNKNOWN,ARCHIVE,archive,90_DAYS_PERFORMANCE_EXPORT,2026-04-07,2026-07-06,0,20,13.60,0,35,0,D_RETIRE,UNREGISTERED_OR_PRIVATE,FUTURE_RETIREMENT_APPROVAL_REQUIRED,,NONE,docs/gsc/rerubsue_gsc_recovery_plan_2026-07-06.xlsx+NONE,Off-topic legacy niche (alcohol / pawn / home appliance) or thin archive
/tag/รับซื้อโน๊ตบุ๊ค-ชัยนาท/,UNKNOWN,ARCHIVE,archive,90_DAYS_PERFORMANCE_EXPORT,2026-04-07,2026-07-06,1,10,18.00,1,50,0,D_RETIRE,UNREGISTERED_OR_PRIVATE,FUTURE_RETIREMENT_APPROVAL_REQUIRED,,NONE,docs/gsc/rerubsue_gsc_recovery_plan_2026-07-06.xlsx+NONE,Off-topic legacy niche (alcohol / pawn / home appliance) or thin archive
/tag/รับซื้อโน๊ตบุ๊ค-ห้วยแถล/,UNKNOWN,ARCHIVE,archive,90_DAYS_PERFORMANCE_EXPORT,2026-04-07,2026-07-06,0,1,6.00,0,30,0,D_RETIRE,UNREGISTERED_OR_PRIVATE,FUTURE_RETIREMENT_APPROVAL_REQUIRED,,NONE,docs/gsc/rerubsue_gsc_recovery_plan_2026-07-06.xlsx+NONE,Off-topic legacy niche (alcohol / pawn / home appliance) or thin archive
/tag/รับซื้อโน๊ตบุ๊ค-อำเภอชุ/,UNKNOWN,ARCHIVE,archive,90_DAYS_PERFORMANCE_EXPORT,2026-04-07,2026-07-06,0,13,8.31,0,30,0,D_RETIRE,UNREGISTERED_OR_PRIVATE,FUTURE_RETIREMENT_APPROVAL_REQUIRED,,NONE,docs/gsc/rerubsue_gsc_recovery_plan_2026-07-06.xlsx+NONE,Off-topic legacy niche (alcohol / pawn / home appliance) or thin archive
/tag/รับซื้อโน๊ตบุ๊ค-อำเภอตร/,UNKNOWN,ARCHIVE,archive,90_DAYS_PERFORMANCE_EXPORT,2026-04-07,2026-07-06,1,3,7.67,1,60,0,D_RETIRE,UNREGISTERED_OR_PRIVATE,FUTURE_RETIREMENT_APPROVAL_REQUIRED,,NONE,docs/gsc/rerubsue_gsc_recovery_plan_2026-07-06.xlsx+NONE,Off-topic legacy niche (alcohol / pawn / home appliance) or thin archive
/tag/รับซื้อโน๊ตบุ๊ค-อำเภอพิ/,UNKNOWN,ARCHIVE,archive,90_DAYS_PERFORMANCE_EXPORT,2026-04-07,2026-07-06,0,2,9.00,0,30,0,D_RETIRE,UNREGISTERED_OR_PRIVATE,FUTURE_RETIREMENT_APPROVAL_REQUIRED,,NONE,docs/gsc/rerubsue_gsc_recovery_plan_2026-07-06.xlsx+NONE,Off-topic legacy niche (alcohol / pawn / home appliance) or thin archive
/tag/รับซื้อโน๊ตบุ๊ค-อำเภอมั/,UNKNOWN,ARCHIVE,archive,90_DAYS_PERFORMANCE_EXPORT,2026-04-07,2026-07-06,0,5,6.40,0,30,0,D_RETIRE,UNREGISTERED_OR_PRIVATE,FUTURE_RETIREMENT_APPROVAL_REQUIRED,,NONE,docs/gsc/rerubsue_gsc_recovery_plan_2026-07-06.xlsx+NONE,Off-topic legacy niche (alcohol / pawn / home appliance) or thin archive
/tag/รับซื้อโน๊ตบุ๊ค-อำเภอรา/,UNKNOWN,ARCHIVE,archive,90_DAYS_PERFORMANCE_EXPORT,2026-04-07,2026-07-06,0,1,5.00,0,30,0,D_RETIRE,UNREGISTERED_OR_PRIVATE,FUTURE_RETIREMENT_APPROVAL_REQUIRED,,NONE,docs/gsc/rerubsue_gsc_recovery_plan_2026-07-06.xlsx+NONE,Off-topic legacy niche (alcohol / pawn / home appliance) or thin archive
/tag/รับซื้อโน๊ตบุ๊ค-อำเภอเด/,UNKNOWN,ARCHIVE,archive,90_DAYS_PERFORMANCE_EXPORT,2026-04-07,2026-07-06,0,4,11.00,0,20,0,D_RETIRE,UNREGISTERED_OR_PRIVATE,FUTURE_RETIREMENT_APPROVAL_REQUIRED,,NONE,docs/gsc/rerubsue_gsc_recovery_plan_2026-07-06.xlsx+NONE,Off-topic legacy niche (alcohol / pawn / home appliance) or thin archive
/tag/รับซื้อโน๊ตบุ๊ค-เชียงยื/,UNKNOWN,ARCHIVE,archive,90_DAYS_PERFORMANCE_EXPORT,2026-04-07,2026-07-06,0,1,7.00,0,30,0,D_RETIRE,UNREGISTERED_OR_PRIVATE,FUTURE_RETIREMENT_APPROVAL_REQUIRED,,NONE,docs/gsc/rerubsue_gsc_recovery_plan_2026-07-06.xlsx+NONE,Off-topic legacy niche (alcohol / pawn / home appliance) or thin archive
/tag/รับซื้อโน๊ตบุ๊ค-โกสุมพิ/,UNKNOWN,ARCHIVE,archive,90_DAYS_PERFORMANCE_EXPORT,2026-04-07,2026-07-06,0,2,7.00,0,30,0,D_RETIRE,UNREGISTERED_OR_PRIVATE,FUTURE_RETIREMENT_APPROVAL_REQUIRED,,NONE,docs/gsc/rerubsue_gsc_recovery_plan_2026-07-06.xlsx+NONE,Off-topic legacy niche (alcohol / pawn / home appliance) or thin archive
/tag/รับซื้อไวน์/,UNKNOWN,ARCHIVE,archive,90_DAYS_PERFORMANCE_EXPORT,2026-04-07,2026-07-06,0,2,11.00,0,20,0,D_RETIRE,UNREGISTERED_OR_PRIVATE,FUTURE_RETIREMENT_APPROVAL_REQUIRED,,NONE,docs/gsc/rerubsue_gsc_recovery_plan_2026-07-06.xlsx+NONE,Off-topic legacy niche (alcohol / pawn / home appliance) or thin archive
/tag/รับซื้อไอแพดอุดรธานี/,UNKNOWN,ARCHIVE,archive,90_DAYS_PERFORMANCE_EXPORT,2026-04-07,2026-07-06,3,44,8.36,3,60,0,D_RETIRE,UNREGISTERED_OR_PRIVATE,FUTURE_RETIREMENT_APPROVAL_REQUIRED,,NONE,docs/gsc/rerubsue_gsc_recovery_plan_2026-07-06.xlsx+NONE,Off-topic legacy niche (alcohol / pawn / home appliance) or thin archive
/tag/รับซื้อไอโฟน-ท่าบ่อ-หนอง/,UNKNOWN,ARCHIVE,archive,90_DAYS_PERFORMANCE_EXPORT,2026-04-07,2026-07-06,0,38,8.63,0,45,0,D_RETIRE,UNREGISTERED_OR_PRIVATE,FUTURE_RETIREMENT_APPROVAL_REQUIRED,,NONE,docs/gsc/rerubsue_gsc_recovery_plan_2026-07-06.xlsx+NONE,Off-topic legacy niche (alcohol / pawn / home appliance) or thin archive
/tag/รับซื้อไอโฟน-อำนาจเจริญ/,UNKNOWN,ARCHIVE,archive,90_DAYS_PERFORMANCE_EXPORT,2026-04-07,2026-07-06,0,1,7.00,0,30,0,D_RETIRE,UNREGISTERED_OR_PRIVATE,FUTURE_RETIREMENT_APPROVAL_REQUIRED,,NONE,docs/gsc/rerubsue_gsc_recovery_plan_2026-07-06.xlsx+NONE,Off-topic legacy niche (alcohol / pawn / home appliance) or thin archive
/tag/รับซื้อไอโฟน-อำเภอหนองว/,UNKNOWN,ARCHIVE,archive,90_DAYS_PERFORMANCE_EXPORT,2026-04-07,2026-07-06,1,12,6.58,1,60,0,D_RETIRE,UNREGISTERED_OR_PRIVATE,FUTURE_RETIREMENT_APPROVAL_REQUIRED,,NONE,docs/gsc/rerubsue_gsc_recovery_plan_2026-07-06.xlsx+NONE,Off-topic legacy niche (alcohol / pawn / home appliance) or thin archive
/tag/รับซื้อไอโฟน-เมืองมหาสา/,UNKNOWN,ARCHIVE,archive,90_DAYS_PERFORMANCE_EXPORT,2026-04-07,2026-07-06,0,1,12.00,0,20,0,D_RETIRE,UNREGISTERED_OR_PRIVATE,FUTURE_RETIREMENT_APPROVAL_REQUIRED,,NONE,docs/gsc/rerubsue_gsc_recovery_plan_2026-07-06.xlsx+NONE,Off-topic legacy niche (alcohol / pawn / home appliance) or thin archive
/tag/ร้านรับซื้อโทรทัศน์-อุบ/,UNKNOWN,ARCHIVE,archive,90_DAYS_PERFORMANCE_EXPORT,2026-04-07,2026-07-06,0,16,8.38,0,30,0,D_RETIRE,UNREGISTERED_OR_PRIVATE,FUTURE_RETIREMENT_APPROVAL_REQUIRED,,NONE,docs/gsc/rerubsue_gsc_recovery_plan_2026-07-06.xlsx+NONE,Off-topic legacy niche (alcohol / pawn / home appliance) or thin archive
/tag/สินค้าหลุดจำนำอุบล/,UNKNOWN,ARCHIVE,archive,90_DAYS_PERFORMANCE_EXPORT,2026-04-07,2026-07-06,1,57,9.33,1,60,0,D_RETIRE,UNREGISTERED_OR_PRIVATE,FUTURE_RETIREMENT_APPROVAL_REQUIRED,,NONE,docs/gsc/rerubsue_gsc_recovery_plan_2026-07-06.xlsx+NONE,Off-topic legacy niche (alcohol / pawn / home appliance) or thin archive
/tag/อำเภอสว่างวีระวงศ์/,UNKNOWN,ARCHIVE,archive,90_DAYS_PERFORMANCE_EXPORT,2026-04-07,2026-07-06,0,1,8.00,0,30,0,D_RETIRE,UNREGISTERED_OR_PRIVATE,FUTURE_RETIREMENT_APPROVAL_REQUIRED,,NONE,docs/gsc/rerubsue_gsc_recovery_plan_2026-07-06.xlsx+NONE,Off-topic legacy niche (alcohol / pawn / home appliance) or thin archive
/tag/ไอโฟนหลุดจำนำอุบล/,UNKNOWN,ARCHIVE,archive,90_DAYS_PERFORMANCE_EXPORT,2026-04-07,2026-07-06,0,9,10.11,0,20,0,D_RETIRE,UNREGISTERED_OR_PRIVATE,FUTURE_RETIREMENT_APPROVAL_REQUIRED,,NONE,docs/gsc/rerubsue_gsc_recovery_plan_2026-07-06.xlsx+NONE,Off-topic legacy niche (alcohol / pawn / home appliance) or thin archive
/we-buy-harddisk/,UNKNOWN,MONEY_HUB,general_buyback,UNKNOWN,,,,,,,10,35,D_RETIRE,UNREGISTERED_OR_PRIVATE,FUTURE_RETIREMENT_APPROVAL_REQUIRED,,NONE,NONE+NONE,Zero search equity thin duplicate post
/กล้อง-fujifilm-มือสอง-ขายได้กี่บาท/,UNKNOWN,MONEY_HUB,camera,UNKNOWN,,,,,,,10,85,D_RETIRE,UNREGISTERED_OR_PRIVATE,FUTURE_RETIREMENT_APPROVAL_REQUIRED,,NONE,NONE+NONE,Zero search equity thin duplicate post
/กล้องเลนส์ขึ้นรา-ขายได้ไหม/,UNKNOWN,MONEY_HUB,camera,UNKNOWN,,,,,,,10,85,D_RETIRE,UNREGISTERED_OR_PRIVATE,FUTURE_RETIREMENT_APPROVAL_REQUIRED,,NONE,NONE+NONE,Zero search equity thin duplicate post
/ก่อนขาย-iphone-ล้างข้อมูล/,ก่อนขาย iPhone ต้องล้างข้อมูลยังไง,MONEY_HUB,iphone,UNKNOWN,,,,,,,10,85,D_RETIRE,HOLD_NOINDEX_200,FUTURE_RETIREMENT_APPROVAL_REQUIRED,,,NONE+legacy-posts,Zero search equity thin duplicate post
/ก่อนขาย-macbook-ลบข้อมูล/,UNKNOWN,MONEY_HUB,macbook,UNKNOWN,,,,,,,10,85,D_RETIRE,UNREGISTERED_OR_PRIVATE,FUTURE_RETIREMENT_APPROVAL_REQUIRED,,NONE,NONE+NONE,Zero search equity thin duplicate post
/ก่อนขายโน๊ตบุ๊ค-ลบข้อมูลอะไร/,UNKNOWN,MONEY_HUB,notebook,UNKNOWN,,,,,,,10,85,D_RETIRE,UNREGISTERED_OR_PRIVATE,FUTURE_RETIREMENT_APPROVAL_REQUIRED,,NONE,NONE+NONE,Zero search equity thin duplicate post
/ขาย-android-ติด-google-ได้ไหม/,UNKNOWN,OTHER,general,UNKNOWN,,,,,,,10,35,D_RETIRE,UNREGISTERED_OR_PRIVATE,FUTURE_RETIREMENT_APPROVAL_REQUIRED,,NONE,NONE+NONE,Zero search equity thin duplicate post
/ขาย-iphone-ขอนแก่น-ที่ไหนดี-เช็กราคาก่อนขาย/,ขาย iPhone ขอนแก่นที่ไหนดี,LOCAL_MONEY,iphone,UNKNOWN,,,,,,,10,85,D_RETIRE,HOLD_NOINDEX_200,FUTURE_RETIREMENT_APPROVAL_REQUIRED,,,NONE+legacy-posts,Zero search equity thin duplicate post
/ขาย-iphone-ติด-apple-id-ได้ไหม/,UNKNOWN,MONEY_HUB,iphone,UNKNOWN,,,,,,,10,85,D_RETIRE,UNREGISTERED_OR_PRIVATE,FUTURE_RETIREMENT_APPROVAL_REQUIRED,,NONE,NONE+NONE,Zero search equity thin duplicate post
/ขายกล้องถ่ายรูปที่ให้ร/,ขายกล้องถ่ายรูปที่ให้ราคาดีที่สุด,MONEY_HUB,camera,UNKNOWN,,,,,,,10,85,D_RETIRE,HOLD_NOINDEX_200,FUTURE_RETIREMENT_APPROVAL_REQUIRED,,,NONE+legacy-posts,Zero search equity thin duplicate post
/ขายคอมบริษัท-อุบลราชธานี-คู่มือเคลียร์เครื่อง/,UNKNOWN,LOCAL_MONEY,computer,UNKNOWN,,,,,,,10,85,D_RETIRE,UNREGISTERED_OR_PRIVATE,FUTURE_RETIREMENT_APPROVAL_REQUIRED,,NONE,NONE+NONE,Zero search equity thin duplicate post
/ขายคอมเก่า-ข้อมูลในเครื่อง-ทำยังไง/,ขายคอมเก่ามีข้อมูลในเครื่องทำยังไง,MONEY_HUB,computer,UNKNOWN,,,,,,,10,85,D_RETIRE,HOLD_NOINDEX_200,FUTURE_RETIREMENT_APPROVAL_REQUIRED,,,NONE+legacy-posts,Zero search equity thin duplicate post
/ขายมือถืออุบล/,UNKNOWN,LOCAL_MONEY,iphone,UNKNOWN,,,,,,,10,85,D_RETIRE,UNREGISTERED_OR_PRIVATE,FUTURE_RETIREMENT_APPROVAL_REQUIRED,,NONE,NONE+NONE,Zero search equity thin duplicate post
/ขายมือถือให้ร้าน-ปลอดภัยไหม/,UNKNOWN,MONEY_HUB,iphone,UNKNOWN,,,,,,,10,85,D_RETIRE,UNREGISTERED_OR_PRIVATE,FUTURE_RETIREMENT_APPROVAL_REQUIRED,,NONE,NONE+NONE,Zero search equity thin duplicate post
/ขายโน๊ตบุ๊ค-ขอนแก่น/,ขายโน๊ตบุ๊ค ขอนแก่น | รับซื้อโน๊ตบุ๊ค ขอนแก่น | รับซื้อโน๊ตบุ๊คใกล้ฉัน,LOCAL_MONEY,notebook,UNKNOWN,,,,,,,40,85,D_RETIRE,HOLD_NOINDEX_200,FUTURE_RETIREMENT_APPROVAL_REQUIRED,,HOLD_NOINDEX,NONE+survivor-hold,Thin secondary survivor without standalone demand; planned for retirement
/ขายโน๊ตบุ๊ค-อุบล/,ขายโน๊ตบุ๊คอุบล notebook laptop อุบลราชธานี,LOCAL_MONEY,notebook,90_DAYS_PERFORMANCE_EXPORT,2026-04-07,2026-07-06,0,10,44.00,0,20,85,D_RETIRE,HOLD_NOINDEX_200,FUTURE_RETIREMENT_APPROVAL_REQUIRED,,,docs/gsc/rerubsue_gsc_recovery_plan_2026-07-06.xlsx+legacy-posts,Zero search equity thin duplicate post
/ขายโน๊ตบุ๊คมือสอง-อุบลราชธานี-เช็กลิสต์/,UNKNOWN,LOCAL_MONEY,notebook,UNKNOWN,,,,,,,10,85,D_RETIRE,UNREGISTERED_OR_PRIVATE,FUTURE_RETIREMENT_APPROVAL_REQUIRED,,NONE,NONE+NONE,Zero search equity thin duplicate post
/ขายโน๊ตบุ๊คมือสอง-ใช้บัตรประชาชนไหม/,UNKNOWN,MONEY_HUB,notebook,UNKNOWN,,,,,,,10,85,D_RETIRE,UNREGISTERED_OR_PRIVATE,FUTURE_RETIREMENT_APPROVAL_REQUIRED,,NONE,NONE+NONE,Zero search equity thin duplicate post
/ขายโน๊ตบุ๊คอุบล-รับซื้/,UNKNOWN,LOCAL_MONEY,notebook,UNKNOWN,,,,,,,10,85,D_RETIRE,GONE_410,MAINTAIN_GONE_410,,,NONE+gone-paths.ts,Authoritative runtime GONE 410 route
/ขายโน๊ตบุ๊คอุบล/,UNKNOWN,LOCAL_MONEY,notebook,90_DAYS_PERFORMANCE_EXPORT,2026-04-07,2026-07-06,1,15,16.93,1,50,85,E_REVIEW,UNREGISTERED_OR_PRIVATE,OWNER_REVIEW_REQUIRED,,NONE,docs/gsc/rerubsue_gsc_recovery_plan_2026-07-06.xlsx+NONE,Residual historical traffic (1 clicks) requiring explicit stakeholder decision
/ข้อดีที่ทำให้กล้อง-canon-eos-m50/,UNKNOWN,MONEY_HUB,camera,UNKNOWN,,,,,,,10,85,D_RETIRE,UNREGISTERED_OR_PRIVATE,FUTURE_RETIREMENT_APPROVAL_REQUIRED,,NONE,NONE+NONE,Zero search equity thin duplicate post
/ความน่าเชื่อถือ/,UNKNOWN,OTHER,general,90_DAYS_PERFORMANCE_EXPORT,2026-04-07,2026-07-06,0,0,0.00,0,20,35,D_RETIRE,UNREGISTERED_OR_PRIVATE,FUTURE_RETIREMENT_APPROVAL_REQUIRED,,NONE,docs/gsc/rerubsue_gsc_recovery_plan_2026-07-06.xlsx+NONE,Zero search equity thin duplicate post
/คอมเกมมิ่ง-มือสอง-ขายได้กี่บาท/,UNKNOWN,MONEY_HUB,computer,UNKNOWN,,,,,,,10,85,D_RETIRE,UNREGISTERED_OR_PRIVATE,FUTURE_RETIREMENT_APPROVAL_REQUIRED,,NONE,NONE+NONE,Zero search equity thin duplicate post
/คอมเก่า-10-ปี-ขายได้ไหม/,UNKNOWN,MONEY_HUB,computer,UNKNOWN,,,,,,,10,85,D_RETIRE,UNREGISTERED_OR_PRIVATE,FUTURE_RETIREMENT_APPROVAL_REQUIRED,,NONE,NONE+NONE,Zero search equity thin duplicate post
/คอมเก่า-ไม่มีการ์ดจอ-ขายได้กี่บาท/,UNKNOWN,MONEY_HUB,computer,UNKNOWN,,,,,,,10,85,D_RETIRE,UNREGISTERED_OR_PRIVATE,FUTURE_RETIREMENT_APPROVAL_REQUIRED,,NONE,NONE+NONE,Zero search equity thin duplicate post
/คอมเปิดไม่ติด-ขายได้ไหม/,UNKNOWN,MONEY_HUB,computer,UNKNOWN,,,,,,,10,85,D_RETIRE,UNREGISTERED_OR_PRIVATE,FUTURE_RETIREMENT_APPROVAL_REQUIRED,,NONE,NONE+NONE,Zero search equity thin duplicate post
/จำนำ-notebook-โน๊ตบุ๊ค-อุบลราชธ/,UNKNOWN,OFF_TOPIC,off_topic,UNKNOWN,,,,,,,10,0,D_RETIRE,GONE_410,MAINTAIN_GONE_410,,,NONE+gone-paths.ts,Off-topic legacy niche (alcohol / pawn / home appliance) or thin archive
/จำนำ-ไอโฟน-มือสอง-อุบลรา/,UNKNOWN,OFF_TOPIC,off_topic,UNKNOWN,,,,,,,10,0,D_RETIRE,GONE_410,MAINTAIN_GONE_410,,,NONE+gone-paths.ts,Off-topic legacy niche (alcohol / pawn / home appliance) or thin archive
/จำนำมือถืออุบล/,UNKNOWN,OFF_TOPIC,off_topic,UNKNOWN,,,,,,,10,0,D_RETIRE,GONE_410,MAINTAIN_GONE_410,,,NONE+gone-paths.ts,Off-topic legacy niche (alcohol / pawn / home appliance) or thin archive
/จำนำอุบล-ใกล้ฉัน/,UNKNOWN,OFF_TOPIC,off_topic,90_DAYS_PERFORMANCE_EXPORT,2026-04-07,2026-07-06,3,77,29.62,3,50,0,D_RETIRE,GONE_410,MAINTAIN_GONE_410,,,docs/gsc/rerubsue_gsc_recovery_plan_2026-07-06.xlsx+gone-paths.ts,Off-topic legacy niche (alcohol / pawn / home appliance) or thin archive
/จำนำไอโฟน-iphone-อุบล/,UNKNOWN,OFF_TOPIC,off_topic,90_DAYS_PERFORMANCE_EXPORT,2026-04-07,2026-07-06,1,69,16.20,1,50,0,D_RETIRE,GONE_410,MAINTAIN_GONE_410,,,docs/gsc/rerubsue_gsc_recovery_plan_2026-07-06.xlsx+gone-paths.ts,Off-topic legacy niche (alcohol / pawn / home appliance) or thin archive
/จํา-นํา-โทรศัพท์-อุบล/,UNKNOWN,LOCAL_MONEY,iphone,UNKNOWN,,,,,,,10,85,D_RETIRE,GONE_410,MAINTAIN_GONE_410,,,NONE+gone-paths.ts,Authoritative runtime GONE 410 route
/ติดต่อเรา/,UNKNOWN,OTHER,general,90_DAYS_PERFORMANCE_EXPORT,2026-04-07,2026-07-06,0,2,44.50,0,20,35,C_301_CONSOLIDATE,ACTIVE_REDIRECT_301,MAINTAIN_ACTIVE_REDIRECT,/contact/,,docs/gsc/rerubsue_gsc_recovery_plan_2026-07-06.xlsx+redirects,Active migration redirect rule targeting /contact/
/มือถือ-มือ-สอง-อุบล/,UNKNOWN,LOCAL_MONEY,iphone,UNKNOWN,,,,,,,10,85,D_RETIRE,UNREGISTERED_OR_PRIVATE,FUTURE_RETIREMENT_APPROVAL_REQUIRED,,NONE,NONE+NONE,Zero search equity thin duplicate post
/รับ-เหมาคอม-ประมูล-คอม-ชล/,UNKNOWN,MONEY_HUB,computer,UNKNOWN,,,,,,,10,85,D_RETIRE,UNREGISTERED_OR_PRIVATE,FUTURE_RETIREMENT_APPROVAL_REQUIRED,,NONE,NONE+NONE,Zero search equity thin duplicate post
/รับขายฝากที่ดิน-อำเภอตร/,รับขายฝากที่ดิน อำเภอตระการพืชผล จังหวัดอุบลราชธานี,OTHER,general,UNKNOWN,,,,,,,10,35,D_RETIRE,UNREGISTERED_OR_PRIVATE,FUTURE_RETIREMENT_APPROVAL_REQUIRED,,NONE,NONE+NONE,Zero search equity thin duplicate post
/รับขายฝากที่ดิน-อำเภอม่/,รับขายฝากที่ดิน อำเภอม่วงสามสิบ จังหวัดอุบลราชธานี,OTHER,general,UNKNOWN,,,,,,,10,35,D_RETIRE,UNREGISTERED_OR_PRIVATE,FUTURE_RETIREMENT_APPROVAL_REQUIRED,,NONE,NONE+NONE,Zero search equity thin duplicate post
/รับขายฝากที่ดิน-อำเภอวา/,รับขายฝากที่ดิน อำเภอวารินชำราบ จังหวัดอุบลราชธานี,OTHER,general,UNKNOWN,,,,,,,10,35,D_RETIRE,UNREGISTERED_OR_PRIVATE,FUTURE_RETIREMENT_APPROVAL_REQUIRED,,NONE,NONE+NONE,Zero search equity thin duplicate post
/รับขายฝากที่ดิน-อำเภอเข/,รับขายฝากที่ดิน อำเภอเขื่องใน จังหวัดอุบลราชธานี,OTHER,general,UNKNOWN,,,,,,,10,35,D_RETIRE,UNREGISTERED_OR_PRIVATE,FUTURE_RETIREMENT_APPROVAL_REQUIRED,,NONE,NONE+NONE,Zero search equity thin duplicate post
/รับขายฝากที่ดิน-อำเภอเด/,รับขายฝากที่ดิน อำเภอเดชอุดม จังหวัดอุบลราชธานี,OTHER,general,UNKNOWN,,,,,,,10,35,D_RETIRE,UNREGISTERED_OR_PRIVATE,FUTURE_RETIREMENT_APPROVAL_REQUIRED,,NONE,NONE+NONE,Zero search equity thin duplicate post
/รับขายฝากที่ดิน-อำเภอเม/,รับขายฝากที่ดิน อำเภอเมือง จังหวัดอุบลราชธานี,OTHER,general,UNKNOWN,,,,,,,10,35,D_RETIRE,UNREGISTERED_OR_PRIVATE,FUTURE_RETIREMENT_APPROVAL_REQUIRED,,NONE,NONE+NONE,Zero search equity thin duplicate post
/รับขายฝากที่ดินอุบล/,รับขายฝากที่ดินอุบล,OTHER,general,UNKNOWN,,,,,,,10,35,D_RETIRE,UNREGISTERED_OR_PRIVATE,FUTURE_RETIREMENT_APPROVAL_REQUIRED,,NONE,NONE+NONE,Zero search equity thin duplicate post
/รับจำนองที่ดิน-จังหวัดอ/,บจำนองที่ดิน จังหวัดอุบลราชธานี ให้ราคาสูง ดอกเบี้ยต่ำ,GUIDE,guide,UNKNOWN,,,,,,,10,75,D_RETIRE,UNREGISTERED_OR_PRIVATE,FUTURE_RETIREMENT_APPROVAL_REQUIRED,,NONE,NONE+NONE,Zero search equity thin duplicate post
/รับจำนองที่ดิน-อำเภอม่ว/,รับจำนองที่ดิน อำเภอม่วงสามสิบ จังหวัดอุบลราชธานี,OTHER,general,UNKNOWN,,,,,,,10,35,D_RETIRE,UNREGISTERED_OR_PRIVATE,FUTURE_RETIREMENT_APPROVAL_REQUIRED,,NONE,NONE+NONE,Zero search equity thin duplicate post
/รับจำนองที่ดิน-อุบลราชธ/,รับจำนองที่ดิน อุบลราชธานี,OTHER,general,UNKNOWN,,,,,,,10,35,D_RETIRE,UNREGISTERED_OR_PRIVATE,FUTURE_RETIREMENT_APPROVAL_REQUIRED,,NONE,NONE+NONE,Zero search equity thin duplicate post
/รับจำนำ-ipad-air-6-อุบลราชธานี/,UNKNOWN,OFF_TOPIC,off_topic,UNKNOWN,,,,,,,10,0,D_RETIRE,GONE_410,MAINTAIN_GONE_410,,,NONE+gone-paths.ts,Off-topic legacy niche (alcohol / pawn / home appliance) or thin archive
/รับจำนำ-iphone-จังหวัดยโสธร/,UNKNOWN,OFF_TOPIC,off_topic,UNKNOWN,,,,,,,10,0,D_RETIRE,GONE_410,MAINTAIN_GONE_410,,,NONE+gone-paths.ts,Off-topic legacy niche (alcohol / pawn / home appliance) or thin archive
/รับจำนำ-อุบล/,UNKNOWN,OFF_TOPIC,off_topic,UNKNOWN,,,,,,,10,0,D_RETIRE,GONE_410,MAINTAIN_GONE_410,,,NONE+gone-paths.ts,Off-topic legacy niche (alcohol / pawn / home appliance) or thin archive
/รับจำนำกล้อง-อุบล/,UNKNOWN,OFF_TOPIC,off_topic,90_DAYS_PERFORMANCE_EXPORT,2026-04-07,2026-07-06,0,2,12.50,0,20,0,D_RETIRE,GONE_410,MAINTAIN_GONE_410,,,docs/gsc/rerubsue_gsc_recovery_plan_2026-07-06.xlsx+gone-paths.ts,Off-topic legacy niche (alcohol / pawn / home appliance) or thin archive
/รับจำนำกล้องเลนส์-จังหว/,UNKNOWN,OFF_TOPIC,off_topic,UNKNOWN,,,,,,,10,0,D_RETIRE,GONE_410,MAINTAIN_GONE_410,,,NONE+gone-paths.ts,Off-topic legacy niche (alcohol / pawn / home appliance) or thin archive
/รับจำนำของ-อุบลราชธานี-บ/,UNKNOWN,OFF_TOPIC,off_topic,UNKNOWN,,,,,,,10,0,D_RETIRE,GONE_410,MAINTAIN_GONE_410,,,NONE+gone-paths.ts,Off-topic legacy niche (alcohol / pawn / home appliance) or thin archive
/รับจำนำคอม-จังหวัดอุบลร/,UNKNOWN,OFF_TOPIC,off_topic,UNKNOWN,,,,,,,10,0,D_RETIRE,GONE_410,MAINTAIN_GONE_410,,,NONE+gone-paths.ts,Off-topic legacy niche (alcohol / pawn / home appliance) or thin archive
/รับจำนำคอม-อุบล/,UNKNOWN,OFF_TOPIC,off_topic,90_DAYS_PERFORMANCE_EXPORT,2026-04-07,2026-07-06,1,97,11.10,1,50,0,D_RETIRE,GONE_410,MAINTAIN_GONE_410,,,docs/gsc/rerubsue_gsc_recovery_plan_2026-07-06.xlsx+gone-paths.ts,Off-topic legacy niche (alcohol / pawn / home appliance) or thin archive
/รับจำนำคอมพิวเตอร์จังห/,UNKNOWN,OFF_TOPIC,off_topic,UNKNOWN,,,,,,,10,0,D_RETIRE,GONE_410,MAINTAIN_GONE_410,,,NONE+gone-paths.ts,Off-topic legacy niche (alcohol / pawn / home appliance) or thin archive
/รับจำนำมือถือ-จังหวัดยโ/,UNKNOWN,OFF_TOPIC,off_topic,90_DAYS_PERFORMANCE_EXPORT,2026-04-07,2026-07-06,7,174,9.06,7,70,0,D_RETIRE,GONE_410,MAINTAIN_GONE_410,,,docs/gsc/rerubsue_gsc_recovery_plan_2026-07-06.xlsx+gone-paths.ts,Off-topic legacy niche (alcohol / pawn / home appliance) or thin archive
/รับจำนำมือถืออุบล-2/,UNKNOWN,OFF_TOPIC,off_topic,UNKNOWN,,,,,,,10,0,D_RETIRE,GONE_410,MAINTAIN_GONE_410,,,NONE+gone-paths.ts,Off-topic legacy niche (alcohol / pawn / home appliance) or thin archive
/รับจำนำมือถืออุบล/,UNKNOWN,OFF_TOPIC,off_topic,90_DAYS_PERFORMANCE_EXPORT,2026-04-07,2026-07-06,5,215,10.24,5,60,0,D_RETIRE,GONE_410,MAINTAIN_GONE_410,,,docs/gsc/rerubsue_gsc_recovery_plan_2026-07-06.xlsx+gone-paths.ts,Off-topic legacy niche (alcohol / pawn / home appliance) or thin archive
/รับจำนำลำโพง-jbl-marshall-ยโสธร/,UNKNOWN,OFF_TOPIC,off_topic,90_DAYS_PERFORMANCE_EXPORT,2026-04-07,2026-07-06,0,65,17.66,0,35,0,D_RETIRE,GONE_410,MAINTAIN_GONE_410,,,docs/gsc/rerubsue_gsc_recovery_plan_2026-07-06.xlsx+gone-paths.ts,Off-topic legacy niche (alcohol / pawn / home appliance) or thin archive
/รับจำนำลำโพง-marshall/,UNKNOWN,OFF_TOPIC,off_topic,90_DAYS_PERFORMANCE_EXPORT,2026-04-07,2026-07-06,4,21,15.14,4,50,0,D_RETIRE,GONE_410,MAINTAIN_GONE_410,,,docs/gsc/rerubsue_gsc_recovery_plan_2026-07-06.xlsx+gone-paths.ts,Off-topic legacy niche (alcohol / pawn / home appliance) or thin archive
/รับจำนำศรีสะเกษ/,UNKNOWN,OFF_TOPIC,off_topic,90_DAYS_PERFORMANCE_EXPORT,2026-04-07,2026-07-06,18,337,11.53,18,70,0,D_RETIRE,GONE_410,MAINTAIN_GONE_410,,,docs/gsc/rerubsue_gsc_recovery_plan_2026-07-06.xlsx+gone-paths.ts,Off-topic legacy niche (alcohol / pawn / home appliance) or thin archive
/รับจำนำอำนาจเจริญ/,UNKNOWN,OFF_TOPIC,off_topic,90_DAYS_PERFORMANCE_EXPORT,2026-04-07,2026-07-06,12,182,8.84,12,80,0,D_RETIRE,GONE_410,MAINTAIN_GONE_410,,,docs/gsc/rerubsue_gsc_recovery_plan_2026-07-06.xlsx+gone-paths.ts,Off-topic legacy niche (alcohol / pawn / home appliance) or thin archive
/รับจำนำอุบล-2/,UNKNOWN,OFF_TOPIC,off_topic,UNKNOWN,,,,,,,10,0,D_RETIRE,GONE_410,MAINTAIN_GONE_410,,,NONE+gone-paths.ts,Off-topic legacy niche (alcohol / pawn / home appliance) or thin archive
/รับจำนำอุบล/,UNKNOWN,OFF_TOPIC,off_topic,UNKNOWN,,,,,,,10,0,D_RETIRE,GONE_410,MAINTAIN_GONE_410,,,NONE+gone-paths.ts,Off-topic legacy niche (alcohol / pawn / home appliance) or thin archive
/รับจำนำแมคบุ๊ค-จังหวัดย/,UNKNOWN,OFF_TOPIC,off_topic,UNKNOWN,,,,,,,10,0,D_RETIRE,GONE_410,MAINTAIN_GONE_410,,,NONE+gone-paths.ts,Off-topic legacy niche (alcohol / pawn / home appliance) or thin archive
/รับจำนำโน๊ตบุ๊ค-ยโสธร/,UNKNOWN,OFF_TOPIC,off_topic,90_DAYS_PERFORMANCE_EXPORT,2026-04-07,2026-07-06,3,54,23.37,3,50,0,D_RETIRE,GONE_410,MAINTAIN_GONE_410,,,docs/gsc/rerubsue_gsc_recovery_plan_2026-07-06.xlsx+gone-paths.ts,Off-topic legacy niche (alcohol / pawn / home appliance) or thin archive
/รับจำนำโน๊ตบุ๊คศรีสะเก/,UNKNOWN,OFF_TOPIC,off_topic,90_DAYS_PERFORMANCE_EXPORT,2026-04-07,2026-07-06,15,127,6.90,15,80,0,D_RETIRE,GONE_410,MAINTAIN_GONE_410,,,docs/gsc/rerubsue_gsc_recovery_plan_2026-07-06.xlsx+gone-paths.ts,Off-topic legacy niche (alcohol / pawn / home appliance) or thin archive
/รับจำนำโน๊ตบุ๊คอำนาจเจ/,UNKNOWN,OFF_TOPIC,off_topic,UNKNOWN,,,,,,,10,0,D_RETIRE,GONE_410,MAINTAIN_GONE_410,,,NONE+gone-paths.ts,Off-topic legacy niche (alcohol / pawn / home appliance) or thin archive
/รับจำนำโน๊ตบุ๊คอุบล/,UNKNOWN,OFF_TOPIC,off_topic,UNKNOWN,,,,,,,10,0,D_RETIRE,GONE_410,MAINTAIN_GONE_410,,,NONE+gone-paths.ts,Off-topic legacy niche (alcohol / pawn / home appliance) or thin archive
/รับจำนำไอแพด-จังหวัดยโส/,UNKNOWN,OFF_TOPIC,off_topic,90_DAYS_PERFORMANCE_EXPORT,2026-04-07,2026-07-06,3,19,14.47,3,50,0,D_RETIRE,GONE_410,MAINTAIN_GONE_410,,,docs/gsc/rerubsue_gsc_recovery_plan_2026-07-06.xlsx+gone-paths.ts,Off-topic legacy niche (alcohol / pawn / home appliance) or thin archive
/รับจำนำไอโฟน-11-รับจำนำ-iphone-11/,UNKNOWN,OFF_TOPIC,off_topic,UNKNOWN,,,,,,,10,0,D_RETIRE,GONE_410,MAINTAIN_GONE_410,,,NONE+gone-paths.ts,Off-topic legacy niche (alcohol / pawn / home appliance) or thin archive
/รับจำนำไอโฟน-12-รับจำนำ-iphone-12/,UNKNOWN,OFF_TOPIC,off_topic,UNKNOWN,,,,,,,10,0,D_RETIRE,GONE_410,MAINTAIN_GONE_410,,,NONE+gone-paths.ts,Off-topic legacy niche (alcohol / pawn / home appliance) or thin archive
/รับจำนำไอโฟน-13-รับจำนำ-iphone-13/,UNKNOWN,OFF_TOPIC,off_topic,90_DAYS_PERFORMANCE_EXPORT,2026-04-07,2026-07-06,0,4,62.25,0,20,0,D_RETIRE,GONE_410,MAINTAIN_GONE_410,,,docs/gsc/rerubsue_gsc_recovery_plan_2026-07-06.xlsx+gone-paths.ts,Off-topic legacy niche (alcohol / pawn / home appliance) or thin archive
/รับจำนำไอโฟน-14-รับจำนำ-iphone-14/,UNKNOWN,OFF_TOPIC,off_topic,UNKNOWN,,,,,,,10,0,D_RETIRE,GONE_410,MAINTAIN_GONE_410,,,NONE+gone-paths.ts,Off-topic legacy niche (alcohol / pawn / home appliance) or thin archive
/รับจำนำไอโฟน-จังหวัดยโส/,UNKNOWN,OFF_TOPIC,off_topic,UNKNOWN,,,,,,,10,0,D_RETIRE,GONE_410,MAINTAIN_GONE_410,,,NONE+gone-paths.ts,Off-topic legacy niche (alcohol / pawn / home appliance) or thin archive
/รับจำนำไอโฟน-อุบล/,UNKNOWN,OFF_TOPIC,off_topic,UNKNOWN,,,,,,,10,0,D_RETIRE,GONE_410,MAINTAIN_GONE_410,,,NONE+gone-paths.ts,Off-topic legacy niche (alcohol / pawn / home appliance) or thin archive
/รับซื้อ-access-point/,UNKNOWN,MONEY_HUB,general_buyback,UNKNOWN,,,,,,,10,35,D_RETIRE,UNREGISTERED_OR_PRIVATE,FUTURE_RETIREMENT_APPROVAL_REQUIRED,,NONE,NONE+NONE,Zero search equity thin duplicate post
/รับซื้อ-acer-notebook/,UNKNOWN,MONEY_HUB,notebook,UNKNOWN,,,,,,,10,85,D_RETIRE,UNREGISTERED_OR_PRIVATE,FUTURE_RETIREMENT_APPROVAL_REQUIRED,,NONE,NONE+NONE,Zero search equity thin duplicate post
/รับซื้อ-acer-อุบล/,UNKNOWN,MONEY_HUB,general_buyback,UNKNOWN,,,,,,,10,35,D_RETIRE,UNREGISTERED_OR_PRIVATE,FUTURE_RETIREMENT_APPROVAL_REQUIRED,,NONE,NONE+NONE,Zero search equity thin duplicate post
/รับซื้อ-airpods-max/,UNKNOWN,MONEY_HUB,gadget,UNKNOWN,,,,,,,10,35,D_RETIRE,UNREGISTERED_OR_PRIVATE,FUTURE_RETIREMENT_APPROVAL_REQUIRED,,NONE,NONE+NONE,Zero search equity thin duplicate post
/รับซื้อ-airpods-pro/,UNKNOWN,MONEY_HUB,gadget,UNKNOWN,,,,,,,10,35,D_RETIRE,UNREGISTERED_OR_PRIVATE,FUTURE_RETIREMENT_APPROVAL_REQUIRED,,NONE,NONE+NONE,Zero search equity thin duplicate post
/รับซื้อ-airpods/,รับซื้อ AirPods มือสอง — AirPods Pro Max ทุกรุ่น ราคาดี จ่ายทันที,MONEY_HUB,gadget,UNKNOWN,,,,,,,10,35,D_RETIRE,HOLD_NOINDEX_200,FUTURE_RETIREMENT_APPROVAL_REQUIRED,,,NONE+legacy-posts,Zero search equity thin duplicate post
/รับซื้อ-android-tablet/,รับซื้อAndroid Tablet มือสอง ทุกรุ่น จ่ายสดทันที,MONEY_HUB,ipad,UNKNOWN,,,,,,,10,85,D_RETIRE,HOLD_NOINDEX_200,FUTURE_RETIREMENT_APPROVAL_REQUIRED,,,NONE+legacy-posts,Zero search equity thin duplicate post
/รับซื้อ-apple-studio-display/,รับซื้อ Apple Studio Display มือสอง ทุกรุ่น จ่ายสดทันที,MONEY_HUB,general_buyback,UNKNOWN,,,,,,,10,35,D_RETIRE,HOLD_NOINDEX_200,FUTURE_RETIREMENT_APPROVAL_REQUIRED,,,NONE+legacy-posts,Zero search equity thin duplicate post
/รับซื้อ-apple-tv/,UNKNOWN,MONEY_HUB,general_buyback,UNKNOWN,,,,,,,10,35,D_RETIRE,UNREGISTERED_OR_PRIVATE,FUTURE_RETIREMENT_APPROVAL_REQUIRED,,NONE,NONE+NONE,Zero search equity thin duplicate post
/รับซื้อ-apple-watch-series-6-อุบล/,UNKNOWN,MONEY_HUB,gadget,UNKNOWN,,,,,,,10,35,D_RETIRE,UNREGISTERED_OR_PRIVATE,FUTURE_RETIREMENT_APPROVAL_REQUIRED,,NONE,NONE+NONE,Zero search equity thin duplicate post
/รับซื้อ-apple-watch-series-7-อุบล/,UNKNOWN,MONEY_HUB,gadget,UNKNOWN,,,,,,,10,35,D_RETIRE,UNREGISTERED_OR_PRIVATE,FUTURE_RETIREMENT_APPROVAL_REQUIRED,,NONE,NONE+NONE,Zero search equity thin duplicate post
/รับซื้อ-apple-watch-series-8-อุบล/,UNKNOWN,MONEY_HUB,gadget,UNKNOWN,,,,,,,10,35,D_RETIRE,UNREGISTERED_OR_PRIVATE,FUTURE_RETIREMENT_APPROVAL_REQUIRED,,NONE,NONE+NONE,Zero search equity thin duplicate post
/รับซื้อ-apple-watch-กระบี่/,กระบี่ รับซื้อApple Watch สู้ทุกราคา บริการรับถึงที่ จ่ายสด ไม่กดราคา ปลอดภัย 100%,MONEY_HUB,gadget,UNKNOWN,,,,,,,10,35,D_RETIRE,HOLD_NOINDEX_200,FUTURE_RETIREMENT_APPROVAL_REQUIRED,,,NONE+legacy-posts,Zero search equity thin duplicate post
/รับซื้อ-apple-watch-กรุงเทพมหานคร/,หาร้านรับซื้อApple Watch กรุงเทพมหานคร? เราให้ราคาสูงสุด มีบริการ On-Site โอนไวหน้างาน,MONEY_HUB,gadget,UNKNOWN,,,,,,,10,35,D_RETIRE,HOLD_NOINDEX_200,FUTURE_RETIREMENT_APPROVAL_REQUIRED,,,NONE+legacy-posts,Zero search equity thin duplicate post
/รับซื้อ-apple-watch-ขอนแก่น/,ด่วน! รับซื้อApple Watchมือสองในเขตขอนแก่น เช็คราคาฟรี ได้เงินทันที สู้ทุกราคา,MONEY_HUB,gadget,UNKNOWN,,,,,,,10,35,D_RETIRE,HOLD_NOINDEX_200,FUTURE_RETIREMENT_APPROVAL_REQUIRED,,,NONE+legacy-posts,Zero search equity thin duplicate post
/รับซื้อ-apple-watch-ฉะเชิงเทรา/,รับซื้อApple Watch ฉะเชิงเทรา ด่วนที่สุด ให้ราคาสูง รับถึงที่ จ่ายเงินสด 100%,MONEY_HUB,gadget,UNKNOWN,,,,,,,10,35,D_RETIRE,HOLD_NOINDEX_200,FUTURE_RETIREMENT_APPROVAL_REQUIRED,,,NONE+legacy-posts,Zero search equity thin duplicate post
/รับซื้อ-apple-watch-ชัยนาท/,รับซื้อApple Watch ชัยนาท ด่วนที่สุด ให้ราคาสูง รับถึงที่ จ่ายเงินสด 100%,MONEY_HUB,gadget,UNKNOWN,,,,,,,10,35,D_RETIRE,HOLD_NOINDEX_200,FUTURE_RETIREMENT_APPROVAL_REQUIRED,,,NONE+legacy-posts,Zero search equity thin duplicate post
/รับซื้อ-apple-watch-ตรัง/,หาร้านรับซื้อApple Watch ตรัง? เราให้ราคาสูงสุด มีบริการ On-Site โอนไวหน้างาน,MONEY_HUB,gadget,UNKNOWN,,,,,,,10,35,D_RETIRE,HOLD_NOINDEX_200,FUTURE_RETIREMENT_APPROVAL_REQUIRED,,,NONE+legacy-posts,Zero search equity thin duplicate post
/รับซื้อ-apple-watch-นครนายก/,รับซื้อApple Watch นครนายก ด่วนที่สุด ให้ราคาสูง รับถึงที่ จ่ายเงินสด 100%,MONEY_HUB,gadget,UNKNOWN,,,,,,,10,35,D_RETIRE,HOLD_NOINDEX_200,FUTURE_RETIREMENT_APPROVAL_REQUIRED,,,NONE+legacy-posts,Zero search equity thin duplicate post
/รับซื้อ-apple-watch-นครราชสีมา/,เปลี่ยนApple Watchเก่าเป็นเงินสดที่นครราชสีมา ตีราคาไว โอนเงินหน้างาน บริการรับถึงบ้าน,MONEY_HUB,gadget,UNKNOWN,,,,,,,10,35,D_RETIRE,HOLD_NOINDEX_200,FUTURE_RETIREMENT_APPROVAL_REQUIRED,,,NONE+legacy-posts,Zero search equity thin duplicate post
/รับซื้อ-apple-watch-นครศรีธรรมราช/,ด่วน! รับซื้อApple Watchมือสองในเขตนครศรีธรรมราช เช็คราคาฟรี ได้เงินทันที สู้ทุกราคา,MONEY_HUB,gadget,UNKNOWN,,,,,,,10,35,D_RETIRE,HOLD_NOINDEX_200,FUTURE_RETIREMENT_APPROVAL_REQUIRED,,,NONE+legacy-posts,Zero search equity thin duplicate post
/รับซื้อ-apple-watch-ปทุมธานี/,รับซื้อApple Watch ปทุมธานี ด่วนที่สุด ให้ราคาสูง รับถึงที่ จ่ายเงินสด 100%,MONEY_HUB,gadget,UNKNOWN,,,,,,,10,35,D_RETIRE,HOLD_NOINDEX_200,FUTURE_RETIREMENT_APPROVAL_REQUIRED,,,NONE+legacy-posts,Zero search equity thin duplicate post
/รับซื้อ-apple-watch-ประจวบคีรีขันธ์/,ด่วน! รับซื้อApple Watchมือสองในเขตประจวบคีรีขันธ์ เช็คราคาฟรี ได้เงินทันที สู้ทุกราคา,MONEY_HUB,gadget,UNKNOWN,,,,,,,10,35,D_RETIRE,HOLD_NOINDEX_200,FUTURE_RETIREMENT_APPROVAL_REQUIRED,,,NONE+legacy-posts,Zero search equity thin duplicate post
/รับซื้อ-apple-watch-ปราจีนบุรี/,ปราจีนบุรี รับซื้อApple Watch สู้ทุกราคา บริการรับถึงที่ จ่ายสด ไม่กดราคา ปลอดภัย 100%,MONEY_HUB,gadget,UNKNOWN,,,,,,,10,35,D_RETIRE,HOLD_NOINDEX_200,FUTURE_RETIREMENT_APPROVAL_REQUIRED,,,NONE+legacy-posts,Zero search equity thin duplicate post
/รับซื้อ-apple-watch-พระนครศรีอยุธยา/,ขายApple Watchด่วน พระนครศรีอยุธยา ที่ไหนดี? WE BUY ให้ราคาสูง จ่ายเงินสดทันใจ รับถึงหน้าบ้าน,MONEY_HUB,gadget,UNKNOWN,,,,,,,10,35,D_RETIRE,HOLD_NOINDEX_200,FUTURE_RETIREMENT_APPROVAL_REQUIRED,,,NONE+legacy-posts,Zero search equity thin duplicate post
/รับซื้อ-apple-watch-พะเยา/,หาร้านรับซื้อApple Watch พะเยา? เราให้ราคาสูงสุด มีบริการ On-Site โอนไวหน้างาน,MONEY_HUB,gadget,UNKNOWN,,,,,,,10,35,D_RETIRE,HOLD_NOINDEX_200,FUTURE_RETIREMENT_APPROVAL_REQUIRED,,,NONE+legacy-posts,Zero search equity thin duplicate post
/รับซื้อ-apple-watch-พัทลุง/,ขายApple Watchด่วน พัทลุง ที่ไหนดี? WE BUY ให้ราคาสูง จ่ายเงินสดทันใจ รับถึงหน้าบ้าน,MONEY_HUB,gadget,UNKNOWN,,,,,,,10,35,D_RETIRE,HOLD_NOINDEX_200,FUTURE_RETIREMENT_APPROVAL_REQUIRED,,,NONE+legacy-posts,Zero search equity thin duplicate post
/รับซื้อ-apple-watch-พิษณุโลก/,ด่วน! รับซื้อApple Watchมือสองในเขตพิษณุโลก เช็คราคาฟรี ได้เงินทันที สู้ทุกราคา,MONEY_HUB,gadget,UNKNOWN,,,,,,,10,35,D_RETIRE,HOLD_NOINDEX_200,FUTURE_RETIREMENT_APPROVAL_REQUIRED,,,NONE+legacy-posts,Zero search equity thin duplicate post
/รับซื้อ-apple-watch-มหาสารคาม/,หาร้านรับซื้อApple Watch มหาสารคาม? เราให้ราคาสูงสุด มีบริการ On-Site โอนไวหน้างาน,MONEY_HUB,gadget,UNKNOWN,,,,,,,10,35,D_RETIRE,HOLD_NOINDEX_200,FUTURE_RETIREMENT_APPROVAL_REQUIRED,,,NONE+legacy-posts,Zero search equity thin duplicate post
/รับซื้อ-apple-watch-มุกดาหาร/,เปลี่ยนApple Watchเก่าเป็นเงินสดที่มุกดาหาร ตีราคาไว โอนเงินหน้างาน บริการรับถึงบ้าน,MONEY_HUB,gadget,UNKNOWN,,,,,,,10,35,D_RETIRE,HOLD_NOINDEX_200,FUTURE_RETIREMENT_APPROVAL_REQUIRED,,,NONE+legacy-posts,Zero search equity thin duplicate post
/รับซื้อ-apple-watch-ยะลา/,ขายApple Watchด่วน ยะลา ที่ไหนดี? WE BUY ให้ราคาสูง จ่ายเงินสดทันใจ รับถึงหน้าบ้าน,MONEY_HUB,gadget,UNKNOWN,,,,,,,10,35,D_RETIRE,HOLD_NOINDEX_200,FUTURE_RETIREMENT_APPROVAL_REQUIRED,,,NONE+legacy-posts,Zero search equity thin duplicate post
/รับซื้อ-apple-watch-ระนอง/,เปลี่ยนApple Watchเก่าเป็นเงินสดที่ระนอง ตีราคาไว โอนเงินหน้างาน บริการรับถึงบ้าน,MONEY_HUB,gadget,UNKNOWN,,,,,,,10,35,D_RETIRE,HOLD_NOINDEX_200,FUTURE_RETIREMENT_APPROVAL_REQUIRED,,,NONE+legacy-posts,Zero search equity thin duplicate post
/รับซื้อ-apple-watch-ราชบุรี/,ราชบุรี รับซื้อApple Watch สู้ทุกราคา บริการรับถึงที่ จ่ายสด ไม่กดราคา ปลอดภัย 100%,MONEY_HUB,gadget,UNKNOWN,,,,,,,10,35,D_RETIRE,HOLD_NOINDEX_200,FUTURE_RETIREMENT_APPROVAL_REQUIRED,,,NONE+legacy-posts,Zero search equity thin duplicate post
/รับซื้อ-apple-watch-สตูล/,สตูล รับซื้อApple Watch สู้ทุกราคา บริการรับถึงที่ จ่ายสด ไม่กดราคา ปลอดภัย 100%,MONEY_HUB,gadget,UNKNOWN,,,,,,,10,35,D_RETIRE,HOLD_NOINDEX_200,FUTURE_RETIREMENT_APPROVAL_REQUIRED,,,NONE+legacy-posts,Zero search equity thin duplicate post
/รับซื้อ-apple-watch-สมุทรสาคร/,เปลี่ยนApple Watchเก่าเป็นเงินสดที่สมุทรสาคร ตีราคาไว โอนเงินหน้างาน บริการรับถึงบ้าน,MONEY_HUB,gadget,UNKNOWN,,,,,,,10,35,D_RETIRE,HOLD_NOINDEX_200,FUTURE_RETIREMENT_APPROVAL_REQUIRED,,,NONE+legacy-posts,Zero search equity thin duplicate post
/รับซื้อ-apple-watch-สิงห์บุรี/,เปลี่ยนApple Watchเก่าเป็นเงินสดที่สิงห์บุรี ตีราคาไว โอนเงินหน้างาน บริการรับถึงบ้าน,MONEY_HUB,gadget,UNKNOWN,,,,,,,10,35,D_RETIRE,HOLD_NOINDEX_200,FUTURE_RETIREMENT_APPROVAL_REQUIRED,,,NONE+legacy-posts,Zero search equity thin duplicate post
/รับซื้อ-apple-watch-อุบลราชธานี/,UNKNOWN,MONEY_HUB,gadget,UNKNOWN,,,,,,,10,35,D_RETIRE,UNREGISTERED_OR_PRIVATE,FUTURE_RETIREMENT_APPROVAL_REQUIRED,,NONE,NONE+NONE,Zero search equity thin duplicate post
/รับซื้อ-apple-watch-เชียงใหม่/,ขายApple Watchด่วน เชียงใหม่ ที่ไหนดี? WE BUY ให้ราคาสูง จ่ายเงินสดทันใจ รับถึงหน้าบ้าน,MONEY_HUB,gadget,UNKNOWN,,,,,,,10,35,D_RETIRE,HOLD_NOINDEX_200,FUTURE_RETIREMENT_APPROVAL_REQUIRED,,,NONE+legacy-posts,Zero search equity thin duplicate post
/รับซื้อ-apple-watch-เลย/,เปลี่ยนApple Watchเก่าเป็นเงินสดที่เลย ตีราคาไว โอนเงินหน้างาน บริการรับถึงบ้าน,MONEY_HUB,gadget,UNKNOWN,,,,,,,10,35,D_RETIRE,HOLD_NOINDEX_200,FUTURE_RETIREMENT_APPROVAL_REQUIRED,,,NONE+legacy-posts,Zero search equity thin duplicate post
/รับซื้อ-apple-watch-แพร่/,เปลี่ยนApple Watchเก่าเป็นเงินสดที่แพร่ ตีราคาไว โอนเงินหน้างาน บริการรับถึงบ้าน,MONEY_HUB,gadget,UNKNOWN,,,,,,,10,35,D_RETIRE,HOLD_NOINDEX_200,FUTURE_RETIREMENT_APPROVAL_REQUIRED,,,NONE+legacy-posts,Zero search equity thin duplicate post
/รับซื้อ-apple-watch-ใกล้ฉัน/,UNKNOWN,MONEY_HUB,gadget,UNKNOWN,,,,,,,30,35,C_301_CONSOLIDATE,ACTIVE_REDIRECT_301,MAINTAIN_ACTIVE_REDIRECT,/รับซื้อ-apple-watch/,,NONE+redirects,Active migration redirect rule targeting /รับซื้อ-apple-watch/
/รับซื้อ-aruba/,รับซื้อ Aruba (HPE) มือสอง ทุกรุ่น จ่ายสดทันที,MONEY_HUB,general_buyback,UNKNOWN,,,,,,,10,35,D_RETIRE,HOLD_NOINDEX_200,FUTURE_RETIREMENT_APPROVAL_REQUIRED,,,NONE+legacy-posts,Zero search equity thin duplicate post
/รับซื้อ-asus-notebook/,UNKNOWN,MONEY_HUB,notebook,UNKNOWN,,,,,,,10,85,D_RETIRE,UNREGISTERED_OR_PRIVATE,FUTURE_RETIREMENT_APPROVAL_REQUIRED,,NONE,NONE+NONE,Zero search equity thin duplicate post
/รับซื้อ-asus-nuc/,UNKNOWN,MONEY_HUB,general_buyback,UNKNOWN,,,,,,,10,35,D_RETIRE,UNREGISTERED_OR_PRIVATE,FUTURE_RETIREMENT_APPROVAL_REQUIRED,,NONE,NONE+NONE,Zero search equity thin duplicate post
/รับซื้อ-asus-อุบล/,UNKNOWN,MONEY_HUB,general_buyback,UNKNOWN,,,,,,,10,35,D_RETIRE,UNREGISTERED_OR_PRIVATE,FUTURE_RETIREMENT_APPROVAL_REQUIRED,,NONE,NONE+NONE,Zero search equity thin duplicate post
/รับซื้อ-buffalo-network/,รับซื้อ Buffalo มือสอง ทุกรุ่น จ่ายสดทันที,MONEY_HUB,general_buyback,UNKNOWN,,,,,,,10,35,D_RETIRE,HOLD_NOINDEX_200,FUTURE_RETIREMENT_APPROVAL_REQUIRED,,,NONE+legacy-posts,Zero search equity thin duplicate post
/รับซื้อ-case-คอมพิวเตอร์/,UNKNOWN,MONEY_HUB,computer,UNKNOWN,,,,,,,10,85,D_RETIRE,UNREGISTERED_OR_PRIVATE,FUTURE_RETIREMENT_APPROVAL_REQUIRED,,NONE,NONE+NONE,Zero search equity thin duplicate post
/รับซื้อ-cctv/,"รับซื้อ CCTV กล้องวงจรปิด มือสอง — IP Camera, NVR, DVR รับทุกยี่ห้อ",MONEY_HUB,camera,UNKNOWN,,,,,,,10,85,D_RETIRE,HOLD_NOINDEX_200,FUTURE_RETIREMENT_APPROVAL_REQUIRED,,,NONE+legacy-posts,Zero search equity thin duplicate post
/รับซื้อ-cpu/,UNKNOWN,MONEY_HUB,computer,UNKNOWN,,,,,,,10,85,D_RETIRE,UNREGISTERED_OR_PRIVATE,FUTURE_RETIREMENT_APPROVAL_REQUIRED,,NONE,NONE+NONE,Zero search equity thin duplicate post
/รับซื้อ-dell-notebook/,"รับซื้อ Dell Notebook มือสอง ประเมินจากรุ่น XPS, Latitude, Inspiron และ Alienware",MONEY_HUB,notebook,UNKNOWN,,,,,,,10,85,D_RETIRE,HOLD_NOINDEX_200,FUTURE_RETIREMENT_APPROVAL_REQUIRED,,,NONE+legacy-posts,Zero search equity thin duplicate post
/รับซื้อ-dell-อุบล/,UNKNOWN,MONEY_HUB,general_buyback,UNKNOWN,,,,,,,10,35,D_RETIRE,UNREGISTERED_OR_PRIVATE,FUTURE_RETIREMENT_APPROVAL_REQUIRED,,NONE,NONE+NONE,Zero search equity thin duplicate post
/รับซื้อ-dyson/,รับซื้อDyson มือสอง ทุกรุ่น จ่ายสดทันที,MONEY_HUB,general_buyback,UNKNOWN,,,,,,,10,35,D_RETIRE,HOLD_NOINDEX_200,FUTURE_RETIREMENT_APPROVAL_REQUIRED,,,NONE+legacy-posts,Zero search equity thin duplicate post
/รับซื้อ-external-harddisk/,รับซื้อ External Harddisk มือสอง ทุกรุ่น จ่ายสดทันที,MONEY_HUB,general_buyback,UNKNOWN,,,,,,,10,35,D_RETIRE,HOLD_NOINDEX_200,FUTURE_RETIREMENT_APPROVAL_REQUIRED,,,NONE+legacy-posts,Zero search equity thin duplicate post
/รับซื้อ-firewall/,UNKNOWN,MONEY_HUB,general_buyback,UNKNOWN,,,,,,,10,35,D_RETIRE,UNREGISTERED_OR_PRIVATE,FUTURE_RETIREMENT_APPROVAL_REQUIRED,,NONE,NONE+NONE,Zero search equity thin duplicate post
/รับซื้อ-flash-drive/,UNKNOWN,MONEY_HUB,general_buyback,UNKNOWN,,,,,,,10,35,D_RETIRE,UNREGISTERED_OR_PRIVATE,FUTURE_RETIREMENT_APPROVAL_REQUIRED,,NONE,NONE+NONE,Zero search equity thin duplicate post
/รับซื้อ-fortinet/,UNKNOWN,MONEY_HUB,general_buyback,UNKNOWN,,,,,,,10,35,D_RETIRE,UNREGISTERED_OR_PRIVATE,FUTURE_RETIREMENT_APPROVAL_REQUIRED,,NONE,NONE+NONE,Zero search equity thin duplicate post
/รับซื้อ-gaming-pc/,รับซื้อGaming PC มือสอง ทุกรุ่น จ่ายสดทันที,MONEY_HUB,computer,UNKNOWN,,,,,,,10,85,D_RETIRE,HOLD_NOINDEX_200,FUTURE_RETIREMENT_APPROVAL_REQUIRED,,,NONE+legacy-posts,Zero search equity thin duplicate post
/รับซื้อ-harddisk-dell/,UNKNOWN,MONEY_HUB,general_buyback,UNKNOWN,,,,,,,10,35,D_RETIRE,UNREGISTERED_OR_PRIVATE,FUTURE_RETIREMENT_APPROVAL_REQUIRED,,NONE,NONE+NONE,Zero search equity thin duplicate post
/รับซื้อ-harddisk-hgst/,UNKNOWN,MONEY_HUB,general_buyback,UNKNOWN,,,,,,,10,35,D_RETIRE,UNREGISTERED_OR_PRIVATE,FUTURE_RETIREMENT_APPROVAL_REQUIRED,,NONE,NONE+NONE,Zero search equity thin duplicate post
/รับซื้อ-harddisk-hitachi/,รับซื้อ Hitachi มือสอง ทุกรุ่น จ่ายสดทันที,MONEY_HUB,general_buyback,UNKNOWN,,,,,,,10,35,D_RETIRE,HOLD_NOINDEX_200,FUTURE_RETIREMENT_APPROVAL_REQUIRED,,,NONE+legacy-posts,Zero search equity thin duplicate post
/รับซื้อ-harddisk-hp/,UNKNOWN,MONEY_HUB,general_buyback,UNKNOWN,,,,,,,10,35,D_RETIRE,UNREGISTERED_OR_PRIVATE,FUTURE_RETIREMENT_APPROVAL_REQUIRED,,NONE,NONE+NONE,Zero search equity thin duplicate post
/รับซื้อ-harddisk-lenovo/,รับซื้อ Lenovo มือสอง ทุกรุ่น จ่ายสดทันที,MONEY_HUB,general_buyback,UNKNOWN,,,,,,,10,35,D_RETIRE,HOLD_NOINDEX_200,FUTURE_RETIREMENT_APPROVAL_REQUIRED,,,NONE+legacy-posts,Zero search equity thin duplicate post
/รับซื้อ-harddisk-nas/,UNKNOWN,MONEY_HUB,general_buyback,UNKNOWN,,,,,,,10,35,D_RETIRE,UNREGISTERED_OR_PRIVATE,FUTURE_RETIREMENT_APPROVAL_REQUIRED,,NONE,NONE+NONE,Zero search equity thin duplicate post
/รับซื้อ-harddisk-samsung/,UNKNOWN,MONEY_HUB,general_buyback,UNKNOWN,,,,,,,10,35,D_RETIRE,UNREGISTERED_OR_PRIVATE,FUTURE_RETIREMENT_APPROVAL_REQUIRED,,NONE,NONE+NONE,Zero search equity thin duplicate post
/รับซื้อ-harddisk-sas/,UNKNOWN,MONEY_HUB,general_buyback,UNKNOWN,,,,,,,10,35,D_RETIRE,UNREGISTERED_OR_PRIVATE,FUTURE_RETIREMENT_APPROVAL_REQUIRED,,NONE,NONE+NONE,Zero search equity thin duplicate post
/รับซื้อ-harddisk-seagate/,UNKNOWN,MONEY_HUB,general_buyback,UNKNOWN,,,,,,,10,35,D_RETIRE,UNREGISTERED_OR_PRIVATE,FUTURE_RETIREMENT_APPROVAL_REQUIRED,,NONE,NONE+NONE,Zero search equity thin duplicate post
/รับซื้อ-harddisk-server/,UNKNOWN,MONEY_HUB,enterprise_scrap,UNKNOWN,,,,,,,10,85,D_RETIRE,UNREGISTERED_OR_PRIVATE,FUTURE_RETIREMENT_APPROVAL_REQUIRED,,NONE,NONE+NONE,Zero search equity thin duplicate post
/รับซื้อ-harddisk-synology/,รับซื้อ Harddisk Synology มือสอง ทุกรุ่น จ่ายสดทันที,MONEY_HUB,general_buyback,UNKNOWN,,,,,,,10,35,D_RETIRE,HOLD_NOINDEX_200,FUTURE_RETIREMENT_APPROVAL_REQUIRED,,,NONE+legacy-posts,Zero search equity thin duplicate post
/รับซื้อ-harddisk-toshiba/,รับซื้อ Toshiba มือสอง ทุกรุ่น จ่ายสดทันที,MONEY_HUB,general_buyback,UNKNOWN,,,,,,,10,35,D_RETIRE,HOLD_NOINDEX_200,FUTURE_RETIREMENT_APPROVAL_REQUIRED,,,NONE+legacy-posts,Zero search equity thin duplicate post
/รับซื้อ-harddisk-wd/,UNKNOWN,MONEY_HUB,general_buyback,UNKNOWN,,,,,,,10,35,D_RETIRE,UNREGISTERED_OR_PRIVATE,FUTURE_RETIREMENT_APPROVAL_REQUIRED,,NONE,NONE+NONE,Zero search equity thin duplicate post
/รับซื้อ-harddisk-กล้องวงจรปิด/,รับซื้อ Harddisk กล้องวงจรปิด มือสอง ทุกรุ่น จ่ายสดทันที,MONEY_HUB,camera,UNKNOWN,,,,,,,10,85,D_RETIRE,HOLD_NOINDEX_200,FUTURE_RETIREMENT_APPROVAL_REQUIRED,,,NONE+legacy-posts,Zero search equity thin duplicate post
/รับซื้อ-harddisk-ใหม่/,UNKNOWN,MONEY_HUB,general_buyback,UNKNOWN,,,,,,,10,35,D_RETIRE,UNREGISTERED_OR_PRIVATE,FUTURE_RETIREMENT_APPROVAL_REQUIRED,,NONE,NONE+NONE,Zero search equity thin duplicate post
/รับซื้อ-harddisk/,UNKNOWN,MONEY_HUB,general_buyback,UNKNOWN,,,,,,,10,35,D_RETIRE,UNREGISTERED_OR_PRIVATE,FUTURE_RETIREMENT_APPROVAL_REQUIRED,,NONE,NONE+NONE,Zero search equity thin duplicate post
/รับซื้อ-hdd-มือสอง/,รับซื้อ HDD มือสอง ราคาดี บริการทั่วไทย ประเมินฟรี,GUIDE,guide,90_DAYS_PERFORMANCE_EXPORT,2026-04-07,2026-07-06,3,29,17.66,3,50,75,E_REVIEW,HOLD_NOINDEX_200,OWNER_REVIEW_REQUIRED,,,docs/gsc/rerubsue_gsc_recovery_plan_2026-07-06.xlsx+legacy-posts,Residual historical traffic (3 clicks) requiring explicit stakeholder decision
/รับซื้อ-homepod/,UNKNOWN,MONEY_HUB,general_buyback,UNKNOWN,,,,,,,10,35,D_RETIRE,UNREGISTERED_OR_PRIVATE,FUTURE_RETIREMENT_APPROVAL_REQUIRED,,NONE,NONE+NONE,Zero search equity thin duplicate post
/รับซื้อ-hp-notebook/,"รับซื้อ HP Notebook มือสอง ทั้ง EliteBook, Pavilion, Victus และ Omen",MONEY_HUB,notebook,UNKNOWN,,,,,,,10,85,D_RETIRE,HOLD_NOINDEX_200,FUTURE_RETIREMENT_APPROVAL_REQUIRED,,,NONE+legacy-posts,Zero search equity thin duplicate post
/รับซื้อ-hp-อุบล/,UNKNOWN,MONEY_HUB,general_buyback,UNKNOWN,,,,,,,10,35,D_RETIRE,UNREGISTERED_OR_PRIVATE,FUTURE_RETIREMENT_APPROVAL_REQUIRED,,NONE,NONE+NONE,Zero search equity thin duplicate post
/รับซื้อ-huawei-tablet/,UNKNOWN,MONEY_HUB,ipad,UNKNOWN,,,,,,,10,85,D_RETIRE,UNREGISTERED_OR_PRIVATE,FUTURE_RETIREMENT_APPROVAL_REQUIRED,,NONE,NONE+NONE,Zero search equity thin duplicate post
/รับซื้อ-imac-กาญจนบุรี/,กาญจนบุรี รับซื้อiMac สู้ทุกราคา บริการรับถึงที่ จ่ายสด ไม่กดราคา ปลอดภัย 100%,MONEY_HUB,macbook,UNKNOWN,,,,,,,10,85,D_RETIRE,HOLD_NOINDEX_200,FUTURE_RETIREMENT_APPROVAL_REQUIRED,,,NONE+legacy-posts,Zero search equity thin duplicate post
/รับซื้อ-imac-กาฬสินธุ์/,รับซื้อiMac กาฬสินธุ์ ด่วนที่สุด ให้ราคาสูง รับถึงที่ จ่ายเงินสด 100%,MONEY_HUB,macbook,UNKNOWN,,,,,,,10,85,D_RETIRE,HOLD_NOINDEX_200,FUTURE_RETIREMENT_APPROVAL_REQUIRED,,,NONE+legacy-posts,Zero search equity thin duplicate post
/รับซื้อ-imac-จันทบุรี/,ด่วน! รับซื้อiMacมือสองในเขตจันทบุรี เช็คราคาฟรี ได้เงินทันที สู้ทุกราคา,MONEY_HUB,macbook,UNKNOWN,,,,,,,10,85,D_RETIRE,HOLD_NOINDEX_200,FUTURE_RETIREMENT_APPROVAL_REQUIRED,,,NONE+legacy-posts,Zero search equity thin duplicate post
/รับซื้อ-imac-นครศรีธรรมราช/,นครศรีธรรมราช รับซื้อiMac สู้ทุกราคา บริการรับถึงที่ จ่ายสด ไม่กดราคา ปลอดภัย 100%,MONEY_HUB,macbook,UNKNOWN,,,,,,,10,85,D_RETIRE,HOLD_NOINDEX_200,FUTURE_RETIREMENT_APPROVAL_REQUIRED,,,NONE+legacy-posts,Zero search equity thin duplicate post
/รับซื้อ-imac-บุรีรัมย์/,ด่วน! รับซื้อiMacมือสองในเขตบุรีรัมย์ เช็คราคาฟรี ได้เงินทันที สู้ทุกราคา,MONEY_HUB,macbook,UNKNOWN,,,,,,,10,85,D_RETIRE,HOLD_NOINDEX_200,FUTURE_RETIREMENT_APPROVAL_REQUIRED,,,NONE+legacy-posts,Zero search equity thin duplicate post
/รับซื้อ-imac-ปราจีนบุรี/,ด่วน! รับซื้อiMacมือสองในเขตปราจีนบุรี เช็คราคาฟรี ได้เงินทันที สู้ทุกราคา,MONEY_HUB,macbook,UNKNOWN,,,,,,,10,85,D_RETIRE,HOLD_NOINDEX_200,FUTURE_RETIREMENT_APPROVAL_REQUIRED,,,NONE+legacy-posts,Zero search equity thin duplicate post
/รับซื้อ-imac-มุกดาหาร/,เปลี่ยนiMacเก่าเป็นเงินสดที่มุกดาหาร ตีราคาไว โอนเงินหน้างาน บริการรับถึงบ้าน,MONEY_HUB,macbook,UNKNOWN,,,,,,,10,85,D_RETIRE,HOLD_NOINDEX_200,FUTURE_RETIREMENT_APPROVAL_REQUIRED,,,NONE+legacy-posts,Zero search equity thin duplicate post
/รับซื้อ-imac-สมุทรสงคราม/,เปลี่ยนiMacเก่าเป็นเงินสดที่สมุทรสงคราม ตีราคาไว โอนเงินหน้างาน บริการรับถึงบ้าน,MONEY_HUB,macbook,UNKNOWN,,,,,,,10,85,D_RETIRE,HOLD_NOINDEX_200,FUTURE_RETIREMENT_APPROVAL_REQUIRED,,,NONE+legacy-posts,Zero search equity thin duplicate post
/รับซื้อ-imac-สมุทรสาคร/,ขายiMacด่วน สมุทรสาคร ที่ไหนดี? WE BUY ให้ราคาสูง จ่ายเงินสดทันใจ รับถึงหน้าบ้าน,MONEY_HUB,macbook,UNKNOWN,,,,,,,10,85,D_RETIRE,HOLD_NOINDEX_200,FUTURE_RETIREMENT_APPROVAL_REQUIRED,,,NONE+legacy-posts,Zero search equity thin duplicate post
/รับซื้อ-imac-สิงห์บุรี/,เปลี่ยนiMacเก่าเป็นเงินสดที่สิงห์บุรี ตีราคาไว โอนเงินหน้างาน บริการรับถึงบ้าน,MONEY_HUB,macbook,UNKNOWN,,,,,,,10,85,D_RETIRE,HOLD_NOINDEX_200,FUTURE_RETIREMENT_APPROVAL_REQUIRED,,,NONE+legacy-posts,Zero search equity thin duplicate post
/รับซื้อ-imac-หนองบัวลำภู/,ขายiMacด่วน หนองบัวลำภู ที่ไหนดี? WE BUY ให้ราคาสูง จ่ายเงินสดทันใจ รับถึงหน้าบ้าน,MONEY_HUB,macbook,UNKNOWN,,,,,,,10,85,D_RETIRE,HOLD_NOINDEX_200,FUTURE_RETIREMENT_APPROVAL_REQUIRED,,,NONE+legacy-posts,Zero search equity thin duplicate post
/รับซื้อ-imac-อำนาจเจริญ/,รับซื้อiMac อำนาจเจริญ ด่วนที่สุด ให้ราคาสูง รับถึงที่ จ่ายเงินสด 100%,MONEY_HUB,macbook,UNKNOWN,,,,,,,10,85,D_RETIRE,HOLD_NOINDEX_200,FUTURE_RETIREMENT_APPROVAL_REQUIRED,,,NONE+legacy-posts,Zero search equity thin duplicate post
/รับซื้อ-imac-อุตรดิตถ์/,ขายiMacด่วน อุตรดิตถ์ ที่ไหนดี? WE BUY ให้ราคาสูง จ่ายเงินสดทันใจ รับถึงหน้าบ้าน,MONEY_HUB,macbook,UNKNOWN,,,,,,,10,85,D_RETIRE,HOLD_NOINDEX_200,FUTURE_RETIREMENT_APPROVAL_REQUIRED,,,NONE+legacy-posts,Zero search equity thin duplicate post
/รับซื้อ-imac-อุทัยธานี/,ขายiMacด่วน อุทัยธานี ที่ไหนดี? WE BUY ให้ราคาสูง จ่ายเงินสดทันใจ รับถึงหน้าบ้าน,MONEY_HUB,macbook,UNKNOWN,,,,,,,10,85,D_RETIRE,HOLD_NOINDEX_200,FUTURE_RETIREMENT_APPROVAL_REQUIRED,,,NONE+legacy-posts,Zero search equity thin duplicate post
/รับซื้อ-imac-เชียงใหม่/,ด่วน! รับซื้อiMacมือสองในเขตเชียงใหม่ เช็คราคาฟรี ได้เงินทันที สู้ทุกราคา,MONEY_HUB,macbook,UNKNOWN,,,,,,,10,85,D_RETIRE,HOLD_NOINDEX_200,FUTURE_RETIREMENT_APPROVAL_REQUIRED,,,NONE+legacy-posts,Zero search equity thin duplicate post
/รับซื้อ-imac/,UNKNOWN,MONEY_HUB,macbook,UNKNOWN,,,,,,,10,85,D_RETIRE,UNREGISTERED_OR_PRIVATE,FUTURE_RETIREMENT_APPROVAL_REQUIRED,,NONE,NONE+NONE,Zero search equity thin duplicate post
/รับซื้อ-intel-nuc/,UNKNOWN,MONEY_HUB,general_buyback,UNKNOWN,,,,,,,10,35,D_RETIRE,UNREGISTERED_OR_PRIVATE,FUTURE_RETIREMENT_APPROVAL_REQUIRED,,NONE,NONE+NONE,Zero search equity thin duplicate post
/รับซื้อ-ip-camera/,รับซื้อ IP Camera มือสอง — Hikvision Dahua Axis รับทุกความละเอียด จ่ายทันที,MONEY_HUB,camera,UNKNOWN,,,,,,,10,85,D_RETIRE,HOLD_NOINDEX_200,FUTURE_RETIREMENT_APPROVAL_REQUIRED,,,NONE+legacy-posts,Zero search equity thin duplicate post
/รับซื้อ-ip-phone/,UNKNOWN,MONEY_HUB,general_buyback,UNKNOWN,,,,,,,10,35,D_RETIRE,UNREGISTERED_OR_PRIVATE,FUTURE_RETIREMENT_APPROVAL_REQUIRED,,NONE,NONE+NONE,Zero search equity thin duplicate post
/รับซื้อ-ipad-หาดใหญ่/,UNKNOWN,MONEY_HUB,ipad,UNKNOWN,,,,,,,10,85,D_RETIRE,UNREGISTERED_OR_PRIVATE,FUTURE_RETIREMENT_APPROVAL_REQUIRED,,NONE,NONE+NONE,Zero search equity thin duplicate post
/รับซื้อ-ipad-เชียงใหม่/,รับซื้อ iPad เชียงใหม่ มือสอง — iPad Pro/Air/mini ทุกรุ่น จ่ายทันที,MONEY_HUB,ipad,UNKNOWN,,,,,,,10,85,D_RETIRE,HOLD_NOINDEX_200,FUTURE_RETIREMENT_APPROVAL_REQUIRED,,,NONE+legacy-posts,Zero search equity thin duplicate post
/รับซื้อ-iphone-15-pro-max/,UNKNOWN,MONEY_HUB,iphone,UNKNOWN,,,,,,,10,85,D_RETIRE,UNREGISTERED_OR_PRIVATE,FUTURE_RETIREMENT_APPROVAL_REQUIRED,,NONE,NONE+NONE,Zero search equity thin duplicate post
/รับซื้อ-iphone-15/,UNKNOWN,MONEY_HUB,iphone,UNKNOWN,,,,,,,10,85,D_RETIRE,UNREGISTERED_OR_PRIVATE,FUTURE_RETIREMENT_APPROVAL_REQUIRED,,NONE,NONE+NONE,Zero search equity thin duplicate post
/รับซื้อ-iphone-16-pro-max/,UNKNOWN,MONEY_HUB,iphone,UNKNOWN,,,,,,,10,85,D_RETIRE,UNREGISTERED_OR_PRIVATE,FUTURE_RETIREMENT_APPROVAL_REQUIRED,,NONE,NONE+NONE,Zero search equity thin duplicate post
/รับซื้อ-iphone-16/,UNKNOWN,MONEY_HUB,iphone,UNKNOWN,,,,,,,10,85,D_RETIRE,UNREGISTERED_OR_PRIVATE,FUTURE_RETIREMENT_APPROVAL_REQUIRED,,NONE,NONE+NONE,Zero search equity thin duplicate post
/รับซื้อ-iphone-จตุจักร/,รับซื้อ iPhone จตุจักร กรุงเทพฯ มือสอง — ประเมินราคาไว จ่ายทันที,MONEY_HUB,iphone,UNKNOWN,,,,,,,10,85,D_RETIRE,HOLD_NOINDEX_200,FUTURE_RETIREMENT_APPROVAL_REQUIRED,,,NONE+legacy-posts,Zero search equity thin duplicate post
/รับซื้อ-iphone-จังหวัด-อุบลราช/,UNKNOWN,LOCAL_MONEY,iphone,UNKNOWN,,,,,,,10,85,D_RETIRE,UNREGISTERED_OR_PRIVATE,FUTURE_RETIREMENT_APPROVAL_REQUIRED,,NONE,NONE+NONE,Zero search equity thin duplicate post
/รับซื้อ-iphone-ชลบุรี/,UNKNOWN,MONEY_HUB,iphone,UNKNOWN,,,,,,,10,85,D_RETIRE,UNREGISTERED_OR_PRIVATE,FUTURE_RETIREMENT_APPROVAL_REQUIRED,,NONE,NONE+NONE,Zero search equity thin duplicate post
/รับซื้อ-iphone-นครปฐม/,UNKNOWN,MONEY_HUB,iphone,UNKNOWN,,,,,,,10,85,D_RETIRE,UNREGISTERED_OR_PRIVATE,FUTURE_RETIREMENT_APPROVAL_REQUIRED,,NONE,NONE+NONE,Zero search equity thin duplicate post
/รับซื้อ-iphone-นครศรีธรรมราช/,UNKNOWN,MONEY_HUB,iphone,UNKNOWN,,,,,,,10,85,D_RETIRE,UNREGISTERED_OR_PRIVATE,FUTURE_RETIREMENT_APPROVAL_REQUIRED,,NONE,NONE+NONE,Zero search equity thin duplicate post
/รับซื้อ-iphone-นนทบุรี/,UNKNOWN,MONEY_HUB,iphone,UNKNOWN,,,,,,,10,85,D_RETIRE,UNREGISTERED_OR_PRIVATE,FUTURE_RETIREMENT_APPROVAL_REQUIRED,,NONE,NONE+NONE,Zero search equity thin duplicate post
/รับซื้อ-iphone-ปทุมธานี/,UNKNOWN,MONEY_HUB,iphone,UNKNOWN,,,,,,,10,85,D_RETIRE,UNREGISTERED_OR_PRIVATE,FUTURE_RETIREMENT_APPROVAL_REQUIRED,,NONE,NONE+NONE,Zero search equity thin duplicate post
/รับซื้อ-iphone-พระนครศรีอยุธยา/,UNKNOWN,MONEY_HUB,iphone,UNKNOWN,,,,,,,10,85,D_RETIRE,UNREGISTERED_OR_PRIVATE,FUTURE_RETIREMENT_APPROVAL_REQUIRED,,NONE,NONE+NONE,Zero search equity thin duplicate post
/รับซื้อ-iphone-พระโขนง/,รับซื้อ iPhone พระโขนง กรุงเทพฯ มือสอง — ประเมินราคาไว จ่ายทันที,MONEY_HUB,iphone,UNKNOWN,,,,,,,10,85,D_RETIRE,HOLD_NOINDEX_200,FUTURE_RETIREMENT_APPROVAL_REQUIRED,,,NONE+legacy-posts,Zero search equity thin duplicate post
/รับซื้อ-iphone-พิษณุโลก/,UNKNOWN,MONEY_HUB,iphone,UNKNOWN,,,,,,,10,85,D_RETIRE,UNREGISTERED_OR_PRIVATE,FUTURE_RETIREMENT_APPROVAL_REQUIRED,,NONE,NONE+NONE,Zero search equity thin duplicate post
/รับซื้อ-iphone-ภูเก็ต/,UNKNOWN,MONEY_HUB,iphone,UNKNOWN,,,,,,,10,85,D_RETIRE,UNREGISTERED_OR_PRIVATE,FUTURE_RETIREMENT_APPROVAL_REQUIRED,,NONE,NONE+NONE,Zero search equity thin duplicate post
/รับซื้อ-iphone-ระยอง/,รับซื้อiPhone ระยอง มือสอง — ราคาดี จ่ายทันที ไม่มีวันหยุด,MONEY_HUB,iphone,UNKNOWN,,,,,,,10,85,D_RETIRE,HOLD_NOINDEX_200,FUTURE_RETIREMENT_APPROVAL_REQUIRED,,,NONE+legacy-posts,Zero search equity thin duplicate post
/รับซื้อ-iphone-ลาดพร้าว/,รับซื้อ iPhone ลาดพร้าว กรุงเทพฯ มือสอง — ประเมินราคาไว จ่ายทันที,MONEY_HUB,iphone,UNKNOWN,,,,,,,10,85,D_RETIRE,HOLD_NOINDEX_200,FUTURE_RETIREMENT_APPROVAL_REQUIRED,,,NONE+legacy-posts,Zero search equity thin duplicate post
/รับซื้อ-iphone-ลำปาง/,รับซื้อ iPhone ลำปาง มือสอง — ประเมินราคาตามสุขภาพแบต จ่ายทันที,MONEY_HUB,iphone,UNKNOWN,,,,,,,10,85,D_RETIRE,HOLD_NOINDEX_200,FUTURE_RETIREMENT_APPROVAL_REQUIRED,,,NONE+legacy-posts,Zero search equity thin duplicate post
/รับซื้อ-iphone-วังทองหลาง/,รับซื้อ iPhone วังทองหลาง กรุงเทพฯ มือสอง — ประเมินราคาไว จ่ายทันที,MONEY_HUB,iphone,UNKNOWN,,,,,,,10,85,D_RETIRE,HOLD_NOINDEX_200,FUTURE_RETIREMENT_APPROVAL_REQUIRED,,,NONE+legacy-posts,Zero search equity thin duplicate post
/รับซื้อ-iphone-สงขลา/,รับซื้อ iPhone สงขลา มือสอง — ทุกรุ่น จ่ายเงินสดทันที บริการตลอด 24 ชม.,MONEY_HUB,iphone,UNKNOWN,,,,,,,10,85,D_RETIRE,UNREGISTERED_OR_PRIVATE,FUTURE_RETIREMENT_APPROVAL_REQUIRED,,NONE,NONE+NONE,Zero search equity thin duplicate post
/รับซื้อ-iphone-สุราษฎร์ธานี/,UNKNOWN,MONEY_HUB,iphone,UNKNOWN,,,,,,,10,85,D_RETIRE,UNREGISTERED_OR_PRIVATE,FUTURE_RETIREMENT_APPROVAL_REQUIRED,,NONE,NONE+NONE,Zero search equity thin duplicate post
/รับซื้อ-iphone-หาดใหญ่/,UNKNOWN,MONEY_HUB,iphone,UNKNOWN,,,,,,,10,85,D_RETIRE,UNREGISTERED_OR_PRIVATE,FUTURE_RETIREMENT_APPROVAL_REQUIRED,,NONE,NONE+NONE,Zero search equity thin duplicate post
/รับซื้อ-iphone-ห้วยขวาง/,รับซื้อ iPhone ห้วยขวาง กรุงเทพฯ มือสอง — ประเมินราคาไว จ่ายทันที,MONEY_HUB,iphone,UNKNOWN,,,,,,,10,85,D_RETIRE,HOLD_NOINDEX_200,FUTURE_RETIREMENT_APPROVAL_REQUIRED,,,NONE+legacy-posts,Zero search equity thin duplicate post
/รับซื้อ-iphone-เชียงราย/,UNKNOWN,MONEY_HUB,iphone,UNKNOWN,,,,,,,10,85,D_RETIRE,UNREGISTERED_OR_PRIVATE,FUTURE_RETIREMENT_APPROVAL_REQUIRED,,NONE,NONE+NONE,Zero search equity thin duplicate post
/รับซื้อ-iphone-เชียงใหม่/,UNKNOWN,MONEY_HUB,iphone,UNKNOWN,,,,,,,10,85,D_RETIRE,UNREGISTERED_OR_PRIVATE,FUTURE_RETIREMENT_APPROVAL_REQUIRED,,NONE,NONE+NONE,Zero search equity thin duplicate post
/รับซื้อ-keyboard/,รับซื้อ Keyboard มือสอง ทุกรุ่น จ่ายสดทันที,MONEY_HUB,general_buyback,UNKNOWN,,,,,,,10,35,D_RETIRE,HOLD_NOINDEX_200,FUTURE_RETIREMENT_APPROVAL_REQUIRED,,,NONE+legacy-posts,Zero search equity thin duplicate post
/รับซื้อ-laptop-gaming/,UNKNOWN,MONEY_HUB,notebook,UNKNOWN,,,,,,,10,85,D_RETIRE,UNREGISTERED_OR_PRIVATE,FUTURE_RETIREMENT_APPROVAL_REQUIRED,,NONE,NONE+NONE,Zero search equity thin duplicate post
/รับซื้อ-lenovo-notebook/,UNKNOWN,MONEY_HUB,notebook,UNKNOWN,,,,,,,10,85,D_RETIRE,UNREGISTERED_OR_PRIVATE,FUTURE_RETIREMENT_APPROVAL_REQUIRED,,NONE,NONE+NONE,Zero search equity thin duplicate post
/รับซื้อ-lenovo-อุบล/,UNKNOWN,MONEY_HUB,general_buyback,UNKNOWN,,,,,,,10,35,D_RETIRE,UNREGISTERED_OR_PRIVATE,FUTURE_RETIREMENT_APPROVAL_REQUIRED,,NONE,NONE+NONE,Zero search equity thin duplicate post
/รับซื้อ-mac-mini/,รับซื้อ Mac Mini มือสอง ทุกรุ่น จ่ายสดทันที,MONEY_HUB,macbook,UNKNOWN,,,,,,,10,85,D_RETIRE,HOLD_NOINDEX_200,FUTURE_RETIREMENT_APPROVAL_REQUIRED,,,NONE+legacy-posts,Zero search equity thin duplicate post
/รับซื้อ-mac-pro/,UNKNOWN,MONEY_HUB,macbook,UNKNOWN,,,,,,,10,85,D_RETIRE,UNREGISTERED_OR_PRIVATE,FUTURE_RETIREMENT_APPROVAL_REQUIRED,,NONE,NONE+NONE,Zero search equity thin duplicate post
/รับซื้อ-mac-studio/,รับซื้อ Mac Studio มือสอง ทุกรุ่น จ่ายสดทันที,MONEY_HUB,macbook,UNKNOWN,,,,,,,10,85,D_RETIRE,HOLD_NOINDEX_200,FUTURE_RETIREMENT_APPROVAL_REQUIRED,,,NONE+legacy-posts,Zero search equity thin duplicate post
/รับซื้อ-macbook-air-m3/,UNKNOWN,MONEY_HUB,macbook,UNKNOWN,,,,,,,10,85,D_RETIRE,UNREGISTERED_OR_PRIVATE,FUTURE_RETIREMENT_APPROVAL_REQUIRED,,NONE,NONE+NONE,Zero search equity thin duplicate post
/รับซื้อ-macbook-air-ขอนแก่น/,รับซื้อ macbook air ขอนแก่น,LOCAL_MONEY,macbook,UNKNOWN,,,,,,,10,85,D_RETIRE,HOLD_NOINDEX_200,FUTURE_RETIREMENT_APPROVAL_REQUIRED,,,NONE+legacy-posts,Zero search equity thin duplicate post
/รับซื้อ-macbook-air/,UNKNOWN,MONEY_HUB,macbook,UNKNOWN,,,,,,,10,85,D_RETIRE,UNREGISTERED_OR_PRIVATE,FUTURE_RETIREMENT_APPROVAL_REQUIRED,,NONE,NONE+NONE,Zero search equity thin duplicate post
/รับซื้อ-macbook-pro-m3/,รับซื้อ MacBook Pro M3 มือสอง,MONEY_HUB,macbook,UNKNOWN,,,,,,,10,85,D_RETIRE,UNREGISTERED_OR_PRIVATE,FUTURE_RETIREMENT_APPROVAL_REQUIRED,,NONE,NONE+NONE,Zero search equity thin duplicate post
/รับซื้อ-macbook-pro-m4/,รับซื้อ MacBook Pro M4 มือสอง,MONEY_HUB,macbook,UNKNOWN,,,,,,,10,85,D_RETIRE,UNREGISTERED_OR_PRIVATE,FUTURE_RETIREMENT_APPROVAL_REQUIRED,,NONE,NONE+NONE,Zero search equity thin duplicate post
/รับซื้อ-macbook-pro-ขอนแก่น/,รับซื้อ MacBook Pro ขอนแก่น,LOCAL_MONEY,macbook,UNKNOWN,,,,,,,10,85,D_RETIRE,HOLD_NOINDEX_200,FUTURE_RETIREMENT_APPROVAL_REQUIRED,,,NONE+legacy-posts,Zero search equity thin duplicate post
/รับซื้อ-macbook-pro/,UNKNOWN,MONEY_HUB,macbook,UNKNOWN,,,,,,,10,85,D_RETIRE,UNREGISTERED_OR_PRIVATE,FUTURE_RETIREMENT_APPROVAL_REQUIRED,,NONE,NONE+NONE,Zero search equity thin duplicate post
/รับซื้อ-macbook-กาญจนบุรี/,รับซื้อMacBook กาญจนบุรี ด่วนที่สุด ให้ราคาสูง รับถึงที่ จ่ายเงินสด 100%,MONEY_HUB,macbook,UNKNOWN,,,,,,,10,85,D_RETIRE,HOLD_NOINDEX_200,FUTURE_RETIREMENT_APPROVAL_REQUIRED,,,NONE+legacy-posts,Zero search equity thin duplicate post
/รับซื้อ-macbook-กาฬสินธุ์-รับซื/,รับซื้อ macbook กาฬสินธุ์ รับซื้อแม็คบุ๊คใกล้ฉัน,MONEY_HUB,macbook,UNKNOWN,,,,,,,10,85,D_RETIRE,HOLD_NOINDEX_200,FUTURE_RETIREMENT_APPROVAL_REQUIRED,,,NONE+legacy-posts,Zero search equity thin duplicate post
/รับซื้อ-macbook-กำแพงเพชร/,เปลี่ยนMacBookเก่าเป็นเงินสดที่กำแพงเพชร ตีราคาไว โอนเงินหน้างาน บริการรับถึงบ้าน,MONEY_HUB,macbook,UNKNOWN,,,,,,,10,85,D_RETIRE,HOLD_NOINDEX_200,FUTURE_RETIREMENT_APPROVAL_REQUIRED,,,NONE+legacy-posts,Zero search equity thin duplicate post
/รับซื้อ-macbook-จตุจักร/,UNKNOWN,MONEY_HUB,macbook,UNKNOWN,,,,,,,10,85,D_RETIRE,UNREGISTERED_OR_PRIVATE,FUTURE_RETIREMENT_APPROVAL_REQUIRED,,NONE,NONE+NONE,Zero search equity thin duplicate post
/รับซื้อ-macbook-จังหวัดกาฬสินธ/,รับซื้อ Macbook จังหวัดกาฬสินธุ์ รับซื้อแม็คบุ๊ค ใกล้ฉัน,MONEY_HUB,macbook,UNKNOWN,,,,,,,30,85,C_301_CONSOLIDATE,ACTIVE_REDIRECT_301,MAINTAIN_ACTIVE_REDIRECT,/รับซื้อแมคบุ๊ค/,EXISTING_REDIRECT,NONE+redirects,Active migration redirect rule targeting /รับซื้อแมคบุ๊ค/
/รับซื้อ-macbook-จังหวัดนครพนม/,UNKNOWN,MONEY_HUB,macbook,UNKNOWN,,,,,,,30,85,C_301_CONSOLIDATE,ACTIVE_REDIRECT_301,MAINTAIN_ACTIVE_REDIRECT,/รับซื้อแมคบุ๊ค/,EXISTING_REDIRECT,NONE+redirects,Active migration redirect rule targeting /รับซื้อแมคบุ๊ค/
/รับซื้อ-macbook-จังหวัดนครราชส/,UNKNOWN,MONEY_HUB,macbook,UNKNOWN,,,,,,,30,85,C_301_CONSOLIDATE,ACTIVE_REDIRECT_301,MAINTAIN_ACTIVE_REDIRECT,/รับซื้อแมคบุ๊ค/,EXISTING_REDIRECT,NONE+redirects,Active migration redirect rule targeting /รับซื้อแมคบุ๊ค/
/รับซื้อ-macbook-จังหวัดบุรีรัม/,UNKNOWN,MONEY_HUB,macbook,UNKNOWN,,,,,,,30,85,C_301_CONSOLIDATE,ACTIVE_REDIRECT_301,MAINTAIN_ACTIVE_REDIRECT,/รับซื้อแมคบุ๊ค/,EXISTING_REDIRECT,NONE+redirects,Active migration redirect rule targeting /รับซื้อแมคบุ๊ค/
/รับซื้อ-macbook-จังหวัดมุกดาหา/,UNKNOWN,MONEY_HUB,macbook,UNKNOWN,,,,,,,30,85,C_301_CONSOLIDATE,ACTIVE_REDIRECT_301,MAINTAIN_ACTIVE_REDIRECT,/รับซื้อแมคบุ๊ค/,EXISTING_REDIRECT,NONE+redirects,Active migration redirect rule targeting /รับซื้อแมคบุ๊ค/
/รับซื้อ-macbook-จังหวัดร้อยเอ็/,UNKNOWN,MONEY_HUB,macbook,UNKNOWN,,,,,,,30,85,C_301_CONSOLIDATE,ACTIVE_REDIRECT_301,MAINTAIN_ACTIVE_REDIRECT,/รับซื้อแมคบุ๊ค/,EXISTING_REDIRECT,NONE+redirects,Active migration redirect rule targeting /รับซื้อแมคบุ๊ค/
/รับซื้อ-macbook-จังหวัดสุรินทร/,UNKNOWN,MONEY_HUB,macbook,UNKNOWN,,,,,,,30,85,C_301_CONSOLIDATE,ACTIVE_REDIRECT_301,MAINTAIN_ACTIVE_REDIRECT,/รับซื้อแมคบุ๊ค/,EXISTING_REDIRECT,NONE+redirects,Active migration redirect rule targeting /รับซื้อแมคบุ๊ค/
/รับซื้อ-macbook-ชลบุรี/,UNKNOWN,MONEY_HUB,macbook,UNKNOWN,,,,,,,10,85,D_RETIRE,UNREGISTERED_OR_PRIVATE,FUTURE_RETIREMENT_APPROVAL_REQUIRED,,NONE,NONE+NONE,Zero search equity thin duplicate post
/รับซื้อ-macbook-นครนายก/,รับซื้อMacBook นครนายก ด่วนที่สุด ให้ราคาสูง รับถึงที่ จ่ายเงินสด 100%,MONEY_HUB,macbook,UNKNOWN,,,,,,,10,85,D_RETIRE,HOLD_NOINDEX_200,FUTURE_RETIREMENT_APPROVAL_REQUIRED,,,NONE+legacy-posts,Zero search equity thin duplicate post
/รับซื้อ-macbook-นครปฐม/,UNKNOWN,MONEY_HUB,macbook,UNKNOWN,,,,,,,10,85,D_RETIRE,UNREGISTERED_OR_PRIVATE,FUTURE_RETIREMENT_APPROVAL_REQUIRED,,NONE,NONE+NONE,Zero search equity thin duplicate post
/รับซื้อ-macbook-นครราชสีมา/,เปลี่ยนMacBookเก่าเป็นเงินสดที่นครราชสีมา ตีราคาไว โอนเงินหน้างาน บริการรับถึงบ้าน,MONEY_HUB,macbook,UNKNOWN,,,,,,,10,85,D_RETIRE,HOLD_NOINDEX_200,FUTURE_RETIREMENT_APPROVAL_REQUIRED,,,NONE+legacy-posts,Zero search equity thin duplicate post
/รับซื้อ-macbook-นครศรีธรรมราช/,รับซื้อMacBook นครศรีธรรมราช ด่วนที่สุด ให้ราคาสูง รับถึงที่ จ่ายเงินสด 100%,MONEY_HUB,macbook,UNKNOWN,,,,,,,10,85,D_RETIRE,HOLD_NOINDEX_200,FUTURE_RETIREMENT_APPROVAL_REQUIRED,,,NONE+legacy-posts,Zero search equity thin duplicate post
/รับซื้อ-macbook-นครสวรรค์/,เปลี่ยนMacBookเก่าเป็นเงินสดที่นครสวรรค์ ตีราคาไว โอนเงินหน้างาน บริการรับถึงบ้าน,MONEY_HUB,macbook,UNKNOWN,,,,,,,10,85,D_RETIRE,HOLD_NOINDEX_200,FUTURE_RETIREMENT_APPROVAL_REQUIRED,,,NONE+legacy-posts,Zero search equity thin duplicate post
/รับซื้อ-macbook-นนทบุรี/,UNKNOWN,MONEY_HUB,macbook,UNKNOWN,,,,,,,10,85,D_RETIRE,UNREGISTERED_OR_PRIVATE,FUTURE_RETIREMENT_APPROVAL_REQUIRED,,NONE,NONE+NONE,Zero search equity thin duplicate post
/รับซื้อ-macbook-บุรีรัมย์/,บุรีรัมย์ รับซื้อMacBook สู้ทุกราคา บริการรับถึงที่ จ่ายสด ไม่กดราคา ปลอดภัย 100%,MONEY_HUB,macbook,UNKNOWN,,,,,,,10,85,D_RETIRE,HOLD_NOINDEX_200,FUTURE_RETIREMENT_APPROVAL_REQUIRED,,,NONE+legacy-posts,Zero search equity thin duplicate post
/รับซื้อ-macbook-ปทุมธานี/,รับซื้อMacBook ปทุมธานี ด่วนที่สุด ให้ราคาสูง รับถึงที่ จ่ายเงินสด 100%,MONEY_HUB,macbook,UNKNOWN,,,,,,,10,85,D_RETIRE,HOLD_NOINDEX_200,FUTURE_RETIREMENT_APPROVAL_REQUIRED,,,NONE+legacy-posts,Zero search equity thin duplicate post
/รับซื้อ-macbook-ประจวบคีรีขันธ์/,ประจวบคีรีขันธ์ รับซื้อMacBook สู้ทุกราคา บริการรับถึงที่ จ่ายสด ไม่กดราคา ปลอดภัย 100%,MONEY_HUB,macbook,UNKNOWN,,,,,,,10,85,D_RETIRE,HOLD_NOINDEX_200,FUTURE_RETIREMENT_APPROVAL_REQUIRED,,,NONE+legacy-posts,Zero search equity thin duplicate post
/รับซื้อ-macbook-พระนครศรีอยุธยา/,ขายMacBookด่วน พระนครศรีอยุธยา ที่ไหนดี? WE BUY ให้ราคาสูง จ่ายเงินสดทันใจ รับถึงหน้าบ้าน,MONEY_HUB,macbook,UNKNOWN,,,,,,,10,85,D_RETIRE,HOLD_NOINDEX_200,FUTURE_RETIREMENT_APPROVAL_REQUIRED,,,NONE+legacy-posts,Zero search equity thin duplicate post
/รับซื้อ-macbook-พระโขนง/,UNKNOWN,MONEY_HUB,macbook,UNKNOWN,,,,,,,10,85,D_RETIRE,UNREGISTERED_OR_PRIVATE,FUTURE_RETIREMENT_APPROVAL_REQUIRED,,NONE,NONE+NONE,Zero search equity thin duplicate post
/รับซื้อ-macbook-พิษณุโลก/,พิษณุโลก รับซื้อMacBook สู้ทุกราคา บริการรับถึงที่ จ่ายสด ไม่กดราคา ปลอดภัย 100%,MONEY_HUB,macbook,UNKNOWN,,,,,,,10,85,D_RETIRE,HOLD_NOINDEX_200,FUTURE_RETIREMENT_APPROVAL_REQUIRED,,,NONE+legacy-posts,Zero search equity thin duplicate post
/รับซื้อ-macbook-ภูเก็ต/,UNKNOWN,MONEY_HUB,macbook,UNKNOWN,,,,,,,10,85,D_RETIRE,UNREGISTERED_OR_PRIVATE,FUTURE_RETIREMENT_APPROVAL_REQUIRED,,NONE,NONE+NONE,Zero search equity thin duplicate post
/รับซื้อ-macbook-มุกดาหาร/,หาร้านรับซื้อMacBook มุกดาหาร? เราให้ราคาสูงสุด มีบริการ On-Site โอนไวหน้างาน,MONEY_HUB,macbook,UNKNOWN,,,,,,,10,85,D_RETIRE,HOLD_NOINDEX_200,FUTURE_RETIREMENT_APPROVAL_REQUIRED,,,NONE+legacy-posts,Zero search equity thin duplicate post
/รับซื้อ-macbook-ระยอง/,UNKNOWN,MONEY_HUB,macbook,UNKNOWN,,,,,,,10,85,D_RETIRE,UNREGISTERED_OR_PRIVATE,FUTURE_RETIREMENT_APPROVAL_REQUIRED,,NONE,NONE+NONE,Zero search equity thin duplicate post
/รับซื้อ-macbook-ร้อยเอ็ด/,ด่วน! รับซื้อMacBookมือสองในเขตร้อยเอ็ด เช็คราคาฟรี ได้เงินทันที สู้ทุกราคา,MONEY_HUB,macbook,UNKNOWN,,,,,,,10,85,D_RETIRE,HOLD_NOINDEX_200,FUTURE_RETIREMENT_APPROVAL_REQUIRED,,,NONE+legacy-posts,Zero search equity thin duplicate post
/รับซื้อ-macbook-ลาดพร้าว/,UNKNOWN,MONEY_HUB,macbook,UNKNOWN,,,,,,,10,85,D_RETIRE,UNREGISTERED_OR_PRIVATE,FUTURE_RETIREMENT_APPROVAL_REQUIRED,,NONE,NONE+NONE,Zero search equity thin duplicate post
/รับซื้อ-macbook-ลำปาง/,UNKNOWN,MONEY_HUB,macbook,UNKNOWN,,,,,,,10,85,D_RETIRE,UNREGISTERED_OR_PRIVATE,FUTURE_RETIREMENT_APPROVAL_REQUIRED,,NONE,NONE+NONE,Zero search equity thin duplicate post
/รับซื้อ-macbook-วังทองหลาง/,รับซื้อ MacBook วังทองหลาง กรุงเทพฯ มือสอง — ทุกรุ่น ราคาดี นัดรับได้เลย,MONEY_HUB,macbook,UNKNOWN,,,,,,,10,85,D_RETIRE,HOLD_NOINDEX_200,FUTURE_RETIREMENT_APPROVAL_REQUIRED,,,NONE+legacy-posts,Zero search equity thin duplicate post
/รับซื้อ-macbook-ศรีสะเกษ/,ศรีสะเกษ รับซื้อMacBook สู้ทุกราคา บริการรับถึงที่ จ่ายสด ไม่กดราคา ปลอดภัย 100%,MONEY_HUB,macbook,UNKNOWN,,,,,,,10,85,D_RETIRE,HOLD_NOINDEX_200,FUTURE_RETIREMENT_APPROVAL_REQUIRED,,,NONE+legacy-posts,Zero search equity thin duplicate post
/รับซื้อ-macbook-สงขลา/,UNKNOWN,MONEY_HUB,macbook,UNKNOWN,,,,,,,10,85,D_RETIRE,UNREGISTERED_OR_PRIVATE,FUTURE_RETIREMENT_APPROVAL_REQUIRED,,NONE,NONE+NONE,Zero search equity thin duplicate post
/รับซื้อ-macbook-สมุทรสงคราม/,รับซื้อMacBook สมุทรสงคราม ด่วนที่สุด ให้ราคาสูง รับถึงที่ จ่ายเงินสด 100%,MONEY_HUB,macbook,UNKNOWN,,,,,,,10,85,D_RETIRE,HOLD_NOINDEX_200,FUTURE_RETIREMENT_APPROVAL_REQUIRED,,,NONE+legacy-posts,Zero search equity thin duplicate post
/รับซื้อ-macbook-สมุทรสาคร/,ขายMacBookด่วน สมุทรสาคร ที่ไหนดี? WE BUY ให้ราคาสูง จ่ายเงินสดทันใจ รับถึงหน้าบ้าน,MONEY_HUB,macbook,UNKNOWN,,,,,,,10,85,D_RETIRE,HOLD_NOINDEX_200,FUTURE_RETIREMENT_APPROVAL_REQUIRED,,,NONE+legacy-posts,Zero search equity thin duplicate post
/รับซื้อ-macbook-สระบุรี/,สระบุรี รับซื้อMacBook สู้ทุกราคา บริการรับถึงที่ จ่ายสด ไม่กดราคา ปลอดภัย 100%,MONEY_HUB,macbook,UNKNOWN,,,,,,,10,85,D_RETIRE,HOLD_NOINDEX_200,FUTURE_RETIREMENT_APPROVAL_REQUIRED,,,NONE+legacy-posts,Zero search equity thin duplicate post
/รับซื้อ-macbook-สารคาม/,รับซื้อ macbook สารคาม รับถึงที่ ราคาดีที่สุด,LOCAL_MONEY,macbook,90_DAYS_PERFORMANCE_EXPORT,2026-04-07,2026-07-06,2,14,8.86,2,60,85,E_REVIEW,UNREGISTERED_OR_PRIVATE,OWNER_REVIEW_REQUIRED,,NONE,docs/gsc/rerubsue_gsc_recovery_plan_2026-07-06.xlsx+NONE,Residual historical traffic (2 clicks) requiring explicit stakeholder decision
/รับซื้อ-macbook-สุพรรณบุรี/,เปลี่ยนMacBookเก่าเป็นเงินสดที่สุพรรณบุรี ตีราคาไว โอนเงินหน้างาน บริการรับถึงบ้าน,MONEY_HUB,macbook,UNKNOWN,,,,,,,10,85,D_RETIRE,HOLD_NOINDEX_200,FUTURE_RETIREMENT_APPROVAL_REQUIRED,,,NONE+legacy-posts,Zero search equity thin duplicate post
/รับซื้อ-macbook-สุราษฎร์ธานี/,ด่วน! รับซื้อMacBookมือสองในเขตสุราษฎร์ธานี เช็คราคาฟรี ได้เงินทันที สู้ทุกราคา,MONEY_HUB,macbook,UNKNOWN,,,,,,,10,85,D_RETIRE,HOLD_NOINDEX_200,FUTURE_RETIREMENT_APPROVAL_REQUIRED,,,NONE+legacy-posts,Zero search equity thin duplicate post
/รับซื้อ-macbook-หนองคาย/,รับซื้อMacBook หนองคาย ด่วนที่สุด ให้ราคาสูง รับถึงที่ จ่ายเงินสด 100%,MONEY_HUB,macbook,UNKNOWN,,,,,,,10,85,D_RETIRE,HOLD_NOINDEX_200,FUTURE_RETIREMENT_APPROVAL_REQUIRED,,,NONE+legacy-posts,Zero search equity thin duplicate post
/รับซื้อ-macbook-หนองบัวลำภู/,เปลี่ยนMacBookเก่าเป็นเงินสดที่หนองบัวลำภู ตีราคาไว โอนเงินหน้างาน บริการรับถึงบ้าน,MONEY_HUB,macbook,UNKNOWN,,,,,,,10,85,D_RETIRE,HOLD_NOINDEX_200,FUTURE_RETIREMENT_APPROVAL_REQUIRED,,,NONE+legacy-posts,Zero search equity thin duplicate post
/รับซื้อ-macbook-หาดใหญ่/,UNKNOWN,MONEY_HUB,macbook,UNKNOWN,,,,,,,10,85,D_RETIRE,UNREGISTERED_OR_PRIVATE,FUTURE_RETIREMENT_APPROVAL_REQUIRED,,NONE,NONE+NONE,Zero search equity thin duplicate post
/รับซื้อ-macbook-ห้วยขวาง/,UNKNOWN,MONEY_HUB,macbook,UNKNOWN,,,,,,,10,85,D_RETIRE,UNREGISTERED_OR_PRIVATE,FUTURE_RETIREMENT_APPROVAL_REQUIRED,,NONE,NONE+NONE,Zero search equity thin duplicate post
/รับซื้อ-macbook-อำนาจเจริญ/,ด่วน! รับซื้อMacBookมือสองในเขตอำนาจเจริญ เช็คราคาฟรี ได้เงินทันที สู้ทุกราคา,MONEY_HUB,macbook,UNKNOWN,,,,,,,10,85,D_RETIRE,HOLD_NOINDEX_200,FUTURE_RETIREMENT_APPROVAL_REQUIRED,,,NONE+legacy-posts,Zero search equity thin duplicate post
/รับซื้อ-macbook-อุดรธานี/,อุดรธานี รับซื้อMacBook สู้ทุกราคา บริการรับถึงที่ จ่ายสด ไม่กดราคา ปลอดภัย 100%,LOCAL_MONEY,macbook,UNKNOWN,,,,,,,10,85,D_RETIRE,HOLD_NOINDEX_200,FUTURE_RETIREMENT_APPROVAL_REQUIRED,,,NONE+legacy-posts,Zero search equity thin duplicate post
/รับซื้อ-macbook-อุตรดิตถ์/,หาร้านรับซื้อMacBook อุตรดิตถ์? เราให้ราคาสูงสุด มีบริการ On-Site โอนไวหน้างาน,MONEY_HUB,macbook,UNKNOWN,,,,,,,10,85,D_RETIRE,HOLD_NOINDEX_200,FUTURE_RETIREMENT_APPROVAL_REQUIRED,,,NONE+legacy-posts,Zero search equity thin duplicate post
/รับซื้อ-macbook-อุทัยธานี/,ขายMacBookด่วน อุทัยธานี ที่ไหนดี? WE BUY ให้ราคาสูง จ่ายเงินสดทันใจ รับถึงหน้าบ้าน,MONEY_HUB,macbook,UNKNOWN,,,,,,,10,85,D_RETIRE,HOLD_NOINDEX_200,FUTURE_RETIREMENT_APPROVAL_REQUIRED,,,NONE+legacy-posts,Zero search equity thin duplicate post
/รับซื้อ-macbook-อุบลราชธานี-ปัจจัยราคา-2026/,รับซื้อ MacBook อุบลราชธานี,LOCAL_MONEY,macbook,UNKNOWN,,,,,,,10,85,D_RETIRE,HOLD_NOINDEX_200,FUTURE_RETIREMENT_APPROVAL_REQUIRED,,,NONE+legacy-posts,Zero search equity thin duplicate post
/รับซื้อ-macbook-อุบลราชธานี/,เปลี่ยนMacBookเก่าเป็นเงินสดที่อุบลราชธานี ตีราคาไว โอนเงินหน้างาน บริการรับถึงบ้าน,LOCAL_MONEY,macbook,UNKNOWN,,,,,,,10,85,D_RETIRE,HOLD_NOINDEX_200,FUTURE_RETIREMENT_APPROVAL_REQUIRED,,,NONE+legacy-posts,Zero search equity thin duplicate post
/รับซื้อ-macbook-อ่างทอง/,หาร้านรับซื้อMacBook อ่างทอง? เราให้ราคาสูงสุด มีบริการ On-Site โอนไวหน้างาน,MONEY_HUB,macbook,UNKNOWN,,,,,,,10,85,D_RETIRE,HOLD_NOINDEX_200,FUTURE_RETIREMENT_APPROVAL_REQUIRED,,,NONE+legacy-posts,Zero search equity thin duplicate post
/รับซื้อ-macbook-เชียงราย/,ด่วน! รับซื้อMacBookมือสองในเขตเชียงราย เช็คราคาฟรี ได้เงินทันที สู้ทุกราคา,MONEY_HUB,macbook,UNKNOWN,,,,,,,10,85,D_RETIRE,HOLD_NOINDEX_200,FUTURE_RETIREMENT_APPROVAL_REQUIRED,,,NONE+legacy-posts,Zero search equity thin duplicate post
/รับซื้อ-macbook-เชียงใหม่/,UNKNOWN,MONEY_HUB,macbook,UNKNOWN,,,,,,,10,85,D_RETIRE,UNREGISTERED_OR_PRIVATE,FUTURE_RETIREMENT_APPROVAL_REQUIRED,,NONE,NONE+NONE,Zero search equity thin duplicate post
/รับซื้อ-macbook-เพชรบูรณ์/,ขายMacBookด่วน เพชรบูรณ์ ที่ไหนดี? WE BUY ให้ราคาสูง จ่ายเงินสดทันใจ รับถึงหน้าบ้าน,MONEY_HUB,macbook,UNKNOWN,,,,,,,10,85,D_RETIRE,HOLD_NOINDEX_200,FUTURE_RETIREMENT_APPROVAL_REQUIRED,,,NONE+legacy-posts,Zero search equity thin duplicate post
/รับซื้อ-macbook-แม็คบุ๊ค-ใกล้ฉั/,รับซื้อ Macbook แม็คบุ๊ค ใกล้ฉัน จังหวัดอำนาจเจริญ,MONEY_HUB,macbook,UNKNOWN,,,,,,,30,85,C_301_CONSOLIDATE,ACTIVE_REDIRECT_301,MAINTAIN_ACTIVE_REDIRECT,/รับซื้อแมคบุ๊ค/,NEW_REDIRECT,NONE+redirects,Active migration redirect rule targeting /รับซื้อแมคบุ๊ค/
/รับซื้อ-macbook-แม็คบุ๊ค/,รับซื้อ macbook แม็คบุ๊ค,MONEY_HUB,macbook,UNKNOWN,,,,,,,30,85,C_301_CONSOLIDATE,ACTIVE_REDIRECT_301,MAINTAIN_ACTIVE_REDIRECT,/รับซื้อแมคบุ๊ค/,NEW_REDIRECT,NONE+redirects,Active migration redirect rule targeting /รับซื้อแมคบุ๊ค/
/รับซื้อ-macbook-ในจังหวัดขอนแก/,รับซื้อ macbook ในจังหวัดขอนแก่น,MONEY_HUB,macbook,UNKNOWN,,,,,,,10,85,D_RETIRE,HOLD_NOINDEX_200,FUTURE_RETIREMENT_APPROVAL_REQUIRED,,,NONE+legacy-posts,Zero search equity thin duplicate post
/รับซื้อ-macbook/,รับซื้อ Macbook แม็คบุ๊ค ใกล้ฉัน จังหวัดศรีสะเกษ,MONEY_HUB,macbook,90_DAYS_PERFORMANCE_EXPORT,2026-04-07,2026-07-06,0,8,15.62,0,20,85,C_301_CONSOLIDATE,ACTIVE_REDIRECT_301,MAINTAIN_ACTIVE_REDIRECT,/รับซื้อแมคบุ๊ค/,EXISTING_REDIRECT,docs/gsc/rerubsue_gsc_recovery_plan_2026-07-06.xlsx+redirects,Active migration redirect rule targeting /รับซื้อแมคบุ๊ค/
/รับซื้อ-magic-keyboard/,รับซื้อ Magic Keyboard มือสอง ทุกรุ่น จ่ายสดทันที,MONEY_HUB,general_buyback,UNKNOWN,,,,,,,10,35,D_RETIRE,HOLD_NOINDEX_200,FUTURE_RETIREMENT_APPROVAL_REQUIRED,,,NONE+legacy-posts,Zero search equity thin duplicate post
/รับซื้อ-magic-mouse/,UNKNOWN,MONEY_HUB,general_buyback,UNKNOWN,,,,,,,10,35,D_RETIRE,UNREGISTERED_OR_PRIVATE,FUTURE_RETIREMENT_APPROVAL_REQUIRED,,NONE,NONE+NONE,Zero search equity thin duplicate post
/รับซื้อ-mainboard/,รับซื้อ Mainboard มือสอง ทุกรุ่น จ่ายสดทันที,MONEY_HUB,general_buyback,UNKNOWN,,,,,,,10,35,D_RETIRE,HOLD_NOINDEX_200,FUTURE_RETIREMENT_APPROVAL_REQUIRED,,,NONE+legacy-posts,Zero search equity thin duplicate post
/รับซื้อ-microsoft-surface/,UNKNOWN,MONEY_HUB,general_buyback,UNKNOWN,,,,,,,10,35,D_RETIRE,UNREGISTERED_OR_PRIVATE,FUTURE_RETIREMENT_APPROVAL_REQUIRED,,NONE,NONE+NONE,Zero search equity thin duplicate post
/รับซื้อ-mikrotik/,UNKNOWN,MONEY_HUB,general_buyback,UNKNOWN,,,,,,,10,35,D_RETIRE,UNREGISTERED_OR_PRIVATE,FUTURE_RETIREMENT_APPROVAL_REQUIRED,,NONE,NONE+NONE,Zero search equity thin duplicate post
/รับซื้อ-mini-pc/,UNKNOWN,MONEY_HUB,computer,UNKNOWN,,,,,,,10,85,D_RETIRE,UNREGISTERED_OR_PRIVATE,FUTURE_RETIREMENT_APPROVAL_REQUIRED,,NONE,NONE+NONE,Zero search equity thin duplicate post
/รับซื้อ-mouse/,รับซื้อ Mouse มือสอง ทุกรุ่น จ่ายสดทันที,MONEY_HUB,general_buyback,UNKNOWN,,,,,,,10,35,D_RETIRE,HOLD_NOINDEX_200,FUTURE_RETIREMENT_APPROVAL_REQUIRED,,,NONE+legacy-posts,Zero search equity thin duplicate post
/รับซื้อ-nas-storage/,รับซื้อ NAS Storage มือสอง ทุกยี่ห้อ Synology QNAP,MONEY_HUB,general_buyback,UNKNOWN,,,,,,,10,35,D_RETIRE,HOLD_NOINDEX_200,FUTURE_RETIREMENT_APPROVAL_REQUIRED,,,NONE+legacy-posts,Zero search equity thin duplicate post
/รับซื้อ-netapp-storage/,UNKNOWN,MONEY_HUB,general_buyback,UNKNOWN,,,,,,,10,35,D_RETIRE,UNREGISTERED_OR_PRIVATE,FUTURE_RETIREMENT_APPROVAL_REQUIRED,,NONE,NONE+NONE,Zero search equity thin duplicate post
/รับซื้อ-netgear/,UNKNOWN,MONEY_HUB,general_buyback,UNKNOWN,,,,,,,10,35,D_RETIRE,UNREGISTERED_OR_PRIVATE,FUTURE_RETIREMENT_APPROVAL_REQUIRED,,NONE,NONE+NONE,Zero search equity thin duplicate post
/รับซื้อ-network-switch/,รับซื้อ Network Switch มือสอง ทุกยี่ห้อ จ่ายสดทันที,MONEY_HUB,general_buyback,UNKNOWN,,,,,,,10,35,D_RETIRE,HOLD_NOINDEX_200,FUTURE_RETIREMENT_APPROVAL_REQUIRED,,,NONE+legacy-posts,Zero search equity thin duplicate post
/รับซื้อ-nintendo-กาญจนบุรี/,ขายNintendo Switchด่วน กาญจนบุรี ที่ไหนดี? WE BUY ให้ราคาสูง จ่ายเงินสดทันใจ รับถึงหน้าบ้าน,GUIDE,guide,UNKNOWN,,,,,,,10,75,D_RETIRE,HOLD_NOINDEX_200,FUTURE_RETIREMENT_APPROVAL_REQUIRED,,,NONE+legacy-posts,Zero search equity thin duplicate post
/รับซื้อ-nintendo-กำแพงเพชร/,เปลี่ยนNintendo Switchเก่าเป็นเงินสดที่กำแพงเพชร ตีราคาไว โอนเงินหน้างาน บริการรับถึงบ้าน,GUIDE,guide,UNKNOWN,,,,,,,10,75,D_RETIRE,HOLD_NOINDEX_200,FUTURE_RETIREMENT_APPROVAL_REQUIRED,,,NONE+legacy-posts,Zero search equity thin duplicate post
/รับซื้อ-nintendo-ขอนแก่น/,เปลี่ยนNintendo Switchเก่าเป็นเงินสดที่ขอนแก่น ตีราคาไว โอนเงินหน้างาน บริการรับถึงบ้าน,GUIDE,guide,UNKNOWN,,,,,,,10,75,D_RETIRE,HOLD_NOINDEX_200,FUTURE_RETIREMENT_APPROVAL_REQUIRED,,,NONE+legacy-posts,Zero search equity thin duplicate post
/รับซื้อ-nintendo-ชลบุรี/,เปลี่ยนNintendo Switchเก่าเป็นเงินสดที่ชลบุรี ตีราคาไว โอนเงินหน้างาน บริการรับถึงบ้าน,GUIDE,guide,UNKNOWN,,,,,,,10,75,D_RETIRE,HOLD_NOINDEX_200,FUTURE_RETIREMENT_APPROVAL_REQUIRED,,,NONE+legacy-posts,Zero search equity thin duplicate post
/รับซื้อ-nintendo-ชัยภูมิ/,เปลี่ยนNintendo Switchเก่าเป็นเงินสดที่ชัยภูมิ ตีราคาไว โอนเงินหน้างาน บริการรับถึงบ้าน,GUIDE,guide,UNKNOWN,,,,,,,10,75,D_RETIRE,HOLD_NOINDEX_200,FUTURE_RETIREMENT_APPROVAL_REQUIRED,,,NONE+legacy-posts,Zero search equity thin duplicate post
/รับซื้อ-nintendo-ชุมพร/,UNKNOWN,MONEY_HUB,general_buyback,90_DAYS_PERFORMANCE_EXPORT,2026-04-07,2026-07-06,0,2,8.50,0,30,35,D_RETIRE,UNREGISTERED_OR_PRIVATE,FUTURE_RETIREMENT_APPROVAL_REQUIRED,,NONE,docs/gsc/rerubsue_gsc_recovery_plan_2026-07-06.xlsx+NONE,Zero search equity thin duplicate post
/รับซื้อ-nintendo-ตรัง/,UNKNOWN,MONEY_HUB,general_buyback,90_DAYS_PERFORMANCE_EXPORT,2026-04-07,2026-07-06,0,1,71.00,0,20,35,D_RETIRE,UNREGISTERED_OR_PRIVATE,FUTURE_RETIREMENT_APPROVAL_REQUIRED,,NONE,docs/gsc/rerubsue_gsc_recovery_plan_2026-07-06.xlsx+NONE,Zero search equity thin duplicate post
/รับซื้อ-nintendo-ตาก/,หาร้านรับซื้อNintendo Switch ตาก? เราให้ราคาสูงสุด มีบริการ On-Site โอนไวหน้างาน,GUIDE,guide,UNKNOWN,,,,,,,10,75,D_RETIRE,HOLD_NOINDEX_200,FUTURE_RETIREMENT_APPROVAL_REQUIRED,,,NONE+legacy-posts,Zero search equity thin duplicate post
/รับซื้อ-nintendo-นครปฐม/,UNKNOWN,MONEY_HUB,general_buyback,90_DAYS_PERFORMANCE_EXPORT,2026-04-07,2026-07-06,0,1,6.00,0,30,35,D_RETIRE,UNREGISTERED_OR_PRIVATE,FUTURE_RETIREMENT_APPROVAL_REQUIRED,,NONE,docs/gsc/rerubsue_gsc_recovery_plan_2026-07-06.xlsx+NONE,Zero search equity thin duplicate post
/รับซื้อ-nintendo-นราธิวาส/,นราธิวาส รับซื้อNintendo Switch สู้ทุกราคา บริการรับถึงที่ จ่ายสด ไม่กดราคา ปลอดภัย 100%,GUIDE,guide,UNKNOWN,,,,,,,10,75,D_RETIRE,HOLD_NOINDEX_200,FUTURE_RETIREMENT_APPROVAL_REQUIRED,,,NONE+legacy-posts,Zero search equity thin duplicate post
/รับซื้อ-nintendo-น่าน/,ด่วน! รับซื้อNintendo Switchมือสองในเขตน่าน เช็คราคาฟรี ได้เงินทันที สู้ทุกราคา,GUIDE,guide,UNKNOWN,,,,,,,10,75,D_RETIRE,HOLD_NOINDEX_200,FUTURE_RETIREMENT_APPROVAL_REQUIRED,,,NONE+legacy-posts,Zero search equity thin duplicate post
/รับซื้อ-nintendo-บุรีรัมย์/,เปลี่ยนNintendo Switchเก่าเป็นเงินสดที่บุรีรัมย์ ตีราคาไว โอนเงินหน้างาน บริการรับถึงบ้าน,GUIDE,guide,UNKNOWN,,,,,,,10,75,D_RETIRE,HOLD_NOINDEX_200,FUTURE_RETIREMENT_APPROVAL_REQUIRED,,,NONE+legacy-posts,Zero search equity thin duplicate post
/รับซื้อ-nintendo-พังงา/,เปลี่ยนNintendo Switchเก่าเป็นเงินสดที่พังงา ตีราคาไว โอนเงินหน้างาน บริการรับถึงบ้าน,GUIDE,guide,UNKNOWN,,,,,,,10,75,D_RETIRE,HOLD_NOINDEX_200,FUTURE_RETIREMENT_APPROVAL_REQUIRED,,,NONE+legacy-posts,Zero search equity thin duplicate post
/รับซื้อ-nintendo-พัทลุง/,UNKNOWN,MONEY_HUB,general_buyback,90_DAYS_PERFORMANCE_EXPORT,2026-04-07,2026-07-06,0,1,8.00,0,30,35,D_RETIRE,UNREGISTERED_OR_PRIVATE,FUTURE_RETIREMENT_APPROVAL_REQUIRED,,NONE,docs/gsc/rerubsue_gsc_recovery_plan_2026-07-06.xlsx+NONE,Zero search equity thin duplicate post
/รับซื้อ-nintendo-พิจิตร/,UNKNOWN,MONEY_HUB,general_buyback,90_DAYS_PERFORMANCE_EXPORT,2026-04-07,2026-07-06,0,1,11.00,0,20,35,D_RETIRE,UNREGISTERED_OR_PRIVATE,FUTURE_RETIREMENT_APPROVAL_REQUIRED,,NONE,docs/gsc/rerubsue_gsc_recovery_plan_2026-07-06.xlsx+NONE,Zero search equity thin duplicate post
/รับซื้อ-nintendo-พิษณุโลก/,UNKNOWN,MONEY_HUB,general_buyback,90_DAYS_PERFORMANCE_EXPORT,2026-04-07,2026-07-06,2,3,5.67,2,60,35,E_REVIEW,UNREGISTERED_OR_PRIVATE,OWNER_REVIEW_REQUIRED,,NONE,docs/gsc/rerubsue_gsc_recovery_plan_2026-07-06.xlsx+NONE,Residual historical traffic (2 clicks) requiring explicit stakeholder decision
/รับซื้อ-nintendo-มหาสารคาม/,ด่วน! รับซื้อNintendo Switchมือสองในเขตมหาสารคาม เช็คราคาฟรี ได้เงินทันที สู้ทุกราคา,GUIDE,guide,UNKNOWN,,,,,,,10,75,D_RETIRE,HOLD_NOINDEX_200,FUTURE_RETIREMENT_APPROVAL_REQUIRED,,,NONE+legacy-posts,Zero search equity thin duplicate post
/รับซื้อ-nintendo-ยะลา/,ด่วน! รับซื้อNintendo Switchมือสองในเขตยะลา เช็คราคาฟรี ได้เงินทันที สู้ทุกราคา,GUIDE,guide,UNKNOWN,,,,,,,10,75,D_RETIRE,HOLD_NOINDEX_200,FUTURE_RETIREMENT_APPROVAL_REQUIRED,,,NONE+legacy-posts,Zero search equity thin duplicate post
/รับซื้อ-nintendo-ระนอง/,ระนอง รับซื้อNintendo Switch สู้ทุกราคา บริการรับถึงที่ จ่ายสด ไม่กดราคา ปลอดภัย 100%,GUIDE,guide,UNKNOWN,,,,,,,10,75,D_RETIRE,HOLD_NOINDEX_200,FUTURE_RETIREMENT_APPROVAL_REQUIRED,,,NONE+legacy-posts,Zero search equity thin duplicate post
/รับซื้อ-nintendo-ระยอง/,เปลี่ยนNintendo Switchเก่าเป็นเงินสดที่ระยอง ตีราคาไว โอนเงินหน้างาน บริการรับถึงบ้าน,GUIDE,guide,UNKNOWN,,,,,,,10,75,D_RETIRE,HOLD_NOINDEX_200,FUTURE_RETIREMENT_APPROVAL_REQUIRED,,,NONE+legacy-posts,Zero search equity thin duplicate post
/รับซื้อ-nintendo-ลพบุรี/,ด่วน! รับซื้อNintendo Switchมือสองในเขตลพบุรี เช็คราคาฟรี ได้เงินทันที สู้ทุกราคา,GUIDE,guide,UNKNOWN,,,,,,,10,75,D_RETIRE,HOLD_NOINDEX_200,FUTURE_RETIREMENT_APPROVAL_REQUIRED,,,NONE+legacy-posts,Zero search equity thin duplicate post
/รับซื้อ-nintendo-ลำปาง/,ขายNintendo Switchด่วน ลำปาง ที่ไหนดี? WE BUY ให้ราคาสูง จ่ายเงินสดทันใจ รับถึงหน้าบ้าน,GUIDE,guide,UNKNOWN,,,,,,,10,75,D_RETIRE,HOLD_NOINDEX_200,FUTURE_RETIREMENT_APPROVAL_REQUIRED,,,NONE+legacy-posts,Zero search equity thin duplicate post
/รับซื้อ-nintendo-ลำพูน/,ขายNintendo Switchด่วน ลำพูน ที่ไหนดี? WE BUY ให้ราคาสูง จ่ายเงินสดทันใจ รับถึงหน้าบ้าน,GUIDE,guide,UNKNOWN,,,,,,,10,75,D_RETIRE,HOLD_NOINDEX_200,FUTURE_RETIREMENT_APPROVAL_REQUIRED,,,NONE+legacy-posts,Zero search equity thin duplicate post
/รับซื้อ-nintendo-สตูล/,เปลี่ยนNintendo Switchเก่าเป็นเงินสดที่สตูล ตีราคาไว โอนเงินหน้างาน บริการรับถึงบ้าน,GUIDE,guide,UNKNOWN,,,,,,,10,75,D_RETIRE,HOLD_NOINDEX_200,FUTURE_RETIREMENT_APPROVAL_REQUIRED,,,NONE+legacy-posts,Zero search equity thin duplicate post
/รับซื้อ-nintendo-สมุทรปราการ/,หาร้านรับซื้อNintendo Switch สมุทรปราการ? เราให้ราคาสูงสุด มีบริการ On-Site โอนไวหน้างาน,GUIDE,guide,UNKNOWN,,,,,,,10,75,D_RETIRE,HOLD_NOINDEX_200,FUTURE_RETIREMENT_APPROVAL_REQUIRED,,,NONE+legacy-posts,Zero search equity thin duplicate post
/รับซื้อ-nintendo-สระบุรี/,ด่วน! รับซื้อNintendo Switchมือสองในเขตสระบุรี เช็คราคาฟรี ได้เงินทันที สู้ทุกราคา,GUIDE,guide,UNKNOWN,,,,,,,10,75,D_RETIRE,HOLD_NOINDEX_200,FUTURE_RETIREMENT_APPROVAL_REQUIRED,,,NONE+legacy-posts,Zero search equity thin duplicate post
/รับซื้อ-nintendo-สระแก้ว/,ขายNintendo Switchด่วน สระแก้ว ที่ไหนดี? WE BUY ให้ราคาสูง จ่ายเงินสดทันใจ รับถึงหน้าบ้าน,GUIDE,guide,UNKNOWN,,,,,,,10,75,D_RETIRE,HOLD_NOINDEX_200,FUTURE_RETIREMENT_APPROVAL_REQUIRED,,,NONE+legacy-posts,Zero search equity thin duplicate post
/รับซื้อ-nintendo-สิงห์บุรี/,UNKNOWN,MONEY_HUB,general_buyback,90_DAYS_PERFORMANCE_EXPORT,2026-04-07,2026-07-06,0,1,9.00,0,30,35,D_RETIRE,UNREGISTERED_OR_PRIVATE,FUTURE_RETIREMENT_APPROVAL_REQUIRED,,NONE,docs/gsc/rerubsue_gsc_recovery_plan_2026-07-06.xlsx+NONE,Zero search equity thin duplicate post
/รับซื้อ-nintendo-สุพรรณบุรี/,ขายNintendo Switchด่วน สุพรรณบุรี ที่ไหนดี? WE BUY ให้ราคาสูง จ่ายเงินสดทันใจ รับถึงหน้าบ้าน,GUIDE,guide,UNKNOWN,,,,,,,10,75,D_RETIRE,HOLD_NOINDEX_200,FUTURE_RETIREMENT_APPROVAL_REQUIRED,,,NONE+legacy-posts,Zero search equity thin duplicate post
/รับซื้อ-nintendo-สุราษฎร์ธานี/,UNKNOWN,MONEY_HUB,general_buyback,90_DAYS_PERFORMANCE_EXPORT,2026-04-07,2026-07-06,0,1,12.00,0,20,35,D_RETIRE,UNREGISTERED_OR_PRIVATE,FUTURE_RETIREMENT_APPROVAL_REQUIRED,,NONE,docs/gsc/rerubsue_gsc_recovery_plan_2026-07-06.xlsx+NONE,Zero search equity thin duplicate post
/รับซื้อ-nintendo-อุบลราชธานี/,UNKNOWN,MONEY_HUB,general_buyback,90_DAYS_PERFORMANCE_EXPORT,2026-04-07,2026-07-06,0,3,22.00,0,20,35,D_RETIRE,UNREGISTERED_OR_PRIVATE,FUTURE_RETIREMENT_APPROVAL_REQUIRED,,NONE,docs/gsc/rerubsue_gsc_recovery_plan_2026-07-06.xlsx+NONE,Zero search equity thin duplicate post
/รับซื้อ-nintendo-เชียงราย/,ด่วน! รับซื้อNintendo Switchมือสองในเขตเชียงราย เช็คราคาฟรี ได้เงินทันที สู้ทุกราคา,GUIDE,guide,UNKNOWN,,,,,,,10,75,D_RETIRE,HOLD_NOINDEX_200,FUTURE_RETIREMENT_APPROVAL_REQUIRED,,,NONE+legacy-posts,Zero search equity thin duplicate post
/รับซื้อ-nintendo-เชียงใหม่/,UNKNOWN,MONEY_HUB,general_buyback,90_DAYS_PERFORMANCE_EXPORT,2026-04-07,2026-07-06,0,1,36.00,0,20,35,D_RETIRE,UNREGISTERED_OR_PRIVATE,FUTURE_RETIREMENT_APPROVAL_REQUIRED,,NONE,docs/gsc/rerubsue_gsc_recovery_plan_2026-07-06.xlsx+NONE,Zero search equity thin duplicate post
/รับซื้อ-nintendo-เพชรบุรี/,เปลี่ยนNintendo Switchเก่าเป็นเงินสดที่เพชรบุรี ตีราคาไว โอนเงินหน้างาน บริการรับถึงบ้าน,GUIDE,guide,UNKNOWN,,,,,,,10,75,D_RETIRE,HOLD_NOINDEX_200,FUTURE_RETIREMENT_APPROVAL_REQUIRED,,,NONE+legacy-posts,Zero search equity thin duplicate post
/รับซื้อ-nintendo-เพชรบูรณ์/,UNKNOWN,MONEY_HUB,general_buyback,90_DAYS_PERFORMANCE_EXPORT,2026-04-07,2026-07-06,0,1,10.00,0,30,35,D_RETIRE,UNREGISTERED_OR_PRIVATE,FUTURE_RETIREMENT_APPROVAL_REQUIRED,,NONE,docs/gsc/rerubsue_gsc_recovery_plan_2026-07-06.xlsx+NONE,Zero search equity thin duplicate post
/รับซื้อ-nintendo-แม่ฮ่องสอน/,รับซื้อNintendo Switch แม่ฮ่องสอน ด่วนที่สุด ให้ราคาสูง รับถึงที่ จ่ายเงินสด 100%,GUIDE,guide,UNKNOWN,,,,,,,10,75,D_RETIRE,HOLD_NOINDEX_200,FUTURE_RETIREMENT_APPROVAL_REQUIRED,,,NONE+legacy-posts,Zero search equity thin duplicate post
/รับซื้อ-notebook-gaming-กาฬสินธุ์-ให้ร/,รับซื้อ notebook gaming กาฬสินธุ์ ให้ราคาสูง,LOCAL_MONEY,notebook,UNKNOWN,,,,,,,10,85,D_RETIRE,HOLD_NOINDEX_200,FUTURE_RETIREMENT_APPROVAL_REQUIRED,,,NONE+legacy-posts,Zero search equity thin duplicate post
/รับซื้อ-notebook-gaming-ขอนแก่น-ให้ราค/,รับซื้อ notebook gaming ขอนแก่น ให้ราคาสูง,LOCAL_MONEY,notebook,UNKNOWN,,,,,,,10,85,D_RETIRE,HOLD_NOINDEX_200,FUTURE_RETIREMENT_APPROVAL_REQUIRED,,,NONE+legacy-posts,Zero search equity thin duplicate post
/รับซื้อ-notebook-gaming-นครราชสีมา-ให้/,รับซื้อ notebook gaming นครราชสีมา ให้ราคาสูง,MONEY_HUB,notebook,UNKNOWN,,,,,,,10,85,D_RETIRE,HOLD_NOINDEX_200,FUTURE_RETIREMENT_APPROVAL_REQUIRED,,,NONE+legacy-posts,Zero search equity thin duplicate post
/รับซื้อ-notebook-gaming-บุรีรัมย์-ให้ร/,รับซื้อ notebook gaming บุรีรัมย์ ให้ราคาสูง,LOCAL_MONEY,notebook,UNKNOWN,,,,,,,10,85,D_RETIRE,HOLD_NOINDEX_200,FUTURE_RETIREMENT_APPROVAL_REQUIRED,,,NONE+legacy-posts,Zero search equity thin duplicate post
/รับซื้อ-notebook-gaming-มหาสารคาม-ให้ร/,รับซื้อ notebook gaming มหาสารคาม ให้ราคาสูง,MONEY_HUB,notebook,UNKNOWN,,,,,,,10,85,D_RETIRE,HOLD_NOINDEX_200,FUTURE_RETIREMENT_APPROVAL_REQUIRED,,,NONE+legacy-posts,Zero search equity thin duplicate post
/รับซื้อ-notebook-gaming-มือสอง-ให้ราคา/,รับซื้อ notebook gaming มือสอง ให้ราคาสูง ไปรับถึงที่,MONEY_HUB,notebook,UNKNOWN,,,,,,,10,85,D_RETIRE,HOLD_NOINDEX_200,FUTURE_RETIREMENT_APPROVAL_REQUIRED,,,NONE+legacy-posts,Zero search equity thin duplicate post
/รับซื้อ-notebook-gaming-ร้อยเอ็ด-ให้รา/,รับซื้อ notebook gaming ร้อยเอ็ด ให้ราคาสูง,LOCAL_MONEY,notebook,UNKNOWN,,,,,,,10,85,D_RETIRE,HOLD_NOINDEX_200,FUTURE_RETIREMENT_APPROVAL_REQUIRED,,,NONE+legacy-posts,Zero search equity thin duplicate post
/รับซื้อ-notebook-gaming-ศรีสะเกษ-ให้รา/,รับซื้อ notebook gaming ศรีสะเกษ ให้ราคาสูง,LOCAL_MONEY,notebook,UNKNOWN,,,,,,,10,85,D_RETIRE,HOLD_NOINDEX_200,FUTURE_RETIREMENT_APPROVAL_REQUIRED,,,NONE+legacy-posts,Zero search equity thin duplicate post
/รับซื้อ-notebook-gaming-สุรินทร์-ให้รา/,รับซื้อ notebook gaming สุรินทร์ ให้ราคาสูง,MONEY_HUB,notebook,UNKNOWN,,,,,,,10,85,D_RETIRE,HOLD_NOINDEX_200,FUTURE_RETIREMENT_APPROVAL_REQUIRED,,,NONE+legacy-posts,Zero search equity thin duplicate post
/รับซื้อ-notebook-gaming-อุดรธานี-ให้รา/,รับซื้อ notebook gaming อุดรธานี ให้ราคาสูง,LOCAL_MONEY,notebook,UNKNOWN,,,,,,,10,85,D_RETIRE,HOLD_NOINDEX_200,FUTURE_RETIREMENT_APPROVAL_REQUIRED,,,NONE+legacy-posts,Zero search equity thin duplicate post
/รับซื้อ-notebook-gaming-อุบลราชธานี-ให/,รับซื้อ notebook gaming อุบลราชธานี ให้ราคาสูง,LOCAL_MONEY,notebook,UNKNOWN,,,,,,,10,85,D_RETIRE,HOLD_NOINDEX_200,FUTURE_RETIREMENT_APPROVAL_REQUIRED,,,NONE+legacy-posts,Zero search equity thin duplicate post
/รับซื้อ-notebook-gaming-โคราช-ให้ราคาส/,รับซื้อ notebook gaming โคราช ให้ราคาสูง,MONEY_HUB,notebook,UNKNOWN,,,,,,,10,85,D_RETIRE,HOLD_NOINDEX_200,FUTURE_RETIREMENT_APPROVAL_REQUIRED,,,NONE+legacy-posts,Zero search equity thin duplicate post
/รับซื้อ-notebook-gigabyte/,UNKNOWN,MONEY_HUB,notebook,UNKNOWN,,,,,,,10,85,D_RETIRE,UNREGISTERED_OR_PRIVATE,FUTURE_RETIREMENT_APPROVAL_REQUIRED,,NONE,NONE+NONE,Zero search equity thin duplicate post
/รับซื้อ-notebook-lenovo-รับซื้อโน๊ตบุ/,UNKNOWN,MONEY_HUB,notebook,UNKNOWN,,,,,,,10,85,D_RETIRE,UNREGISTERED_OR_PRIVATE,FUTURE_RETIREMENT_APPROVAL_REQUIRED,,NONE,NONE+NONE,Zero search equity thin duplicate post
/รับซื้อ-notebook-msi/,UNKNOWN,MONEY_HUB,notebook,UNKNOWN,,,,,,,10,85,D_RETIRE,UNREGISTERED_OR_PRIVATE,FUTURE_RETIREMENT_APPROVAL_REQUIRED,,NONE,NONE+NONE,Zero search equity thin duplicate post
/รับซื้อ-notebook-ขอนแก่น-จังหวัด/,รับซื้อ notebook ขอนแก่น จังหวัดขอนแก่น รับซื้อโน๊ตบุ๊ค,LOCAL_MONEY,notebook,UNKNOWN,,,,,,,10,85,D_RETIRE,HOLD_NOINDEX_200,FUTURE_RETIREMENT_APPROVAL_REQUIRED,,,NONE+legacy-posts,Zero search equity thin duplicate post
/รับซื้อ-notebook-จอแตก/,รับซื้อNotebook จอแตก มือสอง ทุกรุ่น จ่ายสดทันที,MONEY_HUB,notebook,UNKNOWN,,,,,,,10,85,D_RETIRE,HOLD_NOINDEX_200,FUTURE_RETIREMENT_APPROVAL_REQUIRED,,,NONE+legacy-posts,Zero search equity thin duplicate post
/รับซื้อ-notebook-ชุมแพ-ขอนแก่น/,รับซื้อ notebook ชุมแพ ขอนแก่น จังหวัดขอนแก่น รับซื้อโน๊ตบุ๊ค,LOCAL_MONEY,notebook,90_DAYS_PERFORMANCE_EXPORT,2026-04-07,2026-07-06,9,103,11.84,9,60,85,A_PRESERVE_REWRITE,UNREGISTERED_OR_PRIVATE,PRESERVE_REWRITE_CONTENT,,NONE,docs/gsc/rerubsue_gsc_recovery_plan_2026-07-06.xlsx+NONE,High-equity historical IT search winner; keep exact public URL and rewrite content
/รับซื้อ-notebook-รับซื้อโน๊ตบุ๊/,รับซื้อ notebook รับซื้อโน๊ตบุ๊ค รับซื้อ Laptop ยิ่งเยอะยิ่งดี ให้ราคาสูงที่สุด,MONEY_HUB,notebook,UNKNOWN,,,,,,,10,85,D_RETIRE,HOLD_NOINDEX_200,FUTURE_RETIREMENT_APPROVAL_REQUIRED,,,NONE+legacy-posts,Zero search equity thin duplicate post
/รับซื้อ-notebook-อำเภอพล-ขอนแก่น/,รับซื้อ notebook อำเภอพล ขอนแก่น จังหวัดขอนแก่น รับซื้อโน๊ตบุ๊ค,LOCAL_MONEY,notebook,90_DAYS_PERFORMANCE_EXPORT,2026-04-07,2026-07-06,15,206,10.72,15,70,90,A_PRESERVE_REWRITE,UNREGISTERED_OR_PRIVATE,PRESERVE_REWRITE_CONTENT,,NONE,docs/gsc/rerubsue_gsc_recovery_plan_2026-07-06.xlsx+NONE,High-equity historical IT search winner; keep exact public URL and rewrite content
/รับซื้อ-notebook-เกมมิ่ง/,รับซื้อNotebook เกมมิ่ง มือสอง ทุกรุ่น จ่ายสดทันที,MONEY_HUB,notebook,UNKNOWN,,,,,,,10,85,D_RETIRE,HOLD_NOINDEX_200,FUTURE_RETIREMENT_APPROVAL_REQUIRED,,,NONE+legacy-posts,Zero search equity thin duplicate post
/รับซื้อ-notebook-เสีย/,UNKNOWN,MONEY_HUB,notebook,UNKNOWN,,,,,,,10,85,D_RETIRE,UNREGISTERED_OR_PRIVATE,FUTURE_RETIREMENT_APPROVAL_REQUIRED,,NONE,NONE+NONE,Zero search equity thin duplicate post
/รับซื้อ-notebook-โน๊ตบุ๊ค-อุบลรา/,รับซื้อ notebook โน๊ตบุ๊ค อุบลราชธานี,LOCAL_MONEY,notebook,UNKNOWN,,,,,,,10,85,D_RETIRE,HOLD_NOINDEX_200,FUTURE_RETIREMENT_APPROVAL_REQUIRED,,,NONE+legacy-posts,Zero search equity thin duplicate post
/รับซื้อ-notebook-ใกล้ฉัน-ขอนแก่น/,รับซื้อ notebook ใกล้ฉัน ขอนแก่น จังหวัดขอนแก่น รับซื้อโน๊ตบุ๊ค,LOCAL_MONEY,notebook,UNKNOWN,,,,,,,10,85,D_RETIRE,HOLD_NOINDEX_200,FUTURE_RETIREMENT_APPROVAL_REQUIRED,,,NONE+legacy-posts,Zero search equity thin duplicate post
/รับซื้อ-notebook-ใกล้ฉัน/,รับซื้อ notebook ใกล้ฉัน ทุกพื้นที่ทั่วประเทศไทย,MONEY_HUB,notebook,UNKNOWN,,,,,,,30,85,C_301_CONSOLIDATE,ACTIVE_REDIRECT_301,MAINTAIN_ACTIVE_REDIRECT,/รับซื้อโน๊ตบุ๊ค/,NEW_REDIRECT,NONE+redirects,Active migration redirect rule targeting /รับซื้อโน๊ตบุ๊ค/
/รับซื้อ-nuc-pc/,รับซื้อ NUC PC มือสอง ทุกรุ่น จ่ายสดทันที,MONEY_HUB,computer,UNKNOWN,,,,,,,10,85,D_RETIRE,HOLD_NOINDEX_200,FUTURE_RETIREMENT_APPROVAL_REQUIRED,,,NONE+legacy-posts,Zero search equity thin duplicate post
/รับซื้อ-oppo-มือสอง/,"รับซื้อ Oppo มือสอง ประเมินจากรุ่น Find X, Reno และสภาพจอจริง",MONEY_HUB,general_buyback,UNKNOWN,,,,,,,10,35,D_RETIRE,HOLD_NOINDEX_200,FUTURE_RETIREMENT_APPROVAL_REQUIRED,,,NONE+legacy-posts,Zero search equity thin duplicate post
/รับซื้อ-oppo-อุดรธานี/,UNKNOWN,MONEY_HUB,general_buyback,90_DAYS_PERFORMANCE_EXPORT,2026-04-07,2026-07-06,0,1,31.00,0,20,35,D_RETIRE,UNREGISTERED_OR_PRIVATE,FUTURE_RETIREMENT_APPROVAL_REQUIRED,,NONE,docs/gsc/rerubsue_gsc_recovery_plan_2026-07-06.xlsx+NONE,Zero search equity thin duplicate post
/รับซื้อ-oppo-อุบล/,UNKNOWN,MONEY_HUB,general_buyback,UNKNOWN,,,,,,,10,35,D_RETIRE,UNREGISTERED_OR_PRIVATE,FUTURE_RETIREMENT_APPROVAL_REQUIRED,,NONE,NONE+NONE,Zero search equity thin duplicate post
/รับซื้อ-pc-acer/,UNKNOWN,MONEY_HUB,computer,UNKNOWN,,,,,,,10,85,D_RETIRE,UNREGISTERED_OR_PRIVATE,FUTURE_RETIREMENT_APPROVAL_REQUIRED,,NONE,NONE+NONE,Zero search equity thin duplicate post
/รับซื้อ-pc-aio/,รับซื้อ PC AIO มือสอง ทุกรุ่น จ่ายสดทันที,MONEY_HUB,computer,UNKNOWN,,,,,,,10,85,D_RETIRE,HOLD_NOINDEX_200,FUTURE_RETIREMENT_APPROVAL_REQUIRED,,,NONE+legacy-posts,Zero search equity thin duplicate post
/รับซื้อ-pc-all-in-one/,รับซื้อ PC All-in-One มือสอง ทุกรุ่น จ่ายสดทันที,MONEY_HUB,computer,UNKNOWN,,,,,,,10,85,D_RETIRE,HOLD_NOINDEX_200,FUTURE_RETIREMENT_APPROVAL_REQUIRED,,,NONE+legacy-posts,Zero search equity thin duplicate post
/รับซื้อ-pc-dell/,UNKNOWN,MONEY_HUB,computer,UNKNOWN,,,,,,,10,85,D_RETIRE,UNREGISTERED_OR_PRIVATE,FUTURE_RETIREMENT_APPROVAL_REQUIRED,,NONE,NONE+NONE,Zero search equity thin duplicate post
/รับซื้อ-pc-hp/,รับซื้อ PC HP มือสอง ทุกรุ่น จ่ายสดทันที,MONEY_HUB,computer,UNKNOWN,,,,,,,10,85,D_RETIRE,HOLD_NOINDEX_200,FUTURE_RETIREMENT_APPROVAL_REQUIRED,,,NONE+legacy-posts,Zero search equity thin duplicate post
/รับซื้อ-pc-lenovo/,UNKNOWN,MONEY_HUB,computer,UNKNOWN,,,,,,,10,85,D_RETIRE,UNREGISTERED_OR_PRIVATE,FUTURE_RETIREMENT_APPROVAL_REQUIRED,,NONE,NONE+NONE,Zero search equity thin duplicate post
/รับซื้อ-pc-workstation/,UNKNOWN,MONEY_HUB,computer,UNKNOWN,,,,,,,10,85,D_RETIRE,UNREGISTERED_OR_PRIVATE,FUTURE_RETIREMENT_APPROVAL_REQUIRED,,NONE,NONE+NONE,Zero search equity thin duplicate post
/รับซื้อ-power-supply/,รับซื้อ Power Supply มือสอง ทุกรุ่น จ่ายสดทันที,MONEY_HUB,general_buyback,UNKNOWN,,,,,,,10,35,D_RETIRE,HOLD_NOINDEX_200,FUTURE_RETIREMENT_APPROVAL_REQUIRED,,,NONE+legacy-posts,Zero search equity thin duplicate post
/รับซื้อ-projector/,UNKNOWN,MONEY_HUB,general_buyback,UNKNOWN,,,,,,,10,35,D_RETIRE,UNREGISTERED_OR_PRIVATE,FUTURE_RETIREMENT_APPROVAL_REQUIRED,,NONE,NONE+NONE,Zero search equity thin duplicate post
/รับซื้อ-ps4-อุบล-play-station-4/,UNKNOWN,MONEY_HUB,general_buyback,90_DAYS_PERFORMANCE_EXPORT,2026-04-07,2026-07-06,0,21,8.00,0,45,35,D_RETIRE,GONE_410,MAINTAIN_GONE_410,,,docs/gsc/rerubsue_gsc_recovery_plan_2026-07-06.xlsx+gone-paths.ts,Authoritative runtime GONE 410 route
/รับซื้อ-ps5-กระบี่/,หาร้านรับซื้อPS5 กระบี่? เราให้ราคาสูงสุด มีบริการ On-Site โอนไวหน้างาน,GUIDE,guide,UNKNOWN,,,,,,,10,75,D_RETIRE,HOLD_NOINDEX_200,FUTURE_RETIREMENT_APPROVAL_REQUIRED,,,NONE+legacy-posts,Zero search equity thin duplicate post
/รับซื้อ-ps5-กรุงเทพมหานคร/,ขายPS5ด่วน กรุงเทพมหานคร ที่ไหนดี? WE BUY ให้ราคาสูง จ่ายเงินสดทันใจ รับถึงหน้าบ้าน,GUIDE,guide,UNKNOWN,,,,,,,10,75,D_RETIRE,HOLD_NOINDEX_200,FUTURE_RETIREMENT_APPROVAL_REQUIRED,,,NONE+legacy-posts,Zero search equity thin duplicate post
/รับซื้อ-ps5-กาฬสินธุ์/,หาร้านรับซื้อPS5 กาฬสินธุ์? เราให้ราคาสูงสุด มีบริการ On-Site โอนไวหน้างาน,GUIDE,guide,UNKNOWN,,,,,,,10,75,D_RETIRE,HOLD_NOINDEX_200,FUTURE_RETIREMENT_APPROVAL_REQUIRED,,,NONE+legacy-posts,Zero search equity thin duplicate post
/รับซื้อ-ps5-กำแพงเพชร/,รับซื้อPS5 กำแพงเพชร ด่วนที่สุด ให้ราคาสูง รับถึงที่ จ่ายเงินสด 100%,GUIDE,guide,UNKNOWN,,,,,,,10,75,D_RETIRE,HOLD_NOINDEX_200,FUTURE_RETIREMENT_APPROVAL_REQUIRED,,,NONE+legacy-posts,Zero search equity thin duplicate post
/รับซื้อ-ps5-ขอนแก่น/,ขอนแก่น รับซื้อPS5 สู้ทุกราคา บริการรับถึงที่ จ่ายสด ไม่กดราคา ปลอดภัย 100%,GUIDE,guide,UNKNOWN,,,,,,,10,75,D_RETIRE,HOLD_NOINDEX_200,FUTURE_RETIREMENT_APPROVAL_REQUIRED,,,NONE+legacy-posts,Zero search equity thin duplicate post
/รับซื้อ-ps5-จันทบุรี/,ขายPS5ด่วน จันทบุรี ที่ไหนดี? WE BUY ให้ราคาสูง จ่ายเงินสดทันใจ รับถึงหน้าบ้าน,GUIDE,guide,UNKNOWN,,,,,,,10,75,D_RETIRE,HOLD_NOINDEX_200,FUTURE_RETIREMENT_APPROVAL_REQUIRED,,,NONE+legacy-posts,Zero search equity thin duplicate post
/รับซื้อ-ps5-ชลบุรี/,เปลี่ยนPS5เก่าเป็นเงินสดที่ชลบุรี ตีราคาไว โอนเงินหน้างาน บริการรับถึงบ้าน,GUIDE,guide,UNKNOWN,,,,,,,10,75,D_RETIRE,HOLD_NOINDEX_200,FUTURE_RETIREMENT_APPROVAL_REQUIRED,,,NONE+legacy-posts,Zero search equity thin duplicate post
/รับซื้อ-ps5-ชัยภูมิ/,ด่วน! รับซื้อPS5มือสองในเขตชัยภูมิ เช็คราคาฟรี ได้เงินทันที สู้ทุกราคา,GUIDE,guide,UNKNOWN,,,,,,,10,75,D_RETIRE,HOLD_NOINDEX_200,FUTURE_RETIREMENT_APPROVAL_REQUIRED,,,NONE+legacy-posts,Zero search equity thin duplicate post
/รับซื้อ-ps5-ชุมพร/,เปลี่ยนPS5เก่าเป็นเงินสดที่ชุมพร ตีราคาไว โอนเงินหน้างาน บริการรับถึงบ้าน,GUIDE,guide,UNKNOWN,,,,,,,10,75,D_RETIRE,HOLD_NOINDEX_200,FUTURE_RETIREMENT_APPROVAL_REQUIRED,,,NONE+legacy-posts,Zero search equity thin duplicate post
/รับซื้อ-ps5-ตราด/,ตราด รับซื้อPS5 สู้ทุกราคา บริการรับถึงที่ จ่ายสด ไม่กดราคา ปลอดภัย 100%,GUIDE,guide,UNKNOWN,,,,,,,10,75,D_RETIRE,HOLD_NOINDEX_200,FUTURE_RETIREMENT_APPROVAL_REQUIRED,,,NONE+legacy-posts,Zero search equity thin duplicate post
/รับซื้อ-ps5-นครนายก/,ด่วน! รับซื้อPS5มือสองในเขตนครนายก เช็คราคาฟรี ได้เงินทันที สู้ทุกราคา,GUIDE,guide,UNKNOWN,,,,,,,10,75,D_RETIRE,HOLD_NOINDEX_200,FUTURE_RETIREMENT_APPROVAL_REQUIRED,,,NONE+legacy-posts,Zero search equity thin duplicate post
/รับซื้อ-ps5-นครปฐม/,นครปฐม รับซื้อPS5 สู้ทุกราคา บริการรับถึงที่ จ่ายสด ไม่กดราคา ปลอดภัย 100%,GUIDE,guide,UNKNOWN,,,,,,,10,75,D_RETIRE,HOLD_NOINDEX_200,FUTURE_RETIREMENT_APPROVAL_REQUIRED,,,NONE+legacy-posts,Zero search equity thin duplicate post
/รับซื้อ-ps5-นครสวรรค์/,รับซื้อPS5 นครสวรรค์ ด่วนที่สุด ให้ราคาสูง รับถึงที่ จ่ายเงินสด 100%,GUIDE,guide,UNKNOWN,,,,,,,10,75,D_RETIRE,HOLD_NOINDEX_200,FUTURE_RETIREMENT_APPROVAL_REQUIRED,,,NONE+legacy-posts,Zero search equity thin duplicate post
/รับซื้อ-ps5-นนทบุรี/,ขายPS5ด่วน นนทบุรี ที่ไหนดี? WE BUY ให้ราคาสูง จ่ายเงินสดทันใจ รับถึงหน้าบ้าน,GUIDE,guide,UNKNOWN,,,,,,,10,75,D_RETIRE,HOLD_NOINDEX_200,FUTURE_RETIREMENT_APPROVAL_REQUIRED,,,NONE+legacy-posts,Zero search equity thin duplicate post
/รับซื้อ-ps5-นราธิวาส/,หาร้านรับซื้อPS5 นราธิวาส? เราให้ราคาสูงสุด มีบริการ On-Site โอนไวหน้างาน,GUIDE,guide,UNKNOWN,,,,,,,10,75,D_RETIRE,HOLD_NOINDEX_200,FUTURE_RETIREMENT_APPROVAL_REQUIRED,,,NONE+legacy-posts,Zero search equity thin duplicate post
/รับซื้อ-ps5-น่าน/,เปลี่ยนPS5เก่าเป็นเงินสดที่น่าน ตีราคาไว โอนเงินหน้างาน บริการรับถึงบ้าน,GUIDE,guide,UNKNOWN,,,,,,,10,75,D_RETIRE,HOLD_NOINDEX_200,FUTURE_RETIREMENT_APPROVAL_REQUIRED,,,NONE+legacy-posts,Zero search equity thin duplicate post
/รับซื้อ-ps5-บึงกาฬ/,ขายPS5ด่วน บึงกาฬ ที่ไหนดี? WE BUY ให้ราคาสูง จ่ายเงินสดทันใจ รับถึงหน้าบ้าน,GUIDE,guide,UNKNOWN,,,,,,,10,75,D_RETIRE,HOLD_NOINDEX_200,FUTURE_RETIREMENT_APPROVAL_REQUIRED,,,NONE+legacy-posts,Zero search equity thin duplicate post
/รับซื้อ-ps5-ปทุมธานี/,ขายPS5ด่วน ปทุมธานี ที่ไหนดี? WE BUY ให้ราคาสูง จ่ายเงินสดทันใจ รับถึงหน้าบ้าน,GUIDE,guide,UNKNOWN,,,,,,,10,75,D_RETIRE,HOLD_NOINDEX_200,FUTURE_RETIREMENT_APPROVAL_REQUIRED,,,NONE+legacy-posts,Zero search equity thin duplicate post
/รับซื้อ-ps5-ปัตตานี/,ปัตตานี รับซื้อPS5 สู้ทุกราคา บริการรับถึงที่ จ่ายสด ไม่กดราคา ปลอดภัย 100%,GUIDE,guide,UNKNOWN,,,,,,,10,75,D_RETIRE,HOLD_NOINDEX_200,FUTURE_RETIREMENT_APPROVAL_REQUIRED,,,NONE+legacy-posts,Zero search equity thin duplicate post
/รับซื้อ-ps5-พังงา/,ขายPS5ด่วน พังงา ที่ไหนดี? WE BUY ให้ราคาสูง จ่ายเงินสดทันใจ รับถึงหน้าบ้าน,GUIDE,guide,UNKNOWN,,,,,,,10,75,D_RETIRE,HOLD_NOINDEX_200,FUTURE_RETIREMENT_APPROVAL_REQUIRED,,,NONE+legacy-posts,Zero search equity thin duplicate post
/รับซื้อ-ps5-พัทลุง/,พัทลุง รับซื้อPS5 สู้ทุกราคา บริการรับถึงที่ จ่ายสด ไม่กดราคา ปลอดภัย 100%,GUIDE,guide,UNKNOWN,,,,,,,10,75,D_RETIRE,HOLD_NOINDEX_200,FUTURE_RETIREMENT_APPROVAL_REQUIRED,,,NONE+legacy-posts,Zero search equity thin duplicate post
/รับซื้อ-ps5-พิจิตร/,หาร้านรับซื้อPS5 พิจิตร? เราให้ราคาสูงสุด มีบริการ On-Site โอนไวหน้างาน,GUIDE,guide,UNKNOWN,,,,,,,10,75,D_RETIRE,HOLD_NOINDEX_200,FUTURE_RETIREMENT_APPROVAL_REQUIRED,,,NONE+legacy-posts,Zero search equity thin duplicate post
/รับซื้อ-ps5-พิษณุโลก/,เปลี่ยนPS5เก่าเป็นเงินสดที่พิษณุโลก ตีราคาไว โอนเงินหน้างาน บริการรับถึงบ้าน,GUIDE,guide,UNKNOWN,,,,,,,10,75,D_RETIRE,HOLD_NOINDEX_200,FUTURE_RETIREMENT_APPROVAL_REQUIRED,,,NONE+legacy-posts,Zero search equity thin duplicate post
/รับซื้อ-ps5-มุกดาหาร/,มุกดาหาร รับซื้อPS5 สู้ทุกราคา บริการรับถึงที่ จ่ายสด ไม่กดราคา ปลอดภัย 100%,GUIDE,guide,UNKNOWN,,,,,,,10,75,D_RETIRE,HOLD_NOINDEX_200,FUTURE_RETIREMENT_APPROVAL_REQUIRED,,,NONE+legacy-posts,Zero search equity thin duplicate post
/รับซื้อ-ps5-ยโสธร/,หาร้านรับซื้อPS5 ยโสธร? เราให้ราคาสูงสุด มีบริการ On-Site โอนไวหน้างาน,GUIDE,guide,UNKNOWN,,,,,,,10,75,D_RETIRE,HOLD_NOINDEX_200,FUTURE_RETIREMENT_APPROVAL_REQUIRED,,,NONE+legacy-posts,Zero search equity thin duplicate post
/รับซื้อ-ps5-ระยอง/,ขายPS5ด่วน ระยอง ที่ไหนดี? WE BUY ให้ราคาสูง จ่ายเงินสดทันใจ รับถึงหน้าบ้าน,GUIDE,guide,UNKNOWN,,,,,,,10,75,D_RETIRE,HOLD_NOINDEX_200,FUTURE_RETIREMENT_APPROVAL_REQUIRED,,,NONE+legacy-posts,Zero search equity thin duplicate post
/รับซื้อ-ps5-ราชบุรี/,ราชบุรี รับซื้อPS5 สู้ทุกราคา บริการรับถึงที่ จ่ายสด ไม่กดราคา ปลอดภัย 100%,GUIDE,guide,UNKNOWN,,,,,,,10,75,D_RETIRE,HOLD_NOINDEX_200,FUTURE_RETIREMENT_APPROVAL_REQUIRED,,,NONE+legacy-posts,Zero search equity thin duplicate post
/รับซื้อ-ps5-ร้อยเอ็ด/,ด่วน! รับซื้อPS5มือสองในเขตร้อยเอ็ด เช็คราคาฟรี ได้เงินทันที สู้ทุกราคา,GUIDE,guide,UNKNOWN,,,,,,,10,75,D_RETIRE,HOLD_NOINDEX_200,FUTURE_RETIREMENT_APPROVAL_REQUIRED,,,NONE+legacy-posts,Zero search equity thin duplicate post
/รับซื้อ-ps5-ลพบุรี/,ขายPS5ด่วน ลพบุรี ที่ไหนดี? WE BUY ให้ราคาสูง จ่ายเงินสดทันใจ รับถึงหน้าบ้าน,GUIDE,guide,UNKNOWN,,,,,,,10,75,D_RETIRE,HOLD_NOINDEX_200,FUTURE_RETIREMENT_APPROVAL_REQUIRED,,,NONE+legacy-posts,Zero search equity thin duplicate post
/รับซื้อ-ps5-ลำพูน/,รับซื้อPS5 ลำพูน ด่วนที่สุด ให้ราคาสูง รับถึงที่ จ่ายเงินสด 100%,GUIDE,guide,UNKNOWN,,,,,,,10,75,D_RETIRE,HOLD_NOINDEX_200,FUTURE_RETIREMENT_APPROVAL_REQUIRED,,,NONE+legacy-posts,Zero search equity thin duplicate post
/รับซื้อ-ps5-ศรีสะเกษ/,เปลี่ยนPS5เก่าเป็นเงินสดที่ศรีสะเกษ ตีราคาไว โอนเงินหน้างาน บริการรับถึงบ้าน,GUIDE,guide,UNKNOWN,,,,,,,10,75,D_RETIRE,HOLD_NOINDEX_200,FUTURE_RETIREMENT_APPROVAL_REQUIRED,,,NONE+legacy-posts,Zero search equity thin duplicate post
/รับซื้อ-ps5-สมุทรสงคราม/,หาร้านรับซื้อPS5 สมุทรสงคราม? เราให้ราคาสูงสุด มีบริการ On-Site โอนไวหน้างาน,GUIDE,guide,UNKNOWN,,,,,,,10,75,D_RETIRE,HOLD_NOINDEX_200,FUTURE_RETIREMENT_APPROVAL_REQUIRED,,,NONE+legacy-posts,Zero search equity thin duplicate post
/รับซื้อ-ps5-สระบุรี/,หาร้านรับซื้อPS5 สระบุรี? เราให้ราคาสูงสุด มีบริการ On-Site โอนไวหน้างาน,GUIDE,guide,UNKNOWN,,,,,,,10,75,D_RETIRE,HOLD_NOINDEX_200,FUTURE_RETIREMENT_APPROVAL_REQUIRED,,,NONE+legacy-posts,Zero search equity thin duplicate post
/รับซื้อ-ps5-สระแก้ว/,สระแก้ว รับซื้อPS5 สู้ทุกราคา บริการรับถึงที่ จ่ายสด ไม่กดราคา ปลอดภัย 100%,GUIDE,guide,UNKNOWN,,,,,,,10,75,D_RETIRE,HOLD_NOINDEX_200,FUTURE_RETIREMENT_APPROVAL_REQUIRED,,,NONE+legacy-posts,Zero search equity thin duplicate post
/รับซื้อ-ps5-สิงห์บุรี/,ด่วน! รับซื้อPS5มือสองในเขตสิงห์บุรี เช็คราคาฟรี ได้เงินทันที สู้ทุกราคา,GUIDE,guide,UNKNOWN,,,,,,,10,75,D_RETIRE,HOLD_NOINDEX_200,FUTURE_RETIREMENT_APPROVAL_REQUIRED,,,NONE+legacy-posts,Zero search equity thin duplicate post
/รับซื้อ-ps5-สุรินทร์/,หาร้านรับซื้อPS5 สุรินทร์? เราให้ราคาสูงสุด มีบริการ On-Site โอนไวหน้างาน,GUIDE,guide,UNKNOWN,,,,,,,10,75,D_RETIRE,HOLD_NOINDEX_200,FUTURE_RETIREMENT_APPROVAL_REQUIRED,,,NONE+legacy-posts,Zero search equity thin duplicate post
/รับซื้อ-ps5-สุโขทัย/,หาร้านรับซื้อPS5 สุโขทัย? เราให้ราคาสูงสุด มีบริการ On-Site โอนไวหน้างาน,GUIDE,guide,UNKNOWN,,,,,,,10,75,D_RETIRE,HOLD_NOINDEX_200,FUTURE_RETIREMENT_APPROVAL_REQUIRED,,,NONE+legacy-posts,Zero search equity thin duplicate post
/รับซื้อ-ps5-อุดรธานี/,เปลี่ยนPS5เก่าเป็นเงินสดที่อุดรธานี ตีราคาไว โอนเงินหน้างาน บริการรับถึงบ้าน,GUIDE,guide,UNKNOWN,,,,,,,10,75,D_RETIRE,HOLD_NOINDEX_200,FUTURE_RETIREMENT_APPROVAL_REQUIRED,,,NONE+legacy-posts,Zero search equity thin duplicate post
/รับซื้อ-ps5-อุตรดิตถ์/,ขายPS5ด่วน อุตรดิตถ์ ที่ไหนดี? WE BUY ให้ราคาสูง จ่ายเงินสดทันใจ รับถึงหน้าบ้าน,GUIDE,guide,UNKNOWN,,,,,,,10,75,D_RETIRE,HOLD_NOINDEX_200,FUTURE_RETIREMENT_APPROVAL_REQUIRED,,,NONE+legacy-posts,Zero search equity thin duplicate post
/รับซื้อ-ps5-อุบล-play-station-5-อุบลราชธ/,UNKNOWN,MONEY_HUB,general_buyback,UNKNOWN,,,,,,,10,35,D_RETIRE,UNREGISTERED_OR_PRIVATE,FUTURE_RETIREMENT_APPROVAL_REQUIRED,,NONE,NONE+NONE,Zero search equity thin duplicate post
/รับซื้อ-ps5-อ่างทอง/,หาร้านรับซื้อPS5 อ่างทอง? เราให้ราคาสูงสุด มีบริการ On-Site โอนไวหน้างาน,GUIDE,guide,UNKNOWN,,,,,,,10,75,D_RETIRE,HOLD_NOINDEX_200,FUTURE_RETIREMENT_APPROVAL_REQUIRED,,,NONE+legacy-posts,Zero search equity thin duplicate post
/รับซื้อ-ps5-เชียงราย/,รับซื้อPS5 เชียงราย ด่วนที่สุด ให้ราคาสูง รับถึงที่ จ่ายเงินสด 100%,GUIDE,guide,UNKNOWN,,,,,,,10,75,D_RETIRE,HOLD_NOINDEX_200,FUTURE_RETIREMENT_APPROVAL_REQUIRED,,,NONE+legacy-posts,Zero search equity thin duplicate post
/รับซื้อ-ps5-เชียงใหม่/,หาร้านรับซื้อPS5 เชียงใหม่? เราให้ราคาสูงสุด มีบริการ On-Site โอนไวหน้างาน,GUIDE,guide,UNKNOWN,,,,,,,10,75,D_RETIRE,HOLD_NOINDEX_200,FUTURE_RETIREMENT_APPROVAL_REQUIRED,,,NONE+legacy-posts,Zero search equity thin duplicate post
/รับซื้อ-ps5-เพชรบุรี/,เพชรบุรี รับซื้อPS5 สู้ทุกราคา บริการรับถึงที่ จ่ายสด ไม่กดราคา ปลอดภัย 100%,GUIDE,guide,UNKNOWN,,,,,,,10,75,D_RETIRE,HOLD_NOINDEX_200,FUTURE_RETIREMENT_APPROVAL_REQUIRED,,,NONE+legacy-posts,Zero search equity thin duplicate post
/รับซื้อ-ps5-เลย/,ด่วน! รับซื้อPS5มือสองในเขตเลย เช็คราคาฟรี ได้เงินทันที สู้ทุกราคา,GUIDE,guide,UNKNOWN,,,,,,,10,75,D_RETIRE,HOLD_NOINDEX_200,FUTURE_RETIREMENT_APPROVAL_REQUIRED,,,NONE+legacy-posts,Zero search equity thin duplicate post
/รับซื้อ-qnap/,UNKNOWN,MONEY_HUB,general_buyback,UNKNOWN,,,,,,,10,35,D_RETIRE,UNREGISTERED_OR_PRIVATE,FUTURE_RETIREMENT_APPROVAL_REQUIRED,,NONE,NONE+NONE,Zero search equity thin duplicate post
/รับซื้อ-ram-ecc/,รับซื้อ RAM ECC มือสอง ทุกรุ่น จ่ายสดทันที,MONEY_HUB,computer,UNKNOWN,,,,,,,10,85,D_RETIRE,HOLD_NOINDEX_200,FUTURE_RETIREMENT_APPROVAL_REQUIRED,,,NONE+legacy-posts,Zero search equity thin duplicate post
/รับซื้อ-ram-notebook/,รับซื้อ RAM Notebook มือสอง ทุกรุ่น จ่ายสดทันที,MONEY_HUB,notebook,UNKNOWN,,,,,,,10,85,D_RETIRE,HOLD_NOINDEX_200,FUTURE_RETIREMENT_APPROVAL_REQUIRED,,,NONE+legacy-posts,Zero search equity thin duplicate post
/รับซื้อ-ram-pc/,รับซื้อ RAM PC มือสอง ทุกรุ่น จ่ายสดทันที,MONEY_HUB,computer,UNKNOWN,,,,,,,10,85,D_RETIRE,HOLD_NOINDEX_200,FUTURE_RETIREMENT_APPROVAL_REQUIRED,,,NONE+legacy-posts,Zero search equity thin duplicate post
/รับซื้อ-ram-server/,รับซื้อ RAM Server มือสอง ทุกรุ่น จ่ายสดทันที,MONEY_HUB,computer,UNKNOWN,,,,,,,10,85,D_RETIRE,HOLD_NOINDEX_200,FUTURE_RETIREMENT_APPROVAL_REQUIRED,,,NONE+legacy-posts,Zero search equity thin duplicate post
/รับซื้อ-ram/,รับซื้อ RAM มือสอง ทุกรุ่น จ่ายสดทันที,MONEY_HUB,computer,UNKNOWN,,,,,,,10,85,D_RETIRE,HOLD_NOINDEX_200,FUTURE_RETIREMENT_APPROVAL_REQUIRED,,,NONE+legacy-posts,Zero search equity thin duplicate post
/รับซื้อ-redmi-pad/,รับซื้อRedmi Pad มือสอง ทุกรุ่น จ่ายสดทันที,MONEY_HUB,general_buyback,UNKNOWN,,,,,,,10,35,D_RETIRE,HOLD_NOINDEX_200,FUTURE_RETIREMENT_APPROVAL_REQUIRED,,,NONE+legacy-posts,Zero search equity thin duplicate post
/รับซื้อ-router/,รับซื้อ Router มือสอง ทุกยี่ห้อ จ่ายสดทันที,MONEY_HUB,general_buyback,UNKNOWN,,,,,,,10,35,D_RETIRE,HOLD_NOINDEX_200,FUTURE_RETIREMENT_APPROVAL_REQUIRED,,,NONE+legacy-posts,Zero search equity thin duplicate post
/รับซื้อ-ruijie/,รับซื้อ Ruijie มือสอง ทุกรุ่น จ่ายสดทันที,MONEY_HUB,general_buyback,UNKNOWN,,,,,,,10,35,D_RETIRE,HOLD_NOINDEX_200,FUTURE_RETIREMENT_APPROVAL_REQUIRED,,,NONE+legacy-posts,Zero search equity thin duplicate post
/รับซื้อ-samsung-tablet/,รับซื้อSamsung Tablet มือสอง ทุกรุ่น จ่ายสดทันที,MONEY_HUB,ipad,UNKNOWN,,,,,,,10,85,D_RETIRE,HOLD_NOINDEX_200,FUTURE_RETIREMENT_APPROVAL_REQUIRED,,,NONE+legacy-posts,Zero search equity thin duplicate post
/รับซื้อ-samsung-มือสอง/,UNKNOWN,MONEY_HUB,general_buyback,UNKNOWN,,,,,,,10,35,D_RETIRE,UNREGISTERED_OR_PRIVATE,FUTURE_RETIREMENT_APPROVAL_REQUIRED,,NONE,NONE+NONE,Zero search equity thin duplicate post
/รับซื้อ-server-cisco/,UNKNOWN,MONEY_HUB,enterprise_scrap,UNKNOWN,,,,,,,10,85,D_RETIRE,UNREGISTERED_OR_PRIVATE,FUTURE_RETIREMENT_APPROVAL_REQUIRED,,NONE,NONE+NONE,Zero search equity thin duplicate post
/รับซื้อ-server-dell/,รับซื้อ server DELL เซิฟเวอร์เดลมือสอง ให้ราคาสูง รับทั่วประเทศ,MONEY_HUB,enterprise_scrap,UNKNOWN,,,,,,,10,85,D_RETIRE,UNREGISTERED_OR_PRIVATE,FUTURE_RETIREMENT_APPROVAL_REQUIRED,,NONE,NONE+NONE,Zero search equity thin duplicate post
/รับซื้อ-server-fujitsu/,UNKNOWN,MONEY_HUB,enterprise_scrap,UNKNOWN,,,,,,,10,85,D_RETIRE,UNREGISTERED_OR_PRIVATE,FUTURE_RETIREMENT_APPROVAL_REQUIRED,,NONE,NONE+NONE,Zero search equity thin duplicate post
/รับซื้อ-server-hitachi/,UNKNOWN,MONEY_HUB,enterprise_scrap,UNKNOWN,,,,,,,10,85,D_RETIRE,UNREGISTERED_OR_PRIVATE,FUTURE_RETIREMENT_APPROVAL_REQUIRED,,NONE,NONE+NONE,Zero search equity thin duplicate post
/รับซื้อ-server-hp/,UNKNOWN,MONEY_HUB,enterprise_scrap,UNKNOWN,,,,,,,10,85,D_RETIRE,UNREGISTERED_OR_PRIVATE,FUTURE_RETIREMENT_APPROVAL_REQUIRED,,NONE,NONE+NONE,Zero search equity thin duplicate post
/รับซื้อ-server-huawei/,รับซื้อ Server Huawei มือสอง ทุกรุ่น จ่ายสดทันที,MONEY_HUB,enterprise_scrap,UNKNOWN,,,,,,,10,85,D_RETIRE,HOLD_NOINDEX_200,FUTURE_RETIREMENT_APPROVAL_REQUIRED,,,NONE+legacy-posts,Zero search equity thin duplicate post
/รับซื้อ-server-ibm/,รับซื้อ Server IBM มือสอง ทุกรุ่น จ่ายสดทันที,MONEY_HUB,enterprise_scrap,UNKNOWN,,,,,,,10,85,D_RETIRE,HOLD_NOINDEX_200,FUTURE_RETIREMENT_APPROVAL_REQUIRED,,,NONE+legacy-posts,Zero search equity thin duplicate post
/รับซื้อ-server-lenovo/,รับซื้อ Server Lenovo มือสอง ทุกรุ่น จ่ายสดทันที,MONEY_HUB,enterprise_scrap,UNKNOWN,,,,,,,10,85,D_RETIRE,HOLD_NOINDEX_200,FUTURE_RETIREMENT_APPROVAL_REQUIRED,,,NONE+legacy-posts,Zero search equity thin duplicate post
/รับซื้อ-server-oracle/,รับซื้อ Server Oracle มือสอง ทุกรุ่น จ่ายสดทันที,MONEY_HUB,enterprise_scrap,UNKNOWN,,,,,,,10,85,D_RETIRE,HOLD_NOINDEX_200,FUTURE_RETIREMENT_APPROVAL_REQUIRED,,,NONE+legacy-posts,Zero search equity thin duplicate post
/รับซื้อ-server-supermicro/,UNKNOWN,MONEY_HUB,enterprise_scrap,UNKNOWN,,,,,,,10,85,D_RETIRE,UNREGISTERED_OR_PRIVATE,FUTURE_RETIREMENT_APPROVAL_REQUIRED,,NONE,NONE+NONE,Zero search equity thin duplicate post
/รับซื้อ-server-กรุงเทพมหานคร/,รับซื้อ Server กรุงเทพมหานคร มือสอง — Dell HP Lenovo Supermicro รับทุกสภาพ จ่ายทันที,MONEY_HUB,enterprise_scrap,UNKNOWN,,,,,,,10,85,D_RETIRE,HOLD_NOINDEX_200,FUTURE_RETIREMENT_APPROVAL_REQUIRED,,,NONE+legacy-posts,Zero search equity thin duplicate post
/รับซื้อ-server-ขอนแก่น/,UNKNOWN,MONEY_HUB,enterprise_scrap,UNKNOWN,,,,,,,10,85,D_RETIRE,UNREGISTERED_OR_PRIVATE,FUTURE_RETIREMENT_APPROVAL_REQUIRED,,NONE,NONE+NONE,Zero search equity thin duplicate post
/รับซื้อ-server-นครราชสีมา/,UNKNOWN,MONEY_HUB,enterprise_scrap,UNKNOWN,,,,,,,10,85,D_RETIRE,UNREGISTERED_OR_PRIVATE,FUTURE_RETIREMENT_APPROVAL_REQUIRED,,NONE,NONE+NONE,Zero search equity thin duplicate post
/รับซื้อ-server-มือสอง/,รับซื้อ Server มือสอง ทุกยี่ห้อ ทุกรุ่น จ่ายสดทันที,MONEY_HUB,enterprise_scrap,UNKNOWN,,,,,,,10,85,D_RETIRE,HOLD_NOINDEX_200,FUTURE_RETIREMENT_APPROVAL_REQUIRED,,,NONE+legacy-posts,Zero search equity thin duplicate post
/รับซื้อ-server-อุบลราชธานี/,UNKNOWN,MONEY_HUB,enterprise_scrap,UNKNOWN,,,,,,,10,85,D_RETIRE,UNREGISTERED_OR_PRIVATE,FUTURE_RETIREMENT_APPROVAL_REQUIRED,,NONE,NONE+NONE,Zero search equity thin duplicate post
/รับซื้อ-server-เชียงใหม่/,UNKNOWN,MONEY_HUB,enterprise_scrap,UNKNOWN,,,,,,,10,85,D_RETIRE,UNREGISTERED_OR_PRIVATE,FUTURE_RETIREMENT_APPROVAL_REQUIRED,,NONE,NONE+NONE,Zero search equity thin duplicate post
/รับซื้อ-server-เสีย/,รับซื้อ Server เสีย ทุกอาการ ประเมินเป็นซากหรืออะไหล่,MONEY_HUB,enterprise_scrap,UNKNOWN,,,,,,,10,85,D_RETIRE,HOLD_NOINDEX_200,FUTURE_RETIREMENT_APPROVAL_REQUIRED,,,NONE+legacy-posts,Zero search equity thin duplicate post
/รับซื้อ-server/,รับซื้อ server เซิฟเวอร์ มือสอง รับประมูลงาน ให้ราคาสูง,MONEY_HUB,enterprise_scrap,UNKNOWN,,,,,,,40,85,A_PRESERVE_REWRITE,UNREGISTERED_OR_PRIVATE,PRESERVE_REWRITE_CONTENT,,REBUILD_INDEX,NONE+survivor-rebuild,High-equity historical IT search winner; keep exact public URL and rewrite content
/รับซื้อ-smart-tv-อุบล-โทรทัศน์-ท/,UNKNOWN,MONEY_HUB,general_buyback,UNKNOWN,,,,,,,10,35,D_RETIRE,UNREGISTERED_OR_PRIVATE,FUTURE_RETIREMENT_APPROVAL_REQUIRED,,NONE,NONE+NONE,Zero search equity thin duplicate post
/รับซื้อ-smart-tv/,UNKNOWN,MONEY_HUB,general_buyback,UNKNOWN,,,,,,,10,35,D_RETIRE,UNREGISTERED_OR_PRIVATE,FUTURE_RETIREMENT_APPROVAL_REQUIRED,,NONE,NONE+NONE,Zero search equity thin duplicate post
/รับซื้อ-ssd-adata/,UNKNOWN,MONEY_HUB,general_buyback,UNKNOWN,,,,,,,10,35,D_RETIRE,UNREGISTERED_OR_PRIVATE,FUTURE_RETIREMENT_APPROVAL_REQUIRED,,NONE,NONE+NONE,Zero search equity thin duplicate post
/รับซื้อ-ssd-apacer/,UNKNOWN,MONEY_HUB,general_buyback,UNKNOWN,,,,,,,10,35,D_RETIRE,UNREGISTERED_OR_PRIVATE,FUTURE_RETIREMENT_APPROVAL_REQUIRED,,NONE,NONE+NONE,Zero search equity thin duplicate post
/รับซื้อ-ssd-corsair/,รับซื้อ SSD Corsair มือสอง ทุกรุ่น จ่ายสดทันที,MONEY_HUB,general_buyback,UNKNOWN,,,,,,,10,35,D_RETIRE,HOLD_NOINDEX_200,FUTURE_RETIREMENT_APPROVAL_REQUIRED,,,NONE+legacy-posts,Zero search equity thin duplicate post
/รับซื้อ-ssd-crucial/,UNKNOWN,MONEY_HUB,general_buyback,UNKNOWN,,,,,,,10,35,D_RETIRE,UNREGISTERED_OR_PRIVATE,FUTURE_RETIREMENT_APPROVAL_REQUIRED,,NONE,NONE+NONE,Zero search equity thin duplicate post
/รับซื้อ-ssd-intel/,UNKNOWN,MONEY_HUB,general_buyback,UNKNOWN,,,,,,,10,35,D_RETIRE,UNREGISTERED_OR_PRIVATE,FUTURE_RETIREMENT_APPROVAL_REQUIRED,,NONE,NONE+NONE,Zero search equity thin duplicate post
/รับซื้อ-ssd-kingston/,UNKNOWN,MONEY_HUB,general_buyback,UNKNOWN,,,,,,,10,35,D_RETIRE,UNREGISTERED_OR_PRIVATE,FUTURE_RETIREMENT_APPROVAL_REQUIRED,,NONE,NONE+NONE,Zero search equity thin duplicate post
/รับซื้อ-ssd-kioxia/,รับซื้อ SSD Kioxia มือสอง ทุกรุ่น จ่ายสดทันที,MONEY_HUB,general_buyback,UNKNOWN,,,,,,,10,35,D_RETIRE,HOLD_NOINDEX_200,FUTURE_RETIREMENT_APPROVAL_REQUIRED,,,NONE+legacy-posts,Zero search equity thin duplicate post
/รับซื้อ-ssd-lexar/,รับซื้อ SSD Lexar มือสอง ทุกรุ่น จ่ายสดทันที,MONEY_HUB,general_buyback,UNKNOWN,,,,,,,10,35,D_RETIRE,HOLD_NOINDEX_200,FUTURE_RETIREMENT_APPROVAL_REQUIRED,,,NONE+legacy-posts,Zero search equity thin duplicate post
/รับซื้อ-ssd-m2/,รับซื้อ SSD SSD M.2 มือสอง ทุกรุ่น จ่ายสดทันที,MONEY_HUB,general_buyback,UNKNOWN,,,,,,,10,35,D_RETIRE,HOLD_NOINDEX_200,FUTURE_RETIREMENT_APPROVAL_REQUIRED,,,NONE+legacy-posts,Zero search equity thin duplicate post
/รับซื้อ-ssd-micron/,UNKNOWN,MONEY_HUB,general_buyback,UNKNOWN,,,,,,,10,35,D_RETIRE,UNREGISTERED_OR_PRIVATE,FUTURE_RETIREMENT_APPROVAL_REQUIRED,,NONE,NONE+NONE,Zero search equity thin duplicate post
/รับซื้อ-ssd-nvme/,รับซื้อ SSD SSD NVMe มือสอง ทุกรุ่น จ่ายสดทันที,MONEY_HUB,general_buyback,UNKNOWN,,,,,,,10,35,D_RETIRE,HOLD_NOINDEX_200,FUTURE_RETIREMENT_APPROVAL_REQUIRED,,,NONE+legacy-posts,Zero search equity thin duplicate post
/รับซื้อ-ssd-samsung/,UNKNOWN,MONEY_HUB,general_buyback,UNKNOWN,,,,,,,10,35,D_RETIRE,UNREGISTERED_OR_PRIVATE,FUTURE_RETIREMENT_APPROVAL_REQUIRED,,NONE,NONE+NONE,Zero search equity thin duplicate post
/รับซื้อ-ssd-sandisk/,UNKNOWN,MONEY_HUB,general_buyback,UNKNOWN,,,,,,,10,35,D_RETIRE,UNREGISTERED_OR_PRIVATE,FUTURE_RETIREMENT_APPROVAL_REQUIRED,,NONE,NONE+NONE,Zero search equity thin duplicate post
/รับซื้อ-ssd-seagate/,รับซื้อ SSD Seagate มือสอง ทุกรุ่น จ่ายสดทันที,MONEY_HUB,general_buyback,UNKNOWN,,,,,,,10,35,D_RETIRE,HOLD_NOINDEX_200,FUTURE_RETIREMENT_APPROVAL_REQUIRED,,,NONE+legacy-posts,Zero search equity thin duplicate post
/รับซื้อ-ssd-server/,UNKNOWN,MONEY_HUB,enterprise_scrap,UNKNOWN,,,,,,,10,85,D_RETIRE,UNREGISTERED_OR_PRIVATE,FUTURE_RETIREMENT_APPROVAL_REQUIRED,,NONE,NONE+NONE,Zero search equity thin duplicate post
/รับซื้อ-ssd-toshiba/,UNKNOWN,MONEY_HUB,general_buyback,UNKNOWN,,,,,,,10,35,D_RETIRE,UNREGISTERED_OR_PRIVATE,FUTURE_RETIREMENT_APPROVAL_REQUIRED,,NONE,NONE+NONE,Zero search equity thin duplicate post
/รับซื้อ-ssd-transcend/,UNKNOWN,MONEY_HUB,general_buyback,UNKNOWN,,,,,,,10,35,D_RETIRE,UNREGISTERED_OR_PRIVATE,FUTURE_RETIREMENT_APPROVAL_REQUIRED,,NONE,NONE+NONE,Zero search equity thin duplicate post
/รับซื้อ-ssd-wd/,UNKNOWN,MONEY_HUB,general_buyback,UNKNOWN,,,,,,,10,35,D_RETIRE,UNREGISTERED_OR_PRIVATE,FUTURE_RETIREMENT_APPROVAL_REQUIRED,,NONE,NONE+NONE,Zero search equity thin duplicate post
/รับซื้อ-ssd-western/,รับซื้อ SSD WD Western Digital มือสอง ทุกรุ่น จ่ายสดทันที,MONEY_HUB,general_buyback,UNKNOWN,,,,,,,10,35,D_RETIRE,HOLD_NOINDEX_200,FUTURE_RETIREMENT_APPROVAL_REQUIRED,,,NONE+legacy-posts,Zero search equity thin duplicate post
/รับซื้อ-ssd-xpg/,รับซื้อ SSD XPG (ADATA) มือสอง ทุกรุ่น จ่ายสดทันที,MONEY_HUB,general_buyback,UNKNOWN,,,,,,,10,35,D_RETIRE,HOLD_NOINDEX_200,FUTURE_RETIREMENT_APPROVAL_REQUIRED,,,NONE+legacy-posts,Zero search equity thin duplicate post
/รับซื้อ-ssd/,UNKNOWN,MONEY_HUB,general_buyback,UNKNOWN,,,,,,,10,35,D_RETIRE,UNREGISTERED_OR_PRIVATE,FUTURE_RETIREMENT_APPROVAL_REQUIRED,,NONE,NONE+NONE,Zero search equity thin duplicate post
/รับซื้อ-storage-server/,UNKNOWN,MONEY_HUB,enterprise_scrap,UNKNOWN,,,,,,,10,85,D_RETIRE,UNREGISTERED_OR_PRIVATE,FUTURE_RETIREMENT_APPROVAL_REQUIRED,,NONE,NONE+NONE,Zero search equity thin duplicate post
/รับซื้อ-switch/,UNKNOWN,MONEY_HUB,general_buyback,UNKNOWN,,,,,,,10,35,D_RETIRE,UNREGISTERED_OR_PRIVATE,FUTURE_RETIREMENT_APPROVAL_REQUIRED,,NONE,NONE+NONE,Zero search equity thin duplicate post
/รับซื้อ-synology/,UNKNOWN,MONEY_HUB,general_buyback,UNKNOWN,,,,,,,10,35,D_RETIRE,UNREGISTERED_OR_PRIVATE,FUTURE_RETIREMENT_APPROVAL_REQUIRED,,NONE,NONE+NONE,Zero search equity thin duplicate post
/รับซื้อ-tablet-สำนักงาน/,รับซื้อTablet สำนักงาน มือสอง ทุกรุ่น จ่ายสดทันที,MONEY_HUB,ipad,UNKNOWN,,,,,,,10,85,D_RETIRE,HOLD_NOINDEX_200,FUTURE_RETIREMENT_APPROVAL_REQUIRED,,,NONE+legacy-posts,Zero search equity thin duplicate post
/รับซื้อ-tablet/,UNKNOWN,MONEY_HUB,ipad,UNKNOWN,,,,,,,10,85,D_RETIRE,UNREGISTERED_OR_PRIVATE,FUTURE_RETIREMENT_APPROVAL_REQUIRED,,NONE,NONE+NONE,Zero search equity thin duplicate post
/รับซื้อ-ubiquiti/,รับซื้อ Ubiquiti / UniFi มือสอง ทุกรุ่น จ่ายสดทันที,MONEY_HUB,general_buyback,UNKNOWN,,,,,,,10,35,D_RETIRE,HOLD_NOINDEX_200,FUTURE_RETIREMENT_APPROVAL_REQUIRED,,,NONE+legacy-posts,Zero search equity thin duplicate post
/รับซื้อ-ups-apc/,UNKNOWN,MONEY_HUB,computer,UNKNOWN,,,,,,,10,85,D_RETIRE,UNREGISTERED_OR_PRIVATE,FUTURE_RETIREMENT_APPROVAL_REQUIRED,,NONE,NONE+NONE,Zero search equity thin duplicate post
/รับซื้อ-ups-cleanline/,UNKNOWN,MONEY_HUB,general_buyback,UNKNOWN,,,,,,,10,35,D_RETIRE,UNREGISTERED_OR_PRIVATE,FUTURE_RETIREMENT_APPROVAL_REQUIRED,,NONE,NONE+NONE,Zero search equity thin duplicate post
/รับซื้อ-ups-cyberpower/,รับซื้อ CyberPower มือสอง ทุกรุ่น จ่ายสดทันที,MONEY_HUB,general_buyback,UNKNOWN,,,,,,,10,35,D_RETIRE,HOLD_NOINDEX_200,FUTURE_RETIREMENT_APPROVAL_REQUIRED,,,NONE+legacy-posts,Zero search equity thin duplicate post
/รับซื้อ-ups-dell/,UNKNOWN,MONEY_HUB,general_buyback,UNKNOWN,,,,,,,10,35,D_RETIRE,UNREGISTERED_OR_PRIVATE,FUTURE_RETIREMENT_APPROVAL_REQUIRED,,NONE,NONE+NONE,Zero search equity thin duplicate post
/รับซื้อ-ups-eaton/,UNKNOWN,MONEY_HUB,general_buyback,UNKNOWN,,,,,,,10,35,D_RETIRE,UNREGISTERED_OR_PRIVATE,FUTURE_RETIREMENT_APPROVAL_REQUIRED,,NONE,NONE+NONE,Zero search equity thin duplicate post
/รับซื้อ-ups-huawei/,รับซื้อ Huawei UPS มือสอง ทุกรุ่น จ่ายสดทันที,MONEY_HUB,general_buyback,UNKNOWN,,,,,,,10,35,D_RETIRE,HOLD_NOINDEX_200,FUTURE_RETIREMENT_APPROVAL_REQUIRED,,,NONE+legacy-posts,Zero search equity thin duplicate post
/รับซื้อ-ups-leonics/,รับซื้อ Leonics มือสอง ทุกรุ่น จ่ายสดทันที,MONEY_HUB,general_buyback,UNKNOWN,,,,,,,10,35,D_RETIRE,HOLD_NOINDEX_200,FUTURE_RETIREMENT_APPROVAL_REQUIRED,,,NONE+legacy-posts,Zero search equity thin duplicate post
/รับซื้อ-ups-prolink/,รับซื้อ Prolink มือสอง ทุกรุ่น จ่ายสดทันที,MONEY_HUB,general_buyback,UNKNOWN,,,,,,,10,35,D_RETIRE,HOLD_NOINDEX_200,FUTURE_RETIREMENT_APPROVAL_REQUIRED,,,NONE+legacy-posts,Zero search equity thin duplicate post
/รับซื้อ-ups-rack/,UNKNOWN,MONEY_HUB,general_buyback,UNKNOWN,,,,,,,10,35,D_RETIRE,UNREGISTERED_OR_PRIVATE,FUTURE_RETIREMENT_APPROVAL_REQUIRED,,NONE,NONE+NONE,Zero search equity thin duplicate post
/รับซื้อ-ups-schneider/,รับซื้อ Schneider Electric มือสอง ทุกรุ่น จ่ายสดทันที,MONEY_HUB,general_buyback,UNKNOWN,,,,,,,10,35,D_RETIRE,HOLD_NOINDEX_200,FUTURE_RETIREMENT_APPROVAL_REQUIRED,,,NONE+legacy-posts,Zero search equity thin duplicate post
/รับซื้อ-ups-server/,UNKNOWN,MONEY_HUB,enterprise_scrap,UNKNOWN,,,,,,,10,85,D_RETIRE,UNREGISTERED_OR_PRIVATE,FUTURE_RETIREMENT_APPROVAL_REQUIRED,,NONE,NONE+NONE,Zero search equity thin duplicate post
/รับซื้อ-ups-syndome/,รับซื้อ Syndome มือสอง ทุกรุ่น จ่ายสดทันที,MONEY_HUB,general_buyback,UNKNOWN,,,,,,,10,35,D_RETIRE,HOLD_NOINDEX_200,FUTURE_RETIREMENT_APPROVAL_REQUIRED,,,NONE+legacy-posts,Zero search equity thin duplicate post
/รับซื้อ-ups-true-online/,รับซื้อ UPS True Online มือสอง ทุกรุ่น จ่ายสดทันที,MONEY_HUB,general_buyback,UNKNOWN,,,,,,,10,35,D_RETIRE,HOLD_NOINDEX_200,FUTURE_RETIREMENT_APPROVAL_REQUIRED,,,NONE+legacy-posts,Zero search equity thin duplicate post
/รับซื้อ-ups-zircon/,รับซื้อ Zircon มือสอง ทุกรุ่น จ่ายสดทันที,MONEY_HUB,general_buyback,UNKNOWN,,,,,,,10,35,D_RETIRE,HOLD_NOINDEX_200,FUTURE_RETIREMENT_APPROVAL_REQUIRED,,,NONE+legacy-posts,Zero search equity thin duplicate post
/รับซื้อ-ups-กรุงเทพมหานคร/,รับซื้อ UPS กรุงเทพมหานคร มือสอง — APC Eaton CyberPower Syndome รับทุกขนาด จ่ายทันที,MONEY_HUB,computer,UNKNOWN,,,,,,,10,85,D_RETIRE,HOLD_NOINDEX_200,FUTURE_RETIREMENT_APPROVAL_REQUIRED,,,NONE+legacy-posts,Zero search equity thin duplicate post
/รับซื้อ-ups-ขอนแก่น/,รับซื้อ UPS ขอนแก่น มือสอง — APC Eaton CyberPower Syndome รับทุกขนาด จ่ายทันที,LOCAL_MONEY,computer,UNKNOWN,,,,,,,10,85,D_RETIRE,HOLD_NOINDEX_200,FUTURE_RETIREMENT_APPROVAL_REQUIRED,,,NONE+legacy-posts,Zero search equity thin duplicate post
/รับซื้อ-ups-นครราชสีมา/,รับซื้อ UPS นครราชสีมา มือสอง — APC Eaton CyberPower Syndome รับทุกขนาด จ่ายทันที,MONEY_HUB,computer,UNKNOWN,,,,,,,10,85,D_RETIRE,HOLD_NOINDEX_200,FUTURE_RETIREMENT_APPROVAL_REQUIRED,,,NONE+legacy-posts,Zero search equity thin duplicate post
/รับซื้อ-ups-ปิดกิจการ/,UNKNOWN,MONEY_HUB,general_buyback,UNKNOWN,,,,,,,10,35,D_RETIRE,UNREGISTERED_OR_PRIVATE,FUTURE_RETIREMENT_APPROVAL_REQUIRED,,NONE,NONE+NONE,Zero search equity thin duplicate post
/รับซื้อ-ups-อุบลราชธานี/,รับซื้อ UPS อุบลราชธานี มือสอง — APC Eaton CyberPower Syndome รับทุกขนาด จ่ายทันที,LOCAL_MONEY,computer,UNKNOWN,,,,,,,10,85,D_RETIRE,HOLD_NOINDEX_200,FUTURE_RETIREMENT_APPROVAL_REQUIRED,,,NONE+legacy-posts,Zero search equity thin duplicate post
/รับซื้อ-ups-เชียงใหม่/,รับซื้อ UPS เชียงใหม่ มือสอง — APC Eaton CyberPower Syndome รับทุกขนาด จ่ายทันที,MONEY_HUB,computer,UNKNOWN,,,,,,,10,85,D_RETIRE,HOLD_NOINDEX_200,FUTURE_RETIREMENT_APPROVAL_REQUIRED,,,NONE+legacy-posts,Zero search equity thin duplicate post
/รับซื้อ-ups/,UNKNOWN,MONEY_HUB,general_buyback,UNKNOWN,,,,,,,10,35,D_RETIRE,UNREGISTERED_OR_PRIVATE,FUTURE_RETIREMENT_APPROVAL_REQUIRED,,NONE,NONE+NONE,Zero search equity thin duplicate post
/รับซื้อ-vivo-มือสอง/,UNKNOWN,MONEY_HUB,general_buyback,UNKNOWN,,,,,,,10,35,D_RETIRE,UNREGISTERED_OR_PRIVATE,FUTURE_RETIREMENT_APPROVAL_REQUIRED,,NONE,NONE+NONE,Zero search equity thin duplicate post
/รับซื้อ-vivo-อุบล/,UNKNOWN,MONEY_HUB,general_buyback,UNKNOWN,,,,,,,10,35,D_RETIRE,UNREGISTERED_OR_PRIVATE,FUTURE_RETIREMENT_APPROVAL_REQUIRED,,NONE,NONE+NONE,Zero search equity thin duplicate post
/รับซื้อ-xiaomi-tablet/,UNKNOWN,MONEY_HUB,ipad,UNKNOWN,,,,,,,10,85,D_RETIRE,UNREGISTERED_OR_PRIVATE,FUTURE_RETIREMENT_APPROVAL_REQUIRED,,NONE,NONE+NONE,Zero search equity thin duplicate post
/รับซื้อ-xiaomi-มือสอง/,"รับซื้อ Xiaomi มือสอง ประเมินจาก Xiaomi, Redmi, Poco และสภาพเครื่องจริง",MONEY_HUB,general_buyback,UNKNOWN,,,,,,,10,35,D_RETIRE,HOLD_NOINDEX_200,FUTURE_RETIREMENT_APPROVAL_REQUIRED,,,NONE+legacy-posts,Zero search equity thin duplicate post
/รับซื้อ-xiaomi-อุบล/,UNKNOWN,MONEY_HUB,general_buyback,UNKNOWN,,,,,,,10,35,D_RETIRE,UNREGISTERED_OR_PRIVATE,FUTURE_RETIREMENT_APPROVAL_REQUIRED,,NONE,NONE+NONE,Zero search equity thin duplicate post
/รับซื้อ-xiaomi-โคราช/,UNKNOWN,MONEY_HUB,general_buyback,UNKNOWN,,,,,,,10,35,D_RETIRE,UNREGISTERED_OR_PRIVATE,FUTURE_RETIREMENT_APPROVAL_REQUIRED,,NONE,NONE+NONE,Zero search equity thin duplicate post
/รับซื้อ-zyxel/,รับซื้อ Zyxel มือสอง ทุกรุ่น จ่ายสดทันที,MONEY_HUB,general_buyback,UNKNOWN,,,,,,,10,35,D_RETIRE,HOLD_NOINDEX_200,FUTURE_RETIREMENT_APPROVAL_REQUIRED,,,NONE+legacy-posts,Zero search equity thin duplicate post
/รับซื้อ-คอม-มือสอง-อุบล/,UNKNOWN,LOCAL_MONEY,computer,UNKNOWN,,,,,,,10,85,D_RETIRE,UNREGISTERED_OR_PRIVATE,FUTURE_RETIREMENT_APPROVAL_REQUIRED,,NONE,NONE+NONE,Zero search equity thin duplicate post
/รับซื้อ-คอมพิวเตอร์-ขอน-2/,รับซื้อคอมพิวเตอร์/โน๊ตบุ๊ค ในขอนแก่น ครบวงจร,MONEY_HUB,notebook,UNKNOWN,,,,,,,10,85,D_RETIRE,HOLD_NOINDEX_200,FUTURE_RETIREMENT_APPROVAL_REQUIRED,,,NONE+legacy-posts,Zero search equity thin duplicate post
/รับซื้อ-คอมพิวเตอร์-ขอนแ/,UNKNOWN,MONEY_HUB,computer,90_DAYS_PERFORMANCE_EXPORT,2026-04-07,2026-07-06,0,1,6.00,0,30,85,D_RETIRE,UNREGISTERED_OR_PRIVATE,FUTURE_RETIREMENT_APPROVAL_REQUIRED,,NONE,docs/gsc/rerubsue_gsc_recovery_plan_2026-07-06.xlsx+NONE,Zero search equity thin duplicate post
/รับซื้อ-คอมพิวเตอร์-อุดร/,UNKNOWN,LOCAL_MONEY,computer,UNKNOWN,,,,,,,10,85,D_RETIRE,UNREGISTERED_OR_PRIVATE,FUTURE_RETIREMENT_APPROVAL_REQUIRED,,NONE,NONE+NONE,Zero search equity thin duplicate post
/รับซื้อ-แมคบุ๊ค-ขอนแก่น/,รับซื้อ แมคบุ๊ค ขอนแก่น,LOCAL_MONEY,macbook,UNKNOWN,,,,,,,10,85,D_RETIRE,HOLD_NOINDEX_200,FUTURE_RETIREMENT_APPROVAL_REQUIRED,,,NONE+legacy-posts,Zero search equity thin duplicate post
/รับซื้อ-โน๊ตบุ๊คnotebookจังหวั/,UNKNOWN,MONEY_HUB,notebook,UNKNOWN,,,,,,,10,85,D_RETIRE,GONE_410,MAINTAIN_GONE_410,,,NONE+gone-paths.ts,Authoritative runtime GONE 410 route
/รับซื้อ-ใกล้ฉัน/,UNKNOWN,MONEY_HUB,general_buyback,UNKNOWN,,,,,,,30,35,C_301_CONSOLIDATE,ACTIVE_REDIRECT_301,MAINTAIN_ACTIVE_REDIRECT,/รับซื้อ/,,NONE+redirects,Active migration redirect rule targeting /รับซื้อ/
/รับซื้อ/,UNKNOWN,MONEY_HUB,general_buyback,90_DAYS_PERFORMANCE_EXPORT,2026-04-07,2026-07-06,0,15,19.00,0,20,35,B_PRESERVE_IMPROVE,UNREGISTERED_OR_PRIVATE,PRESERVE_AND_REBUILD_CORE_HUB,,NONE,docs/gsc/rerubsue_gsc_recovery_plan_2026-07-06.xlsx+NONE,Foundational IT category money hub
/รับซื้อmacbook-ขอนแก่น/,รับซื้อmacbook ขอนแก่น รับซื้อแม็คบุ๊ค,LOCAL_MONEY,macbook,UNKNOWN,,,,,,,10,85,D_RETIRE,UNREGISTERED_OR_PRIVATE,FUTURE_RETIREMENT_APPROVAL_REQUIRED,,NONE,NONE+NONE,Zero search equity thin duplicate post
/รับซื้อmacbook-ชุมแพร-ขอนแก่น/,รับซื้อmacbook ชุมแพร ขอนแก่น รับซื้อแม็คบุ๊คในจังหวัดขอนแก่น,LOCAL_MONEY,macbook,UNKNOWN,,,,,,,10,85,D_RETIRE,UNREGISTERED_OR_PRIVATE,FUTURE_RETIREMENT_APPROVAL_REQUIRED,,NONE,NONE+NONE,Zero search equity thin duplicate post
/รับซื้อmacbook-อำเภอพล-ขอนแก่น/,รับซื้อmacbook อำเภอพล ขอนแก่น รับซื้อแม็คบุ๊คในจังหวัดขอนแก่น,LOCAL_MONEY,macbook,UNKNOWN,,,,,,,10,85,D_RETIRE,HOLD_NOINDEX_200,FUTURE_RETIREMENT_APPROVAL_REQUIRED,,,NONE+legacy-posts,Zero search equity thin duplicate post
/รับซื้อmacbook-อุดรธานี/,รับซื้อmacbook ใกล้ฉัน อุดรธานี รับถึงที่ราคาดีที่สุด รับซื้อแม็คบุ๊คอุดร,LOCAL_MONEY,macbook,90_DAYS_PERFORMANCE_EXPORT,2026-04-07,2026-07-06,4,34,10.41,4,50,85,A_PRESERVE_REWRITE,UNREGISTERED_OR_PRIVATE,PRESERVE_REWRITE_CONTENT,,NONE,docs/gsc/rerubsue_gsc_recovery_plan_2026-07-06.xlsx+NONE,High-equity historical IT search winner; keep exact public URL and rewrite content
/รับซื้อmacbook-ใกล้ฉัน-ขอนแก่น/,รับซื้อmacbook ใกล้ฉัน ขอนแก่น,LOCAL_MONEY,macbook,UNKNOWN,,,,,,,10,85,D_RETIRE,HOLD_NOINDEX_200,FUTURE_RETIREMENT_APPROVAL_REQUIRED,,,NONE+legacy-posts,Zero search equity thin duplicate post
/รับซื้อmacbookขอนแก่น/,รับซื้อmacbookขอนแก่น รับซื้อแม็คบุ๊คในจังหวัดขอนแก่น,LOCAL_MONEY,macbook,UNKNOWN,,,,,,,10,85,D_RETIRE,HOLD_NOINDEX_200,FUTURE_RETIREMENT_APPROVAL_REQUIRED,,,NONE+legacy-posts,Zero search equity thin duplicate post
/รับซื้อกมลาไสย/,UNKNOWN,MONEY_HUB,general_buyback,90_DAYS_PERFORMANCE_EXPORT,2026-04-07,2026-07-06,4,70,9.71,4,60,35,E_REVIEW,UNREGISTERED_OR_PRIVATE,OWNER_REVIEW_REQUIRED,,NONE,docs/gsc/rerubsue_gsc_recovery_plan_2026-07-06.xlsx+NONE,Residual historical traffic (4 clicks) requiring explicit stakeholder decision
/รับซื้อกระดาษ-a4/,UNKNOWN,MONEY_HUB,general_buyback,UNKNOWN,,,,,,,10,35,D_RETIRE,GONE_410,MAINTAIN_GONE_410,,,NONE+gone-paths.ts,Authoritative runtime GONE 410 route
/รับซื้อกล้อง-canon-2/,รับซื้อกล้อง canon แคนนอน m50 m50 mark ii m100 m200,MONEY_HUB,camera,UNKNOWN,,,,,,,40,85,D_RETIRE,HOLD_NOINDEX_200,FUTURE_RETIREMENT_APPROVAL_REQUIRED,,HOLD_NOINDEX,NONE+survivor-hold,Thin secondary survivor without standalone demand; planned for retirement
/รับซื้อกล้อง-canon-eos-rp/,UNKNOWN,MONEY_HUB,camera,UNKNOWN,,,,,,,10,85,D_RETIRE,UNREGISTERED_OR_PRIVATE,FUTURE_RETIREMENT_APPROVAL_REQUIRED,,NONE,NONE+NONE,Zero search equity thin duplicate post
/รับซื้อกล้อง-canon/,รับซื้อกล้อง Canon แคนนอน กล้องมือสอง ให้ราคาดี มีทีมงานไปรับถึงที่,MONEY_HUB,camera,UNKNOWN,,,,,,,40,85,D_RETIRE,UNREGISTERED_OR_PRIVATE,FUTURE_RETIREMENT_APPROVAL_REQUIRED,,HOLD_NOINDEX,NONE+survivor-rebuild,Thin secondary survivor without standalone demand; planned for retirement
/รับซื้อกล้อง-fujifilm-x-a-5/,รับซื้อกล้อง Fujifilm X A 5 | รับซื้อกล้องฟูจิฟิล์ม X-A5,MONEY_HUB,camera,UNKNOWN,,,,,,,10,85,D_RETIRE,HOLD_NOINDEX_200,FUTURE_RETIREMENT_APPROVAL_REQUIRED,,,NONE+legacy-posts,Zero search equity thin duplicate post
/รับซื้อกล้อง-fujifilm-x-a3-รับซื้อ/,รับซื้อกล้อง Fujifilm X-A3 | รับซื้อกล้องฟูจิฟิล์ม X-A3,MONEY_HUB,camera,90_DAYS_PERFORMANCE_EXPORT,2026-04-07,2026-07-06,0,21,15.24,0,35,85,D_RETIRE,HOLD_NOINDEX_200,FUTURE_RETIREMENT_APPROVAL_REQUIRED,,,docs/gsc/rerubsue_gsc_recovery_plan_2026-07-06.xlsx+legacy-posts,Zero search equity thin duplicate post
/รับซื้อกล้อง-fujifilm-x-a7-รับซื้อ/,รับซื้อกล้อง Fujifilm X-A7 | รับซื้อกล้องฟูจิฟิล์ม X-A7,MONEY_HUB,camera,UNKNOWN,,,,,,,10,85,D_RETIRE,HOLD_NOINDEX_200,FUTURE_RETIREMENT_APPROVAL_REQUIRED,,,NONE+legacy-posts,Zero search equity thin duplicate post
/รับซื้อกล้อง-fujifilm-x-t100/,รับซื้อกล้อง Fujifilm X-T100,MONEY_HUB,camera,UNKNOWN,,,,,,,10,85,D_RETIRE,HOLD_NOINDEX_200,FUTURE_RETIREMENT_APPROVAL_REQUIRED,,,NONE+legacy-posts,Zero search equity thin duplicate post
/รับซื้อกล้อง-fujifilm-x-t200-รับซื้อ/,รับซื้อกล้อง Fujifilm X-T200 | รับซื้อกล้องฟูจิฟิล์ม X-T200,MONEY_HUB,camera,UNKNOWN,,,,,,,10,85,D_RETIRE,HOLD_NOINDEX_200,FUTURE_RETIREMENT_APPROVAL_REQUIRED,,,NONE+legacy-posts,Zero search equity thin duplicate post
/รับซื้อกล้อง-fujifilm-ฟูจิฟิล์ม/,รับซื้อกล้อง Fujifilm ฟูจิฟิล์ม รับซื้อกล้องมือสอง ให้ราคาสูงที่สุด พร้อมรับถึงที่,MONEY_HUB,camera,90_DAYS_PERFORMANCE_EXPORT,2026-04-07,2026-07-06,4,78,11.51,4,50,85,A_PRESERVE_REWRITE,HOLD_NOINDEX_200,PRESERVE_REWRITE_CONTENT,,,docs/gsc/rerubsue_gsc_recovery_plan_2026-07-06.xlsx+legacy-posts,High-equity historical IT search winner; keep exact public URL and rewrite content
/รับซื้อกล้อง-fujifilm/,รับซื้อกล้อง Fujifilm รับซื้อกล้องฟูจิฟิล์ม ทุกรุ่น ให้ราคาสูง,MONEY_HUB,camera,UNKNOWN,,,,,,,10,85,D_RETIRE,HOLD_NOINDEX_200,FUTURE_RETIREMENT_APPROVAL_REQUIRED,,,NONE+legacy-posts,Zero search equity thin duplicate post
/รับซื้อกล้อง-mirrorless/,รับซื้อกล้อง mirrorless ทุกยี่ห้อ ยิ่งเยอะยิ่งดี ให้ราคาสูง,MONEY_HUB,camera,UNKNOWN,,,,,,,10,85,D_RETIRE,HOLD_NOINDEX_200,FUTURE_RETIREMENT_APPROVAL_REQUIRED,,,NONE+legacy-posts,Zero search equity thin duplicate post
/รับซื้อกล้อง-nikon-รับซื้อกล/,รับซื้อกล้อง Nikon รับซื้อกล้องนิคอน กล้องมือสอง รับซื้อให้ราคาสูง ไม่กดราค,MONEY_HUB,camera,UNKNOWN,,,,,,,40,85,D_RETIRE,UNREGISTERED_OR_PRIVATE,FUTURE_RETIREMENT_APPROVAL_REQUIRED,,HOLD_NOINDEX,NONE+survivor-rebuild,Thin secondary survivor without standalone demand; planned for retirement
/รับซื้อกล้อง-panasonic/,UNKNOWN,MONEY_HUB,camera,UNKNOWN,,,,,,,10,85,D_RETIRE,UNREGISTERED_OR_PRIVATE,FUTURE_RETIREMENT_APPROVAL_REQUIRED,,NONE,NONE+NONE,Zero search equity thin duplicate post
/รับซื้อกล้อง-sony-a6400/,รับซื้อกล้อง Sony a6400 | รับซื้อกล้องโซนี้ a6400 | รับซื้อกล้อง sony,MONEY_HUB,camera,UNKNOWN,,,,,,,40,85,D_RETIRE,UNREGISTERED_OR_PRIVATE,FUTURE_RETIREMENT_APPROVAL_REQUIRED,,HOLD_NOINDEX,NONE+survivor-rebuild,Thin secondary survivor without standalone demand; planned for retirement
/รับซื้อกล้อง-sony-a7/,รับซื้อกล้อง sony a7 | sony a7 ii | sony a7c | รับซื้อกล้อง sony ทุกรุ่น ทั่วประเทศ,MONEY_HUB,camera,UNKNOWN,,,,,,,40,85,D_RETIRE,HOLD_NOINDEX_200,FUTURE_RETIREMENT_APPROVAL_REQUIRED,,HOLD_NOINDEX,NONE+survivor-hold,Thin secondary survivor without standalone demand; planned for retirement
/รับซื้อกล้อง-sony-rx100/,รับซื้อกล้อง Sony RX100 M6 | Sony RX100 M5 | รับซื้อกล้อง sony rx100 m7,MONEY_HUB,camera,UNKNOWN,,,,,,,40,85,D_RETIRE,HOLD_NOINDEX_200,FUTURE_RETIREMENT_APPROVAL_REQUIRED,,HOLD_NOINDEX,NONE+survivor-hold,Thin secondary survivor without standalone demand; planned for retirement
/รับซื้อกล้อง-sony/,รับซื้อกล้อง Sony โซนี่ รับซื้อกล้อง ทุกรุ่น กล้องมือสอง,MONEY_HUB,camera,90_DAYS_PERFORMANCE_EXPORT,2026-04-07,2026-07-06,2,19,19.16,2,50,85,E_REVIEW,HOLD_NOINDEX_200,OWNER_REVIEW_REQUIRED,,,docs/gsc/rerubsue_gsc_recovery_plan_2026-07-06.xlsx+legacy-posts,Residual historical traffic (2 clicks) requiring explicit stakeholder decision
/รับซื้อกล้อง-กาญจนบุรี/,ด่วน! รับซื้อกล้องมือสองในเขตกาญจนบุรี เช็คราคาฟรี ได้เงินทันที สู้ทุกราคา,MONEY_HUB,camera,UNKNOWN,,,,,,,10,85,D_RETIRE,HOLD_NOINDEX_200,FUTURE_RETIREMENT_APPROVAL_REQUIRED,,,NONE+legacy-posts,Zero search equity thin duplicate post
/รับซื้อกล้อง-กาฬสินธุ์/,กาฬสินธุ์ รับซื้อกล้อง สู้ทุกราคา บริการรับถึงที่ จ่ายสด ไม่กดราคา ปลอดภัย 100%,MONEY_HUB,camera,UNKNOWN,,,,,,,10,85,D_RETIRE,HOLD_NOINDEX_200,FUTURE_RETIREMENT_APPROVAL_REQUIRED,,,NONE+legacy-posts,Zero search equity thin duplicate post
/รับซื้อกล้อง-กำแพงเพชร/,เปลี่ยนกล้องเก่าเป็นเงินสดที่กำแพงเพชร ตีราคาไว โอนเงินหน้างาน บริการรับถึงบ้าน,MONEY_HUB,camera,UNKNOWN,,,,,,,10,85,D_RETIRE,HOLD_NOINDEX_200,FUTURE_RETIREMENT_APPROVAL_REQUIRED,,,NONE+legacy-posts,Zero search equity thin duplicate post
/รับซื้อกล้อง-ขอนแก่น/,ขอนแก่น รับซื้อกล้อง สู้ทุกราคา บริการรับถึงที่ จ่ายสด ไม่กดราคา ปลอดภัย 100%,LOCAL_MONEY,camera,UNKNOWN,,,,,,,10,85,D_RETIRE,HOLD_NOINDEX_200,FUTURE_RETIREMENT_APPROVAL_REQUIRED,,,NONE+legacy-posts,Zero search equity thin duplicate post
/รับซื้อกล้อง-ฉะเชิงเทรา/,รับซื้อกล้อง ฉะเชิงเทรา ด่วนที่สุด ให้ราคาสูง รับถึงที่ จ่ายเงินสด 100%,MONEY_HUB,camera,UNKNOWN,,,,,,,10,85,D_RETIRE,HOLD_NOINDEX_200,FUTURE_RETIREMENT_APPROVAL_REQUIRED,,,NONE+legacy-posts,Zero search equity thin duplicate post
/รับซื้อกล้อง-ชลบุรี/,หาร้านรับซื้อกล้อง ชลบุรี? เราให้ราคาสูงสุด มีบริการ On-Site โอนไวหน้างาน,MONEY_HUB,camera,UNKNOWN,,,,,,,10,85,D_RETIRE,HOLD_NOINDEX_200,FUTURE_RETIREMENT_APPROVAL_REQUIRED,,,NONE+legacy-posts,Zero search equity thin duplicate post
/รับซื้อกล้อง-ชุมพร/,หาร้านรับซื้อกล้อง ชุมพร? เราให้ราคาสูงสุด มีบริการ On-Site โอนไวหน้างาน,MONEY_HUB,camera,UNKNOWN,,,,,,,10,85,D_RETIRE,HOLD_NOINDEX_200,FUTURE_RETIREMENT_APPROVAL_REQUIRED,,,NONE+legacy-posts,Zero search equity thin duplicate post
/รับซื้อกล้อง-ตรัง/,รับซื้อกล้อง ตรัง ด่วนที่สุด ให้ราคาสูง รับถึงที่ จ่ายเงินสด 100%,MONEY_HUB,camera,UNKNOWN,,,,,,,10,85,D_RETIRE,HOLD_NOINDEX_200,FUTURE_RETIREMENT_APPROVAL_REQUIRED,,,NONE+legacy-posts,Zero search equity thin duplicate post
/รับซื้อกล้อง-ตราด/,ตราด รับซื้อกล้อง สู้ทุกราคา บริการรับถึงที่ จ่ายสด ไม่กดราคา ปลอดภัย 100%,MONEY_HUB,camera,UNKNOWN,,,,,,,10,85,D_RETIRE,HOLD_NOINDEX_200,FUTURE_RETIREMENT_APPROVAL_REQUIRED,,,NONE+legacy-posts,Zero search equity thin duplicate post
/รับซื้อกล้อง-ตาก/,รับซื้อกล้อง ตาก ด่วนที่สุด ให้ราคาสูง รับถึงที่ จ่ายเงินสด 100%,MONEY_HUB,camera,UNKNOWN,,,,,,,10,85,D_RETIRE,HOLD_NOINDEX_200,FUTURE_RETIREMENT_APPROVAL_REQUIRED,,,NONE+legacy-posts,Zero search equity thin duplicate post
/รับซื้อกล้อง-นครปฐม/,เปลี่ยนกล้องเก่าเป็นเงินสดที่นครปฐม ตีราคาไว โอนเงินหน้างาน บริการรับถึงบ้าน,MONEY_HUB,camera,UNKNOWN,,,,,,,10,85,D_RETIRE,HOLD_NOINDEX_200,FUTURE_RETIREMENT_APPROVAL_REQUIRED,,,NONE+legacy-posts,Zero search equity thin duplicate post
/รับซื้อกล้อง-นครพนม-บริก/,รับซื้อกล้อง นครพนม บริการรับซื้อถึงบ้านให้ราคาสูง,MONEY_HUB,camera,UNKNOWN,,,,,,,10,85,D_RETIRE,HOLD_NOINDEX_200,FUTURE_RETIREMENT_APPROVAL_REQUIRED,,,NONE+legacy-posts,Zero search equity thin duplicate post
/รับซื้อกล้อง-น่าน/,น่าน รับซื้อกล้อง สู้ทุกราคา บริการรับถึงที่ จ่ายสด ไม่กดราคา ปลอดภัย 100%,MONEY_HUB,camera,UNKNOWN,,,,,,,10,85,D_RETIRE,HOLD_NOINDEX_200,FUTURE_RETIREMENT_APPROVAL_REQUIRED,,,NONE+legacy-posts,Zero search equity thin duplicate post
/รับซื้อกล้อง-ปราจีนบุรี/,รับซื้อกล้อง ปราจีนบุรี ด่วนที่สุด ให้ราคาสูง รับถึงที่ จ่ายเงินสด 100%,MONEY_HUB,camera,UNKNOWN,,,,,,,10,85,D_RETIRE,HOLD_NOINDEX_200,FUTURE_RETIREMENT_APPROVAL_REQUIRED,,,NONE+legacy-posts,Zero search equity thin duplicate post
/รับซื้อกล้อง-พังงา/,รับซื้อกล้อง พังงา ด่วนที่สุด ให้ราคาสูง รับถึงที่ จ่ายเงินสด 100%,MONEY_HUB,camera,UNKNOWN,,,,,,,10,85,D_RETIRE,HOLD_NOINDEX_200,FUTURE_RETIREMENT_APPROVAL_REQUIRED,,,NONE+legacy-posts,Zero search equity thin duplicate post
/รับซื้อกล้อง-พิษณุโลก/,ด่วน! รับซื้อกล้องมือสองในเขตพิษณุโลก เช็คราคาฟรี ได้เงินทันที สู้ทุกราคา,MONEY_HUB,camera,UNKNOWN,,,,,,,10,85,D_RETIRE,HOLD_NOINDEX_200,FUTURE_RETIREMENT_APPROVAL_REQUIRED,,,NONE+legacy-posts,Zero search equity thin duplicate post
/รับซื้อกล้อง-ภูเก็ต/,รับซื้อกล้อง ภูเก็ต ด่วนที่สุด ให้ราคาสูง รับถึงที่ จ่ายเงินสด 100%,MONEY_HUB,camera,UNKNOWN,,,,,,,10,85,D_RETIRE,HOLD_NOINDEX_200,FUTURE_RETIREMENT_APPROVAL_REQUIRED,,,NONE+legacy-posts,Zero search equity thin duplicate post
/รับซื้อกล้อง-มหาสารคาม/,รับซื้อกล้อง มหาสารคาม กล้อง Fujifilm รับซื้อถึงที่บ้าน ให้ราคาสูงที่สุด,MONEY_HUB,camera,UNKNOWN,,,,,,,10,85,D_RETIRE,HOLD_NOINDEX_200,FUTURE_RETIREMENT_APPROVAL_REQUIRED,,,NONE+legacy-posts,Zero search equity thin duplicate post
/รับซื้อกล้อง-ยะลา/,ขายกล้องด่วน ยะลา ที่ไหนดี? WE BUY ให้ราคาสูง จ่ายเงินสดทันใจ รับถึงหน้าบ้าน,MONEY_HUB,camera,UNKNOWN,,,,,,,10,85,D_RETIRE,HOLD_NOINDEX_200,FUTURE_RETIREMENT_APPROVAL_REQUIRED,,,NONE+legacy-posts,Zero search equity thin duplicate post
/รับซื้อกล้อง-ยโสธร/,หาร้านรับซื้อกล้อง ยโสธร? เราให้ราคาสูงสุด มีบริการ On-Site โอนไวหน้างาน,LOCAL_MONEY,camera,90_DAYS_PERFORMANCE_EXPORT,2026-04-07,2026-07-06,4,50,7.54,4,60,85,A_PRESERVE_REWRITE,HOLD_NOINDEX_200,PRESERVE_REWRITE_CONTENT,,,docs/gsc/rerubsue_gsc_recovery_plan_2026-07-06.xlsx+legacy-posts,High-equity historical IT search winner; keep exact public URL and rewrite content
/รับซื้อกล้อง-ระนอง/,ขายกล้องด่วน ระนอง ที่ไหนดี? WE BUY ให้ราคาสูง จ่ายเงินสดทันใจ รับถึงหน้าบ้าน,MONEY_HUB,camera,UNKNOWN,,,,,,,10,85,D_RETIRE,HOLD_NOINDEX_200,FUTURE_RETIREMENT_APPROVAL_REQUIRED,,,NONE+legacy-posts,Zero search equity thin duplicate post
/รับซื้อกล้อง-รับซื้อกล้/,รับซื้อกล้อง รับซื้อกล้องเลนส์ รับซื้อกล้องทั่วประเทศ,MONEY_HUB,camera,UNKNOWN,,,,,,,30,85,C_301_CONSOLIDATE,ACTIVE_REDIRECT_301,MAINTAIN_ACTIVE_REDIRECT,/รับซื้อกล้อง/,NEW_REDIRECT,NONE+survivor-hold,Active migration redirect rule targeting /รับซื้อกล้อง/
/รับซื้อกล้อง-รับซื้อเลน/,รับซื้อกล้อง รับซื้อเลนส์กล้อง ให้ราคาสูง อันดับ 1,MONEY_HUB,camera,UNKNOWN,,,,,,,40,85,D_RETIRE,HOLD_NOINDEX_200,FUTURE_RETIREMENT_APPROVAL_REQUIRED,,HOLD_NOINDEX,NONE+survivor-hold,Thin secondary survivor without standalone demand; planned for retirement
/รับซื้อกล้อง-ร้อยเอ็ด/,รับซื้อกล้อง ร้อยเอ็ด รับซื้อกล้องถ่ายรูป บริการรับซื้อถึงที่ ให้ราคาดีที่สุด,MONEY_HUB,camera,UNKNOWN,,,,,,,10,85,D_RETIRE,UNREGISTERED_OR_PRIVATE,FUTURE_RETIREMENT_APPROVAL_REQUIRED,,NONE,NONE+NONE,Zero search equity thin duplicate post
/รับซื้อกล้อง-ศรีสะเกษ/,ขายกล้องด่วน ศรีสะเกษ ที่ไหนดี? WE BUY ให้ราคาสูง จ่ายเงินสดทันใจ รับถึงหน้าบ้าน,LOCAL_MONEY,camera,UNKNOWN,,,,,,,10,85,D_RETIRE,HOLD_NOINDEX_200,FUTURE_RETIREMENT_APPROVAL_REQUIRED,,,NONE+legacy-posts,Zero search equity thin duplicate post
/รับซื้อกล้อง-สกลนคร/,รับซื้อกล้อง สกลนคร ด่วนที่สุด ให้ราคาสูง รับถึงที่ จ่ายเงินสด 100%,MONEY_HUB,camera,UNKNOWN,,,,,,,10,85,D_RETIRE,HOLD_NOINDEX_200,FUTURE_RETIREMENT_APPROVAL_REQUIRED,,,NONE+legacy-posts,Zero search equity thin duplicate post
/รับซื้อกล้อง-สมุทรสงคราม/,เปลี่ยนกล้องเก่าเป็นเงินสดที่สมุทรสงคราม ตีราคาไว โอนเงินหน้างาน บริการรับถึงบ้าน,MONEY_HUB,camera,UNKNOWN,,,,,,,10,85,D_RETIRE,HOLD_NOINDEX_200,FUTURE_RETIREMENT_APPROVAL_REQUIRED,,,NONE+legacy-posts,Zero search equity thin duplicate post
/รับซื้อกล้อง-สมุทรสาคร/,สมุทรสาคร รับซื้อกล้อง สู้ทุกราคา บริการรับถึงที่ จ่ายสด ไม่กดราคา ปลอดภัย 100%,MONEY_HUB,camera,UNKNOWN,,,,,,,10,85,D_RETIRE,HOLD_NOINDEX_200,FUTURE_RETIREMENT_APPROVAL_REQUIRED,,,NONE+legacy-posts,Zero search equity thin duplicate post
/รับซื้อกล้อง-หนองบัวลำภู/,ด่วน! รับซื้อกล้องมือสองในเขตหนองบัวลำภู เช็คราคาฟรี ได้เงินทันที สู้ทุกราคา,MONEY_HUB,camera,UNKNOWN,,,,,,,10,85,D_RETIRE,HOLD_NOINDEX_200,FUTURE_RETIREMENT_APPROVAL_REQUIRED,,,NONE+legacy-posts,Zero search equity thin duplicate post
/รับซื้อกล้อง-อำเภอพ%/,UNKNOWN,MONEY_HUB,camera,90_DAYS_PERFORMANCE_EXPORT,2026-04-07,2026-07-06,0,0,0.00,0,20,85,D_RETIRE,UNREGISTERED_OR_PRIVATE,FUTURE_RETIREMENT_APPROVAL_REQUIRED,,NONE,docs/gsc/rerubsue_gsc_recovery_plan_2026-07-06.xlsx+NONE,Zero search equity thin duplicate post
/รับซื้อกล้อง-อุดรธานี/,รับซื้อกล้อง อุดรธานี กล้อง Fujifilm รับซื้อถึงที่บ้าน ให้ราคาสูงที่สุด รับซื้อกล้องใกล้ฉัน,LOCAL_MONEY,camera,90_DAYS_PERFORMANCE_EXPORT,2026-04-07,2026-07-06,3,46,13.59,3,50,85,E_REVIEW,HOLD_NOINDEX_200,OWNER_REVIEW_REQUIRED,,,docs/gsc/rerubsue_gsc_recovery_plan_2026-07-06.xlsx+legacy-posts,Residual historical traffic (3 clicks) requiring explicit stakeholder decision
/รับซื้อกล้อง-อุทัยธานี/,หาร้านรับซื้อกล้อง อุทัยธานี? เราให้ราคาสูงสุด มีบริการ On-Site โอนไวหน้างาน,MONEY_HUB,camera,UNKNOWN,,,,,,,10,85,D_RETIRE,HOLD_NOINDEX_200,FUTURE_RETIREMENT_APPROVAL_REQUIRED,,,NONE+legacy-posts,Zero search equity thin duplicate post
/รับซื้อกล้อง-อ่างทอง/,ด่วน! รับซื้อกล้องมือสองในเขตอ่างทอง เช็คราคาฟรี ได้เงินทันที สู้ทุกราคา,MONEY_HUB,camera,90_DAYS_PERFORMANCE_EXPORT,2026-04-07,2026-07-06,0,1,10.00,0,30,85,D_RETIRE,HOLD_NOINDEX_200,FUTURE_RETIREMENT_APPROVAL_REQUIRED,,,docs/gsc/rerubsue_gsc_recovery_plan_2026-07-06.xlsx+legacy-posts,Zero search equity thin duplicate post
/รับซื้อกล้อง-เขตบาง%/,UNKNOWN,MONEY_HUB,camera,90_DAYS_PERFORMANCE_EXPORT,2026-04-07,2026-07-06,0,0,0.00,0,20,85,D_RETIRE,UNREGISTERED_OR_PRIVATE,FUTURE_RETIREMENT_APPROVAL_REQUIRED,,NONE,docs/gsc/rerubsue_gsc_recovery_plan_2026-07-06.xlsx+NONE,Zero search equity thin duplicate post
/รับซื้อกล้อง-เขตวัฒ%/,UNKNOWN,MONEY_HUB,camera,90_DAYS_PERFORMANCE_EXPORT,2026-04-07,2026-07-06,0,0,0.00,0,20,85,D_RETIRE,UNREGISTERED_OR_PRIVATE,FUTURE_RETIREMENT_APPROVAL_REQUIRED,,NONE,docs/gsc/rerubsue_gsc_recovery_plan_2026-07-06.xlsx+NONE,Zero search equity thin duplicate post
/รับซื้อกล้อง-เชียงราย/,ขายกล้องด่วน เชียงราย ที่ไหนดี? WE BUY ให้ราคาสูง จ่ายเงินสดทันใจ รับถึงหน้าบ้าน,MONEY_HUB,camera,UNKNOWN,,,,,,,10,85,D_RETIRE,HOLD_NOINDEX_200,FUTURE_RETIREMENT_APPROVAL_REQUIRED,,,NONE+legacy-posts,Zero search equity thin duplicate post
/รับซื้อกล้อง-เชียงใหม่/,ด่วน! รับซื้อกล้องมือสองในเขตเชียงใหม่ เช็คราคาฟรี ได้เงินทันที สู้ทุกราคา,MONEY_HUB,camera,UNKNOWN,,,,,,,10,85,D_RETIRE,HOLD_NOINDEX_200,FUTURE_RETIREMENT_APPROVAL_REQUIRED,,,NONE+legacy-posts,Zero search equity thin duplicate post
/รับซื้อกล้อง-เพชรบุรี/,เพชรบุรี รับซื้อกล้อง สู้ทุกราคา บริการรับถึงที่ จ่ายสด ไม่กดราคา ปลอดภัย 100%,MONEY_HUB,camera,UNKNOWN,,,,,,,10,85,D_RETIRE,HOLD_NOINDEX_200,FUTURE_RETIREMENT_APPROVAL_REQUIRED,,,NONE+legacy-posts,Zero search equity thin duplicate post
/รับซื้อกล้อง-แพร่/,แพร่ รับซื้อกล้อง สู้ทุกราคา บริการรับถึงที่ จ่ายสด ไม่กดราคา ปลอดภัย 100%,MONEY_HUB,camera,UNKNOWN,,,,,,,10,85,D_RETIRE,HOLD_NOINDEX_200,FUTURE_RETIREMENT_APPROVAL_REQUIRED,,,NONE+legacy-posts,Zero search equity thin duplicate post
/รับซื้อกล้อง-ใกล้ฉัน/,รับซื้อกล้อง ใกล้ฉัน | รับซื้อกล้องเลนส์มือสอง รับถึงหน้าบ้าน,MONEY_HUB,camera,UNKNOWN,,,,,,,40,85,D_RETIRE,UNREGISTERED_OR_PRIVATE,FUTURE_RETIREMENT_APPROVAL_REQUIRED,,HOLD_NOINDEX,NONE+redirects,Thin secondary survivor without standalone demand; planned for retirement
/รับซื้อกล้อง-ให้ราคาสูง/,รับซื้อกล้อง ให้ราคาสูง รับประกันไม่กดราคา,MONEY_HUB,camera,UNKNOWN,,,,,,,30,85,C_301_CONSOLIDATE,ACTIVE_REDIRECT_301,MAINTAIN_ACTIVE_REDIRECT,/รับซื้อกล้อง/,NEW_REDIRECT,NONE+survivor-hold,Active migration redirect rule targeting /รับซื้อกล้อง/
/รับซื้อกล้อง-ได้เงินทัน/,UNKNOWN,MONEY_HUB,camera,UNKNOWN,,,,,,,10,85,D_RETIRE,UNREGISTERED_OR_PRIVATE,FUTURE_RETIREMENT_APPROVAL_REQUIRED,,NONE,NONE+NONE,Zero search equity thin duplicate post
/รับซื้อกล้อง/,UNKNOWN,MONEY_HUB,camera,90_DAYS_PERFORMANCE_EXPORT,2026-04-07,2026-07-06,2,57,28.75,2,50,100,B_PRESERVE_IMPROVE,UNREGISTERED_OR_PRIVATE,PRESERVE_AND_REBUILD_CORE_HUB,,NONE,docs/gsc/rerubsue_gsc_recovery_plan_2026-07-06.xlsx+NONE,Foundational IT category money hub
/รับซื้อกล้องกล้อง-olympus/,รับซื้อกล้องกล้อง Olympus โอลิมปัส รับซื้อกล้องมือสองทุกยี่ห้อ ทุกรุ่น,MONEY_HUB,camera,90_DAYS_PERFORMANCE_EXPORT,2026-04-07,2026-07-06,0,4,11.50,0,20,85,D_RETIRE,HOLD_NOINDEX_200,FUTURE_RETIREMENT_APPROVAL_REQUIRED,,,docs/gsc/rerubsue_gsc_recovery_plan_2026-07-06.xlsx+legacy-posts,Zero search equity thin duplicate post
/รับซื้อกล้องถ่ายรูป-รั/,รับซื้อกล้องถ่ายรูป | รับซื้อกล้องดิจิติล | รับซื้อกล้อง dslr | รับซื้อกล้อง mirrorless ทุกยี่ห้อ ยิ่งเยอะยิ่งดี ให้ราคาสูง,MONEY_HUB,camera,UNKNOWN,,,,,,,10,85,D_RETIRE,HOLD_NOINDEX_200,FUTURE_RETIREMENT_APPROVAL_REQUIRED,,,NONE+legacy-posts,Zero search equity thin duplicate post
/รับซื้อกล้องถ่ายรูป-ศรี/,รับซื้อกล้องถ่ายรูป ศรีสะเกษ กล้องเลนส์ กล้องดิจิตอล,MONEY_HUB,camera,90_DAYS_PERFORMANCE_EXPORT,2026-04-07,2026-07-06,4,41,6.98,4,60,85,A_PRESERVE_REWRITE,HOLD_NOINDEX_200,PRESERVE_REWRITE_CONTENT,,,docs/gsc/rerubsue_gsc_recovery_plan_2026-07-06.xlsx+legacy-posts,High-equity historical IT search winner; keep exact public URL and rewrite content
/รับซื้อกล้องถ่ายรูป-อำน/,รับซื้อกล้องถ่ายรูป กล้องเลนส์ กล้องดิจิตอล อำนาจเจริญ,MONEY_HUB,camera,UNKNOWN,,,,,,,10,85,D_RETIRE,HOLD_NOINDEX_200,FUTURE_RETIREMENT_APPROVAL_REQUIRED,,,NONE+legacy-posts,Zero search equity thin duplicate post
/รับซื้อกล้องถ่ายรูป/,รับซื้อกล้องถ่ายรูป รับซื้อเลนส์กล้อง กล้องมือสอง กล้อง mirrorless,MONEY_HUB,camera,UNKNOWN,,,,,,,30,85,C_301_CONSOLIDATE,ACTIVE_REDIRECT_301,MAINTAIN_ACTIVE_REDIRECT,/รับซื้อกล้อง/,NEW_REDIRECT,NONE+survivor-rebuild,Active migration redirect rule targeting /รับซื้อกล้อง/
/รับซื้อกล้องถ่ายรูปจัง/,รับซื้อกล้องถ่ายรูปจังหวัดขอนแก่น | รับซื้อกล้อง ขอนแก่น,MONEY_HUB,camera,90_DAYS_PERFORMANCE_EXPORT,2026-04-07,2026-07-06,7,204,10.44,7,60,85,A_PRESERVE_REWRITE,HOLD_NOINDEX_200,PRESERVE_REWRITE_CONTENT,,,docs/gsc/rerubsue_gsc_recovery_plan_2026-07-06.xlsx+legacy-posts,High-equity historical IT search winner; keep exact public URL and rewrite content
/รับซื้อกล้องนครราชสีมา/,รับซื้อกล้องนครราชสีมา | รับซื้อกล้องเลนส์นครราชสีมา,MONEY_HUB,camera,UNKNOWN,,,,,,,40,85,D_RETIRE,HOLD_NOINDEX_200,FUTURE_RETIREMENT_APPROVAL_REQUIRED,,HOLD_NOINDEX,NONE+survivor-hold,Thin secondary survivor without standalone demand; planned for retirement
/รับซื้อกล้องฟูจิฟิล์ม-ข/,รับซื้อกล้องฟูจิฟิล์ม ขอนแก่น | รับซื้อกล้อง Fujifilm ขอนแก่น,MONEY_HUB,camera,UNKNOWN,,,,,,,10,85,D_RETIRE,HOLD_NOINDEX_200,FUTURE_RETIREMENT_APPROVAL_REQUIRED,,,NONE+legacy-posts,Zero search equity thin duplicate post
/รับซื้อกล้องมือสอง-กาฬ-2/,UNKNOWN,MONEY_HUB,camera,90_DAYS_PERFORMANCE_EXPORT,2026-04-07,2026-07-06,2,36,7.19,2,60,85,D_RETIRE,GONE_410,MAINTAIN_GONE_410,,,docs/gsc/rerubsue_gsc_recovery_plan_2026-07-06.xlsx+gone-paths.ts,Authoritative runtime GONE 410 route
/รับซื้อกล้องมือสอง-กาฬส/,รับซื้อกล้องมือสอง กาฬสินธุ์ ให้ราคาสูงที่สุด,MONEY_HUB,camera,90_DAYS_PERFORMANCE_EXPORT,2026-04-07,2026-07-06,1,10,9.60,1,60,85,E_REVIEW,HOLD_NOINDEX_200,OWNER_REVIEW_REQUIRED,,,docs/gsc/rerubsue_gsc_recovery_plan_2026-07-06.xlsx+legacy-posts,Residual historical traffic (1 clicks) requiring explicit stakeholder decision
/รับซื้อกล้องมือสอง-ขอน-2/,UNKNOWN,MONEY_HUB,camera,UNKNOWN,,,,,,,10,85,D_RETIRE,GONE_410,MAINTAIN_GONE_410,,,NONE+gone-paths.ts,Authoritative runtime GONE 410 route
/รับซื้อกล้องมือสอง-ขอนแ/,รับซื้อกล้องมือสอง ขอนแก่น ให้ราคาสูงที่สุด,MONEY_HUB,camera,UNKNOWN,,,,,,,10,85,D_RETIRE,HOLD_NOINDEX_200,FUTURE_RETIREMENT_APPROVAL_REQUIRED,,,NONE+legacy-posts,Zero search equity thin duplicate post
/รับซื้อกล้องมือสอง-บริก/,รับซื้อกล้องมือสอง บริการรับซื้อถึงหน้าบ้าน ทั่วประเทศ ให้ราคาสูง,MONEY_HUB,camera,90_DAYS_PERFORMANCE_EXPORT,2026-04-07,2026-07-06,8,140,26.64,8,60,85,A_PRESERVE_REWRITE,HOLD_NOINDEX_200,PRESERVE_REWRITE_CONTENT,,,docs/gsc/rerubsue_gsc_recovery_plan_2026-07-06.xlsx+legacy-posts,High-equity historical IT search winner; keep exact public URL and rewrite content
/รับซื้อกล้องมือสอง-บุรี/,UNKNOWN,MONEY_HUB,camera,UNKNOWN,,,,,,,30,85,C_301_CONSOLIDATE,ACTIVE_REDIRECT_301,MAINTAIN_ACTIVE_REDIRECT,/รับซื้อกล้อง/,,NONE+redirects,Active migration redirect rule targeting /รับซื้อกล้อง/
/รับซื้อกล้องมือสอง-มหาส/,รับซื้อกล้องมือสอง มหาสารคาม รับถึงที่ ให้ราคาสูง,MONEY_HUB,camera,90_DAYS_PERFORMANCE_EXPORT,2026-04-07,2026-07-06,2,109,10.75,2,50,85,E_REVIEW,HOLD_NOINDEX_200,OWNER_REVIEW_REQUIRED,,,docs/gsc/rerubsue_gsc_recovery_plan_2026-07-06.xlsx+legacy-posts,Residual historical traffic (2 clicks) requiring explicit stakeholder decision
/รับซื้อกล้องมือสอง-ยโสธ/,รับซื้อกล้องมือสอง ยโสธร ให้ราคาสูง รับถึงที่,MONEY_HUB,camera,UNKNOWN,,,,,,,10,85,D_RETIRE,HOLD_NOINDEX_200,FUTURE_RETIREMENT_APPROVAL_REQUIRED,,,NONE+legacy-posts,Zero search equity thin duplicate post
/รับซื้อกล้องมือสอง-ร้อ-2/,UNKNOWN,MONEY_HUB,camera,90_DAYS_PERFORMANCE_EXPORT,2026-04-07,2026-07-06,2,83,9.42,2,60,85,D_RETIRE,GONE_410,MAINTAIN_GONE_410,,,docs/gsc/rerubsue_gsc_recovery_plan_2026-07-06.xlsx+gone-paths.ts,Authoritative runtime GONE 410 route
/รับซื้อกล้องมือสอง-ร้อย/,รับซื้อกล้องมือสอง ร้อยเอ็ด ให้ราคาสูง รับถึงที่,MONEY_HUB,camera,UNKNOWN,,,,,,,10,85,D_RETIRE,HOLD_NOINDEX_200,FUTURE_RETIREMENT_APPROVAL_REQUIRED,,,NONE+legacy-posts,Zero search equity thin duplicate post
/รับซื้อกล้องมือสอง-ศรีส/,รับซื้อกล้องมือสอง ศรีสะเกษ ให้ราคาสูง รับถึงที่,MONEY_HUB,camera,UNKNOWN,,,,,,,10,85,D_RETIRE,HOLD_NOINDEX_200,FUTURE_RETIREMENT_APPROVAL_REQUIRED,,,NONE+legacy-posts,Zero search equity thin duplicate post
/รับซื้อกล้องมือสอง-อำน-2/,UNKNOWN,MONEY_HUB,camera,UNKNOWN,,,,,,,10,85,D_RETIRE,GONE_410,MAINTAIN_GONE_410,,,NONE+gone-paths.ts,Authoritative runtime GONE 410 route
/รับซื้อกล้องมือสอง-อำนา/,รับซื้อกล้องมือสอง อำนาจเจริญ ให้ราคาสูง รับถึงที่,MONEY_HUB,camera,90_DAYS_PERFORMANCE_EXPORT,2026-04-07,2026-07-06,0,2,9.00,0,30,85,D_RETIRE,HOLD_NOINDEX_200,FUTURE_RETIREMENT_APPROVAL_REQUIRED,,,docs/gsc/rerubsue_gsc_recovery_plan_2026-07-06.xlsx+legacy-posts,Zero search equity thin duplicate post
/รับซื้อกล้องมือสอง-อุดร/,รับซื้อกล้องมือสอง อุดรธานี ให้ราคาสูงที่สุด,LOCAL_MONEY,camera,UNKNOWN,,,,,,,10,85,D_RETIRE,HOLD_NOINDEX_200,FUTURE_RETIREMENT_APPROVAL_REQUIRED,,,NONE+legacy-posts,Zero search equity thin duplicate post
/รับซื้อกล้องมือสอง-อุบล/,รับซื้อกล้องมือสอง อุบลราชธานี ให้ราคาสูง,LOCAL_MONEY,camera,UNKNOWN,,,,,,,10,85,D_RETIRE,HOLD_NOINDEX_200,FUTURE_RETIREMENT_APPROVAL_REQUIRED,,,NONE+legacy-posts,Zero search equity thin duplicate post
/รับซื้อกล้องมือสอง-โครา/,รับซื้อกล้องมือสอง โคราช นครราชสีมา,MONEY_HUB,camera,UNKNOWN,,,,,,,10,85,D_RETIRE,HOLD_NOINDEX_200,FUTURE_RETIREMENT_APPROVAL_REQUIRED,,,NONE+legacy-posts,Zero search equity thin duplicate post
/รับซื้อกล้องมือสอง/,รับซื้อกล้องมือสอง,MONEY_HUB,camera,UNKNOWN,,,,,,,10,85,D_RETIRE,HOLD_NOINDEX_200,FUTURE_RETIREMENT_APPROVAL_REQUIRED,,,NONE+legacy-posts,Zero search equity thin duplicate post
/รับซื้อกล้องมือสองกาฬ/,รับซื้อกล้องมือสองกาฬสินธุ์ | รับซื้อกล้องเลนส์กาฬสินธุ์,MONEY_HUB,camera,UNKNOWN,,,,,,,40,85,D_RETIRE,HOLD_NOINDEX_200,FUTURE_RETIREMENT_APPROVAL_REQUIRED,,HOLD_NOINDEX,NONE+survivor-hold,Thin secondary survivor without standalone demand; planned for retirement
/รับซื้อกล้องมือสองขอนแ-2/,รับซื้อกล้องมือสองขอนแก่น โดย ร้านอำพล เทรดดิ้ง,MONEY_HUB,camera,UNKNOWN,,,,,,,10,85,D_RETIRE,HOLD_NOINDEX_200,FUTURE_RETIREMENT_APPROVAL_REQUIRED,,,NONE+legacy-posts,Zero search equity thin duplicate post
/รับซื้อกล้องมือสองขอนแ/,รับซื้อกล้องมือสองขอนแก่น | รับซื้อกล้องเลนส์ขอนแก่น | รับซื้อกล้องขอนแก่น,MONEY_HUB,camera,UNKNOWN,,,,,,,40,85,D_RETIRE,HOLD_NOINDEX_200,FUTURE_RETIREMENT_APPROVAL_REQUIRED,,HOLD_NOINDEX,NONE+survivor-hold,Thin secondary survivor without standalone demand; planned for retirement
/รับซื้อกล้องมือสองนครร/,รับซื้อกล้องมือสองนครราชสีมา รับซื้อกล้องมือสองโคราช,MONEY_HUB,camera,UNKNOWN,,,,,,,40,85,D_RETIRE,HOLD_NOINDEX_200,FUTURE_RETIREMENT_APPROVAL_REQUIRED,,HOLD_NOINDEX,NONE+survivor-hold,Thin secondary survivor without standalone demand; planned for retirement
/รับซื้อกล้องมือสองบึง/,รับซื้อกล้องมือสองบึงกาฬ | รับซื้อกล้องเลนส์บึงกาฬ,MONEY_HUB,camera,90_DAYS_PERFORMANCE_EXPORT,2026-04-07,2026-07-06,0,4,9.25,0,30,85,D_RETIRE,HOLD_NOINDEX_200,FUTURE_RETIREMENT_APPROVAL_REQUIRED,,HOLD_NOINDEX,docs/gsc/rerubsue_gsc_recovery_plan_2026-07-06.xlsx+survivor-hold,Thin secondary survivor without standalone demand; planned for retirement
/รับซื้อกล้องมือสองบุรี/,รับซื้อกล้องมือสองบุรีรัมย์ | รับซื้อกล้องเลนส์บุรีรัมย์,MONEY_HUB,camera,UNKNOWN,,,,,,,40,85,D_RETIRE,HOLD_NOINDEX_200,FUTURE_RETIREMENT_APPROVAL_REQUIRED,,HOLD_NOINDEX,NONE+survivor-hold,Thin secondary survivor without standalone demand; planned for retirement
/รับซื้อกล้องมือสองมหา/,รับซื้อกล้องมือสองมหาสารคาม | รับซื้อกล้องเลนส์มหาสารคาม,MONEY_HUB,camera,UNKNOWN,,,,,,,40,85,D_RETIRE,HOLD_NOINDEX_200,FUTURE_RETIREMENT_APPROVAL_REQUIRED,,HOLD_NOINDEX,NONE+survivor-hold,Thin secondary survivor without standalone demand; planned for retirement
/รับซื้อกล้องมือสองมุก/,รับซื้อกล้องมือสองมุกดาหาร | รับซื้อกล้องเลนส์มุกดาหาร,MONEY_HUB,camera,90_DAYS_PERFORMANCE_EXPORT,2026-04-07,2026-07-06,5,44,10.75,5,60,85,A_PRESERVE_REWRITE,HOLD_NOINDEX_200,PRESERVE_REWRITE_CONTENT,,REBUILD_INDEX,docs/gsc/rerubsue_gsc_recovery_plan_2026-07-06.xlsx+survivor-hold,High-equity historical IT search winner; keep exact public URL and rewrite content
/รับซื้อกล้องมือสองมุกด/,รับซื้อกล้องมือสองมุกดาหาร | รับซื้อกล้องเลนส์มุกดาหาร,MONEY_HUB,camera,UNKNOWN,,,,,,,40,85,D_RETIRE,HOLD_NOINDEX_200,FUTURE_RETIREMENT_APPROVAL_REQUIRED,,HOLD_NOINDEX,NONE+survivor-hold,Thin secondary survivor without standalone demand; planned for retirement
/รับซื้อกล้องมือสองยโสธ/,รับซื้อกล้องมือสองยโสธร | รับซื้อกล้องเลนส์ยโสธร,MONEY_HUB,camera,UNKNOWN,,,,,,,40,85,D_RETIRE,HOLD_NOINDEX_200,FUTURE_RETIREMENT_APPROVAL_REQUIRED,,HOLD_NOINDEX,NONE+survivor-hold,Thin secondary survivor without standalone demand; planned for retirement
/รับซื้อกล้องมือสองศรี/,รับซื้อกล้องมือสองศรีสะเกษ | รับซื้อกล้องเลนส์ศรีสะเกษ,MONEY_HUB,camera,UNKNOWN,,,,,,,40,85,D_RETIRE,HOLD_NOINDEX_200,FUTURE_RETIREMENT_APPROVAL_REQUIRED,,HOLD_NOINDEX,NONE+survivor-hold,Thin secondary survivor without standalone demand; planned for retirement
/รับซื้อกล้องมือสองสุร/,รับซื้อกล้องมือสองสุรินทร์ | รับซื้อกล้องเลนส์สุรินทร์,MONEY_HUB,camera,90_DAYS_PERFORMANCE_EXPORT,2026-04-07,2026-07-06,0,58,9.31,0,45,85,A_PRESERVE_REWRITE,HOLD_NOINDEX_200,PRESERVE_REWRITE_CONTENT,,REBUILD_INDEX,docs/gsc/rerubsue_gsc_recovery_plan_2026-07-06.xlsx+survivor-hold,High-equity historical IT search winner; keep exact public URL and rewrite content
/รับซื้อกล้องมือสองหนอ/,รับซื้อกล้องมือสองหนองคาย | รับซื้อกล้องเลนส์หนองคาย,MONEY_HUB,camera,UNKNOWN,,,,,,,40,85,D_RETIRE,HOLD_NOINDEX_200,FUTURE_RETIREMENT_APPROVAL_REQUIRED,,HOLD_NOINDEX,NONE+survivor-hold,Thin secondary survivor without standalone demand; planned for retirement
/รับซื้อกล้องมือสองอุดร/,รับซื้อกล้องมือสองอุดรธานี | รับซื้อกล้องเลนส์อุดร รับถึงบ้าน,LOCAL_MONEY,camera,UNKNOWN,,,,,,,40,85,D_RETIRE,HOLD_NOINDEX_200,FUTURE_RETIREMENT_APPROVAL_REQUIRED,,HOLD_NOINDEX,NONE+survivor-hold,Thin secondary survivor without standalone demand; planned for retirement
/รับซื้อกล้องมือสองอุบล/,รับซื้อกล้องมือสองอุบล | รับซื้อกล้องเลนส์ | รับซื้อกล้องมือสอง,LOCAL_MONEY,camera,UNKNOWN,,,,,,,40,85,D_RETIRE,HOLD_NOINDEX_200,FUTURE_RETIREMENT_APPROVAL_REQUIRED,,HOLD_NOINDEX,NONE+survivor-hold,Thin secondary survivor without standalone demand; planned for retirement
/รับซื้อกล้องอุบล-กล้องcanon-niko/,รับซื้อกล้องอุบล กล้องCanon Nikon Fujifilm Panasonic,LOCAL_MONEY,camera,90_DAYS_PERFORMANCE_EXPORT,2026-04-07,2026-07-06,4,91,10.44,4,50,85,A_PRESERVE_REWRITE,UNREGISTERED_OR_PRIVATE,PRESERVE_REWRITE_CONTENT,,NONE,docs/gsc/rerubsue_gsc_recovery_plan_2026-07-06.xlsx+NONE,High-equity historical IT search winner; keep exact public URL and rewrite content
/รับซื้อกล้องอุบล/,UNKNOWN,LOCAL_MONEY,camera,UNKNOWN,,,,,,,10,85,D_RETIRE,UNREGISTERED_OR_PRIVATE,FUTURE_RETIREMENT_APPROVAL_REQUIRED,,NONE,NONE+NONE,Zero search equity thin duplicate post
/รับซื้อกล้องเลนส์/,รับซื้อกล้องเลนส์ รับซื้อกล้องถ่ายรูป รับซื้อกล้องมือสอง,MONEY_HUB,camera,UNKNOWN,,,,,,,40,85,D_RETIRE,HOLD_NOINDEX_200,FUTURE_RETIREMENT_APPROVAL_REQUIRED,,HOLD_NOINDEX,NONE+survivor-hold,Thin secondary survivor without standalone demand; planned for retirement
/รับซื้อกันทรลักษ์/,UNKNOWN,MONEY_HUB,general_buyback,UNKNOWN,,,,,,,10,35,D_RETIRE,UNREGISTERED_OR_PRIVATE,FUTURE_RETIREMENT_APPROVAL_REQUIRED,,NONE,NONE+NONE,Zero search equity thin duplicate post
/รับซื้อกันทรวิชัย/,UNKNOWN,MONEY_HUB,general_buyback,UNKNOWN,,,,,,,10,35,D_RETIRE,UNREGISTERED_OR_PRIVATE,FUTURE_RETIREMENT_APPROVAL_REQUIRED,,NONE,NONE+NONE,Zero search equity thin duplicate post
/รับซื้อการ์ดจอ/,UNKNOWN,MONEY_HUB,computer,UNKNOWN,,,,,,,10,85,D_RETIRE,UNREGISTERED_OR_PRIVATE,FUTURE_RETIREMENT_APPROVAL_REQUIRED,,NONE,NONE+NONE,Zero search equity thin duplicate post
/รับซื้อการ์ดจอมือสอง-อ-10/,รับซื้อการ์ดจอมือสอง อำเภอหนองเสือ ปทุมธานี,MONEY_HUB,computer,UNKNOWN,,,,,,,10,85,D_RETIRE,HOLD_NOINDEX_200,FUTURE_RETIREMENT_APPROVAL_REQUIRED,,,NONE+legacy-posts,Zero search equity thin duplicate post
/รับซื้อการ์ดจอมือสอง-อ-11/,รับซื้อการ์ดจอมือสอง อำเภอลาดหลุมแก้ว ปทุมธานี,MONEY_HUB,computer,UNKNOWN,,,,,,,10,85,D_RETIRE,HOLD_NOINDEX_200,FUTURE_RETIREMENT_APPROVAL_REQUIRED,,,NONE+legacy-posts,Zero search equity thin duplicate post
/รับซื้อการ์ดจอมือสอง-อ-12/,รับซื้อการ์ดจอมือสอง อำเภอลำลูกกา ปทุมธานี,MONEY_HUB,computer,UNKNOWN,,,,,,,10,85,D_RETIRE,HOLD_NOINDEX_200,FUTURE_RETIREMENT_APPROVAL_REQUIRED,,,NONE+legacy-posts,Zero search equity thin duplicate post
/รับซื้อการ์ดจอมือสอง-อ-13/,รับซื้อการ์ดจอมือสอง อำเภอสามโคก ปทุมธานี,MONEY_HUB,computer,UNKNOWN,,,,,,,10,85,D_RETIRE,HOLD_NOINDEX_200,FUTURE_RETIREMENT_APPROVAL_REQUIRED,,,NONE+legacy-posts,Zero search equity thin duplicate post
/รับซื้อการ์ดจอมือสอง-อ-14/,รับซื้อการ์ดจอมือสอง อำเภอเมืองสมุทรปราการ สมุทรปราการ,MONEY_HUB,computer,UNKNOWN,,,,,,,10,85,D_RETIRE,HOLD_NOINDEX_200,FUTURE_RETIREMENT_APPROVAL_REQUIRED,,,NONE+legacy-posts,Zero search equity thin duplicate post
/รับซื้อการ์ดจอมือสอง-อ-15/,รับซื้อการ์ดจอมือสอง อำเภอบางพลี สมุทรปราการ,MONEY_HUB,computer,UNKNOWN,,,,,,,10,85,D_RETIRE,HOLD_NOINDEX_200,FUTURE_RETIREMENT_APPROVAL_REQUIRED,,,NONE+legacy-posts,Zero search equity thin duplicate post
/รับซื้อการ์ดจอมือสอง-อ-16/,รับซื้อการ์ดจอมือสอง อำเภอบางบ่อ สมุทรปราการ,MONEY_HUB,computer,UNKNOWN,,,,,,,10,85,D_RETIRE,HOLD_NOINDEX_200,FUTURE_RETIREMENT_APPROVAL_REQUIRED,,,NONE+legacy-posts,Zero search equity thin duplicate post
/รับซื้อการ์ดจอมือสอง-อ-17/,รับซื้อการ์ดจอมือสอง อำเภอพระประแดง สมุทรปราการ,MONEY_HUB,computer,UNKNOWN,,,,,,,10,85,D_RETIRE,HOLD_NOINDEX_200,FUTURE_RETIREMENT_APPROVAL_REQUIRED,,,NONE+legacy-posts,Zero search equity thin duplicate post
/รับซื้อการ์ดจอมือสอง-อ-18/,รับซื้อการ์ดจอมือสอง อำเภอพระสมุทรเจดีย์ สมุทรปราการ,MONEY_HUB,computer,UNKNOWN,,,,,,,10,85,D_RETIRE,HOLD_NOINDEX_200,FUTURE_RETIREMENT_APPROVAL_REQUIRED,,,NONE+legacy-posts,Zero search equity thin duplicate post
/รับซื้อการ์ดจอมือสอง-อ-19/,รับซื้อการ์ดจอมือสอง อำเภอบางเสาธง สมุทรปราการ,MONEY_HUB,computer,UNKNOWN,,,,,,,10,85,D_RETIRE,HOLD_NOINDEX_200,FUTURE_RETIREMENT_APPROVAL_REQUIRED,,,NONE+legacy-posts,Zero search equity thin duplicate post
/รับซื้อการ์ดจอมือสอง-อ-2/,รับซื้อการ์ดจอมือสอง อำเภอบางกรวย นนทบุรี,MONEY_HUB,computer,UNKNOWN,,,,,,,10,85,D_RETIRE,HOLD_NOINDEX_200,FUTURE_RETIREMENT_APPROVAL_REQUIRED,,,NONE+legacy-posts,Zero search equity thin duplicate post
/รับซื้อการ์ดจอมือสอง-อ-20/,รับซื้อการ์ดจอมือสอง อำเภอเมืองสมุทรสาคร สมุทรสาคร,MONEY_HUB,computer,90_DAYS_PERFORMANCE_EXPORT,2026-04-07,2026-07-06,1,7,11.29,1,50,85,E_REVIEW,HOLD_NOINDEX_200,OWNER_REVIEW_REQUIRED,,,docs/gsc/rerubsue_gsc_recovery_plan_2026-07-06.xlsx+legacy-posts,Residual historical traffic (1 clicks) requiring explicit stakeholder decision
/รับซื้อการ์ดจอมือสอง-อ-21/,รับซื้อการ์ดจอมือสอง อำเภอกระทุ่มแบน สมุทรสาคร,MONEY_HUB,computer,UNKNOWN,,,,,,,10,85,D_RETIRE,HOLD_NOINDEX_200,FUTURE_RETIREMENT_APPROVAL_REQUIRED,,,NONE+legacy-posts,Zero search equity thin duplicate post
/รับซื้อการ์ดจอมือสอง-อ-22/,รับซื้อการ์ดจอมือสอง อำเภอบ้านแพ้ว สมุทรสาคร,MONEY_HUB,computer,UNKNOWN,,,,,,,10,85,D_RETIRE,HOLD_NOINDEX_200,FUTURE_RETIREMENT_APPROVAL_REQUIRED,,,NONE+legacy-posts,Zero search equity thin duplicate post
/รับซื้อการ์ดจอมือสอง-อ-23/,รับซื้อการ์ดจอมือสอง อำเภอพุทธมณฑล นครปฐม,MONEY_HUB,computer,UNKNOWN,,,,,,,10,85,D_RETIRE,HOLD_NOINDEX_200,FUTURE_RETIREMENT_APPROVAL_REQUIRED,,,NONE+legacy-posts,Zero search equity thin duplicate post
/รับซื้อการ์ดจอมือสอง-อ-24/,รับซื้อการ์ดจอมือสอง อำเภอเมืองนครปฐม นครปฐม,MONEY_HUB,computer,UNKNOWN,,,,,,,10,85,D_RETIRE,HOLD_NOINDEX_200,FUTURE_RETIREMENT_APPROVAL_REQUIRED,,,NONE+legacy-posts,Zero search equity thin duplicate post
/รับซื้อการ์ดจอมือสอง-อ-25/,รับซื้อการ์ดจอมือสอง อำเภอกำแพงแสน นครปฐม,MONEY_HUB,computer,UNKNOWN,,,,,,,10,85,D_RETIRE,HOLD_NOINDEX_200,FUTURE_RETIREMENT_APPROVAL_REQUIRED,,,NONE+legacy-posts,Zero search equity thin duplicate post
/รับซื้อการ์ดจอมือสอง-อ-26/,รับซื้อการ์ดจอมือสอง อำเภอนครชัยศรี นครปฐม,MONEY_HUB,computer,UNKNOWN,,,,,,,10,85,D_RETIRE,HOLD_NOINDEX_200,FUTURE_RETIREMENT_APPROVAL_REQUIRED,,,NONE+legacy-posts,Zero search equity thin duplicate post
/รับซื้อการ์ดจอมือสอง-อ-27/,รับซื้อการ์ดจอมือสอง อำเภอดอนตูม นครปฐม,MONEY_HUB,computer,UNKNOWN,,,,,,,10,85,D_RETIRE,HOLD_NOINDEX_200,FUTURE_RETIREMENT_APPROVAL_REQUIRED,,,NONE+legacy-posts,Zero search equity thin duplicate post
/รับซื้อการ์ดจอมือสอง-อ-28/,รับซื้อการ์ดจอมือสอง อำเภอบางเลน นครปฐม,MONEY_HUB,computer,UNKNOWN,,,,,,,10,85,D_RETIRE,HOLD_NOINDEX_200,FUTURE_RETIREMENT_APPROVAL_REQUIRED,,,NONE+legacy-posts,Zero search equity thin duplicate post
/รับซื้อการ์ดจอมือสอง-อ-29/,รับซื้อการ์ดจอมือสอง อำเภอสามพราน นครปฐม,MONEY_HUB,computer,UNKNOWN,,,,,,,10,85,D_RETIRE,HOLD_NOINDEX_200,FUTURE_RETIREMENT_APPROVAL_REQUIRED,,,NONE+legacy-posts,Zero search equity thin duplicate post
/รับซื้อการ์ดจอมือสอง-อ-3/,รับซื้อการ์ดจอมือสอง อำเภอบางใหญ่ นนทบุรี,MONEY_HUB,computer,UNKNOWN,,,,,,,10,85,D_RETIRE,HOLD_NOINDEX_200,FUTURE_RETIREMENT_APPROVAL_REQUIRED,,,NONE+legacy-posts,Zero search equity thin duplicate post
/รับซื้อการ์ดจอมือสอง-อ-4/,รับซื้อการ์ดจอมือสอง อำเภอบางบัวทอง นนทบุรี,MONEY_HUB,computer,UNKNOWN,,,,,,,10,85,D_RETIRE,HOLD_NOINDEX_200,FUTURE_RETIREMENT_APPROVAL_REQUIRED,,,NONE+legacy-posts,Zero search equity thin duplicate post
/รับซื้อการ์ดจอมือสอง-อ-5/,รับซื้อการ์ดจอมือสอง อำเภอไทรน้อย นนทบุรี,MONEY_HUB,computer,UNKNOWN,,,,,,,10,85,D_RETIRE,HOLD_NOINDEX_200,FUTURE_RETIREMENT_APPROVAL_REQUIRED,,,NONE+legacy-posts,Zero search equity thin duplicate post
/รับซื้อการ์ดจอมือสอง-อ-6/,รับซื้อการ์ดจอมือสอง อำเภอปากเกร็ด นนทบุรี,MONEY_HUB,computer,UNKNOWN,,,,,,,10,85,D_RETIRE,HOLD_NOINDEX_200,FUTURE_RETIREMENT_APPROVAL_REQUIRED,,,NONE+legacy-posts,Zero search equity thin duplicate post
/รับซื้อการ์ดจอมือสอง-อ-7/,รับซื้อการ์ดจอมือสอง อำเภอเมืองปทุมธานี ปทุมธานี,MONEY_HUB,computer,UNKNOWN,,,,,,,10,85,D_RETIRE,HOLD_NOINDEX_200,FUTURE_RETIREMENT_APPROVAL_REQUIRED,,,NONE+legacy-posts,Zero search equity thin duplicate post
/รับซื้อการ์ดจอมือสอง-อ-8/,รับซื้อการ์ดจอมือสอง อำเภอคลองหลวง ปทุมธานี,MONEY_HUB,computer,UNKNOWN,,,,,,,10,85,D_RETIRE,HOLD_NOINDEX_200,FUTURE_RETIREMENT_APPROVAL_REQUIRED,,,NONE+legacy-posts,Zero search equity thin duplicate post
/รับซื้อการ์ดจอมือสอง-อ-9/,รับซื้อการ์ดจอมือสอง อำเภอธัญบุรี ปทุมธานี,MONEY_HUB,computer,UNKNOWN,,,,,,,10,85,D_RETIRE,HOLD_NOINDEX_200,FUTURE_RETIREMENT_APPROVAL_REQUIRED,,,NONE+legacy-posts,Zero search equity thin duplicate post
/รับซื้อการ์ดจอมือสอง-อำ/,รับซื้อการ์ดจอมือสอง อำเภอเมืองนนทบุรี นนทบุรี,MONEY_HUB,computer,UNKNOWN,,,,,,,10,85,D_RETIRE,HOLD_NOINDEX_200,FUTURE_RETIREMENT_APPROVAL_REQUIRED,,,NONE+legacy-posts,Zero search equity thin duplicate post
/รับซื้อการ์ดจอมือสอง-เ-10/,รับซื้อการ์ดจอมือสอง เขตมีนบุรี กรุงเทพมหานคร,MONEY_HUB,computer,UNKNOWN,,,,,,,10,85,D_RETIRE,HOLD_NOINDEX_200,FUTURE_RETIREMENT_APPROVAL_REQUIRED,,,NONE+legacy-posts,Zero search equity thin duplicate post
/รับซื้อการ์ดจอมือสอง-เ-11/,รับซื้อการ์ดจอมือสอง เขตลาดกระบัง กรุงเทพมหานคร,MONEY_HUB,computer,UNKNOWN,,,,,,,10,85,D_RETIRE,HOLD_NOINDEX_200,FUTURE_RETIREMENT_APPROVAL_REQUIRED,,,NONE+legacy-posts,Zero search equity thin duplicate post
/รับซื้อการ์ดจอมือสอง-เ-12/,รับซื้อการ์ดจอมือสอง เขตยานนาวา กรุงเทพมหานคร,MONEY_HUB,computer,UNKNOWN,,,,,,,10,85,D_RETIRE,HOLD_NOINDEX_200,FUTURE_RETIREMENT_APPROVAL_REQUIRED,,,NONE+legacy-posts,Zero search equity thin duplicate post
/รับซื้อการ์ดจอมือสอง-เ-13/,รับซื้อการ์ดจอมือสอง เขตสัมพันธวงศ์ กรุงเทพมหานคร,MONEY_HUB,computer,UNKNOWN,,,,,,,10,85,D_RETIRE,HOLD_NOINDEX_200,FUTURE_RETIREMENT_APPROVAL_REQUIRED,,,NONE+legacy-posts,Zero search equity thin duplicate post
/รับซื้อการ์ดจอมือสอง-เ-14/,รับซื้อการ์ดจอมือสอง เขตพญาไท กรุงเทพมหานคร,MONEY_HUB,computer,UNKNOWN,,,,,,,10,85,D_RETIRE,HOLD_NOINDEX_200,FUTURE_RETIREMENT_APPROVAL_REQUIRED,,,NONE+legacy-posts,Zero search equity thin duplicate post
/รับซื้อการ์ดจอมือสอง-เ-15/,รับซื้อการ์ดจอมือสอง เขตธนบุรี กรุงเทพมหานคร,MONEY_HUB,computer,UNKNOWN,,,,,,,10,85,D_RETIRE,HOLD_NOINDEX_200,FUTURE_RETIREMENT_APPROVAL_REQUIRED,,,NONE+legacy-posts,Zero search equity thin duplicate post
/รับซื้อการ์ดจอมือสอง-เ-16/,รับซื้อการ์ดจอมือสอง เขตบางกอกใหญ่ กรุงเทพมหานคร,MONEY_HUB,computer,UNKNOWN,,,,,,,10,85,D_RETIRE,HOLD_NOINDEX_200,FUTURE_RETIREMENT_APPROVAL_REQUIRED,,,NONE+legacy-posts,Zero search equity thin duplicate post
/รับซื้อการ์ดจอมือสอง-เ-17/,รับซื้อการ์ดจอมือสอง เขตห้วยขวาง กรุงเทพมหานคร,MONEY_HUB,computer,UNKNOWN,,,,,,,10,85,D_RETIRE,HOLD_NOINDEX_200,FUTURE_RETIREMENT_APPROVAL_REQUIRED,,,NONE+legacy-posts,Zero search equity thin duplicate post
/รับซื้อการ์ดจอมือสอง-เ-18/,รับซื้อการ์ดจอมือสอง เขตคลองสาน กรุงเทพมหานคร,MONEY_HUB,computer,UNKNOWN,,,,,,,10,85,D_RETIRE,HOLD_NOINDEX_200,FUTURE_RETIREMENT_APPROVAL_REQUIRED,,,NONE+legacy-posts,Zero search equity thin duplicate post
/รับซื้อการ์ดจอมือสอง-เ-19/,รับซื้อการ์ดจอมือสอง เขตตลิ่งชัน กรุงเทพมหานคร,MONEY_HUB,computer,UNKNOWN,,,,,,,10,85,D_RETIRE,HOLD_NOINDEX_200,FUTURE_RETIREMENT_APPROVAL_REQUIRED,,,NONE+legacy-posts,Zero search equity thin duplicate post
/รับซื้อการ์ดจอมือสอง-เ-2/,รับซื้อการ์ดจอมือสอง เขตดุสิต กรุงเทพมหานคร,MONEY_HUB,computer,UNKNOWN,,,,,,,10,85,D_RETIRE,HOLD_NOINDEX_200,FUTURE_RETIREMENT_APPROVAL_REQUIRED,,,NONE+legacy-posts,Zero search equity thin duplicate post
/รับซื้อการ์ดจอมือสอง-เ-20/,รับซื้อการ์ดจอมือสอง เขตบางกอกน้อย กรุงเทพมหานคร,MONEY_HUB,computer,UNKNOWN,,,,,,,10,85,D_RETIRE,HOLD_NOINDEX_200,FUTURE_RETIREMENT_APPROVAL_REQUIRED,,,NONE+legacy-posts,Zero search equity thin duplicate post
/รับซื้อการ์ดจอมือสอง-เ-21/,รับซื้อการ์ดจอมือสอง เขตบางขุนเทียน กรุงเทพมหานคร,MONEY_HUB,computer,UNKNOWN,,,,,,,10,85,D_RETIRE,HOLD_NOINDEX_200,FUTURE_RETIREMENT_APPROVAL_REQUIRED,,,NONE+legacy-posts,Zero search equity thin duplicate post
/รับซื้อการ์ดจอมือสอง-เ-22/,รับซื้อการ์ดจอมือสอง เขตภาษีเจริญ กรุงเทพมหานคร,MONEY_HUB,computer,UNKNOWN,,,,,,,10,85,D_RETIRE,HOLD_NOINDEX_200,FUTURE_RETIREMENT_APPROVAL_REQUIRED,,,NONE+legacy-posts,Zero search equity thin duplicate post
/รับซื้อการ์ดจอมือสอง-เ-23/,รับซื้อการ์ดจอมือสอง เขตหนองแขม กรุงเทพมหานคร,MONEY_HUB,computer,UNKNOWN,,,,,,,10,85,D_RETIRE,HOLD_NOINDEX_200,FUTURE_RETIREMENT_APPROVAL_REQUIRED,,,NONE+legacy-posts,Zero search equity thin duplicate post
/รับซื้อการ์ดจอมือสอง-เ-24/,รับซื้อการ์ดจอมือสอง เขตราษฎร์บูรณะ กรุงเทพมหานคร,MONEY_HUB,computer,UNKNOWN,,,,,,,10,85,D_RETIRE,HOLD_NOINDEX_200,FUTURE_RETIREMENT_APPROVAL_REQUIRED,,,NONE+legacy-posts,Zero search equity thin duplicate post
/รับซื้อการ์ดจอมือสอง-เ-25/,รับซื้อการ์ดจอมือสอง เขตบางพลัด กรุงเทพมหานคร,MONEY_HUB,computer,UNKNOWN,,,,,,,10,85,D_RETIRE,HOLD_NOINDEX_200,FUTURE_RETIREMENT_APPROVAL_REQUIRED,,,NONE+legacy-posts,Zero search equity thin duplicate post
/รับซื้อการ์ดจอมือสอง-เ-26/,รับซื้อการ์ดจอมือสอง เขตดินแดง กรุงเทพมหานคร,MONEY_HUB,computer,UNKNOWN,,,,,,,10,85,D_RETIRE,HOLD_NOINDEX_200,FUTURE_RETIREMENT_APPROVAL_REQUIRED,,,NONE+legacy-posts,Zero search equity thin duplicate post
/รับซื้อการ์ดจอมือสอง-เ-27/,รับซื้อการ์ดจอมือสอง เขตบึงกุ่ม กรุงเทพมหานคร,MONEY_HUB,computer,UNKNOWN,,,,,,,10,85,D_RETIRE,HOLD_NOINDEX_200,FUTURE_RETIREMENT_APPROVAL_REQUIRED,,,NONE+legacy-posts,Zero search equity thin duplicate post
/รับซื้อการ์ดจอมือสอง-เ-28/,รับซื้อการ์ดจอมือสอง เขตสาทร กรุงเทพมหานคร,MONEY_HUB,computer,UNKNOWN,,,,,,,10,85,D_RETIRE,HOLD_NOINDEX_200,FUTURE_RETIREMENT_APPROVAL_REQUIRED,,,NONE+legacy-posts,Zero search equity thin duplicate post
/รับซื้อการ์ดจอมือสอง-เ-29/,รับซื้อการ์ดจอมือสอง เขตบางซื่อ กรุงเทพมหานคร,MONEY_HUB,computer,UNKNOWN,,,,,,,10,85,D_RETIRE,HOLD_NOINDEX_200,FUTURE_RETIREMENT_APPROVAL_REQUIRED,,,NONE+legacy-posts,Zero search equity thin duplicate post
/รับซื้อการ์ดจอมือสอง-เ-3/,รับซื้อการ์ดจอมือสอง เขตหนองจอก กรุงเทพมหานคร,MONEY_HUB,computer,UNKNOWN,,,,,,,10,85,D_RETIRE,HOLD_NOINDEX_200,FUTURE_RETIREMENT_APPROVAL_REQUIRED,,,NONE+legacy-posts,Zero search equity thin duplicate post
/รับซื้อการ์ดจอมือสอง-เ-30/,รับซื้อการ์ดจอมือสอง เขตจตุจักร กรุงเทพมหานคร,MONEY_HUB,computer,UNKNOWN,,,,,,,10,85,D_RETIRE,HOLD_NOINDEX_200,FUTURE_RETIREMENT_APPROVAL_REQUIRED,,,NONE+legacy-posts,Zero search equity thin duplicate post
/รับซื้อการ์ดจอมือสอง-เ-31/,รับซื้อการ์ดจอมือสอง เขตบางคอแหลม กรุงเทพมหานคร,MONEY_HUB,computer,UNKNOWN,,,,,,,10,85,D_RETIRE,HOLD_NOINDEX_200,FUTURE_RETIREMENT_APPROVAL_REQUIRED,,,NONE+legacy-posts,Zero search equity thin duplicate post
/รับซื้อการ์ดจอมือสอง-เ-32/,รับซื้อการ์ดจอมือสอง เขตประเวศ กรุงเทพมหานคร,MONEY_HUB,computer,UNKNOWN,,,,,,,10,85,D_RETIRE,HOLD_NOINDEX_200,FUTURE_RETIREMENT_APPROVAL_REQUIRED,,,NONE+legacy-posts,Zero search equity thin duplicate post
/รับซื้อการ์ดจอมือสอง-เ-33/,รับซื้อการ์ดจอมือสอง เขตคลองเตย กรุงเทพมหานคร,MONEY_HUB,computer,UNKNOWN,,,,,,,10,85,D_RETIRE,HOLD_NOINDEX_200,FUTURE_RETIREMENT_APPROVAL_REQUIRED,,,NONE+legacy-posts,Zero search equity thin duplicate post
/รับซื้อการ์ดจอมือสอง-เ-34/,รับซื้อการ์ดจอมือสอง เขตสวนหลวง กรุงเทพมหานคร,MONEY_HUB,computer,UNKNOWN,,,,,,,10,85,D_RETIRE,HOLD_NOINDEX_200,FUTURE_RETIREMENT_APPROVAL_REQUIRED,,,NONE+legacy-posts,Zero search equity thin duplicate post
/รับซื้อการ์ดจอมือสอง-เ-35/,รับซื้อการ์ดจอมือสอง เขตจอมทอง กรุงเทพมหานคร,MONEY_HUB,computer,UNKNOWN,,,,,,,10,85,D_RETIRE,HOLD_NOINDEX_200,FUTURE_RETIREMENT_APPROVAL_REQUIRED,,,NONE+legacy-posts,Zero search equity thin duplicate post
/รับซื้อการ์ดจอมือสอง-เ-36/,รับซื้อการ์ดจอมือสอง เขตดอนเมือง กรุงเทพมหานคร,MONEY_HUB,computer,UNKNOWN,,,,,,,10,85,D_RETIRE,HOLD_NOINDEX_200,FUTURE_RETIREMENT_APPROVAL_REQUIRED,,,NONE+legacy-posts,Zero search equity thin duplicate post
/รับซื้อการ์ดจอมือสอง-เ-37/,รับซื้อการ์ดจอมือสอง เขตราชเทวี กรุงเทพมหานคร,MONEY_HUB,computer,UNKNOWN,,,,,,,10,85,D_RETIRE,HOLD_NOINDEX_200,FUTURE_RETIREMENT_APPROVAL_REQUIRED,,,NONE+legacy-posts,Zero search equity thin duplicate post
/รับซื้อการ์ดจอมือสอง-เ-38/,รับซื้อการ์ดจอมือสอง เขตลาดพร้าว กรุงเทพมหานคร,MONEY_HUB,computer,UNKNOWN,,,,,,,10,85,D_RETIRE,HOLD_NOINDEX_200,FUTURE_RETIREMENT_APPROVAL_REQUIRED,,,NONE+legacy-posts,Zero search equity thin duplicate post
/รับซื้อการ์ดจอมือสอง-เ-39/,รับซื้อการ์ดจอมือสอง เขตวัฒนา กรุงเทพมหานคร,MONEY_HUB,computer,UNKNOWN,,,,,,,10,85,D_RETIRE,HOLD_NOINDEX_200,FUTURE_RETIREMENT_APPROVAL_REQUIRED,,,NONE+legacy-posts,Zero search equity thin duplicate post
/รับซื้อการ์ดจอมือสอง-เ-4/,รับซื้อการ์ดจอมือสอง เขตบางรัก กรุงเทพมหานคร,MONEY_HUB,computer,UNKNOWN,,,,,,,10,85,D_RETIRE,HOLD_NOINDEX_200,FUTURE_RETIREMENT_APPROVAL_REQUIRED,,,NONE+legacy-posts,Zero search equity thin duplicate post
/รับซื้อการ์ดจอมือสอง-เ-40/,รับซื้อการ์ดจอมือสอง เขตบางแค กรุงเทพมหานคร,MONEY_HUB,computer,UNKNOWN,,,,,,,10,85,D_RETIRE,HOLD_NOINDEX_200,FUTURE_RETIREMENT_APPROVAL_REQUIRED,,,NONE+legacy-posts,Zero search equity thin duplicate post
/รับซื้อการ์ดจอมือสอง-เ-41/,รับซื้อการ์ดจอมือสอง เขตหลักสี่ กรุงเทพมหานคร,MONEY_HUB,computer,UNKNOWN,,,,,,,10,85,D_RETIRE,HOLD_NOINDEX_200,FUTURE_RETIREMENT_APPROVAL_REQUIRED,,,NONE+legacy-posts,Zero search equity thin duplicate post
/รับซื้อการ์ดจอมือสอง-เ-42/,รับซื้อการ์ดจอมือสอง เขตสายไหม กรุงเทพมหานคร,MONEY_HUB,computer,UNKNOWN,,,,,,,10,85,D_RETIRE,HOLD_NOINDEX_200,FUTURE_RETIREMENT_APPROVAL_REQUIRED,,,NONE+legacy-posts,Zero search equity thin duplicate post
/รับซื้อการ์ดจอมือสอง-เ-43/,รับซื้อการ์ดจอมือสอง เขตคันนายาว กรุงเทพมหานคร,MONEY_HUB,computer,UNKNOWN,,,,,,,10,85,D_RETIRE,HOLD_NOINDEX_200,FUTURE_RETIREMENT_APPROVAL_REQUIRED,,,NONE+legacy-posts,Zero search equity thin duplicate post
/รับซื้อการ์ดจอมือสอง-เ-44/,รับซื้อการ์ดจอมือสอง เขตสะพานสูง กรุงเทพมหานคร,MONEY_HUB,computer,UNKNOWN,,,,,,,10,85,D_RETIRE,HOLD_NOINDEX_200,FUTURE_RETIREMENT_APPROVAL_REQUIRED,,,NONE+legacy-posts,Zero search equity thin duplicate post
/รับซื้อการ์ดจอมือสอง-เ-45/,รับซื้อการ์ดจอมือสอง เขตวังทองหลาง กรุงเทพมหานคร,MONEY_HUB,computer,UNKNOWN,,,,,,,10,85,D_RETIRE,HOLD_NOINDEX_200,FUTURE_RETIREMENT_APPROVAL_REQUIRED,,,NONE+legacy-posts,Zero search equity thin duplicate post
/รับซื้อการ์ดจอมือสอง-เ-46/,รับซื้อการ์ดจอมือสอง เขตคลองสามวา กรุงเทพมหานคร,MONEY_HUB,computer,UNKNOWN,,,,,,,10,85,D_RETIRE,HOLD_NOINDEX_200,FUTURE_RETIREMENT_APPROVAL_REQUIRED,,,NONE+legacy-posts,Zero search equity thin duplicate post
/รับซื้อการ์ดจอมือสอง-เ-47/,รับซื้อการ์ดจอมือสอง เขตบางนา กรุงเทพมหานคร,MONEY_HUB,computer,UNKNOWN,,,,,,,10,85,D_RETIRE,HOLD_NOINDEX_200,FUTURE_RETIREMENT_APPROVAL_REQUIRED,,,NONE+legacy-posts,Zero search equity thin duplicate post
/รับซื้อการ์ดจอมือสอง-เ-48/,รับซื้อการ์ดจอมือสอง เขตทวีวัฒนา กรุงเทพมหานคร,MONEY_HUB,computer,UNKNOWN,,,,,,,10,85,D_RETIRE,HOLD_NOINDEX_200,FUTURE_RETIREMENT_APPROVAL_REQUIRED,,,NONE+legacy-posts,Zero search equity thin duplicate post
/รับซื้อการ์ดจอมือสอง-เ-49/,รับซื้อการ์ดจอมือสอง เขตทุ่งครุ กรุงเทพมหานคร,MONEY_HUB,computer,UNKNOWN,,,,,,,10,85,D_RETIRE,HOLD_NOINDEX_200,FUTURE_RETIREMENT_APPROVAL_REQUIRED,,,NONE+legacy-posts,Zero search equity thin duplicate post
/รับซื้อการ์ดจอมือสอง-เ-5/,รับซื้อการ์ดจอมือสอง เขตบางเขน กรุงเทพมหานคร,MONEY_HUB,computer,UNKNOWN,,,,,,,10,85,D_RETIRE,HOLD_NOINDEX_200,FUTURE_RETIREMENT_APPROVAL_REQUIRED,,,NONE+legacy-posts,Zero search equity thin duplicate post
/รับซื้อการ์ดจอมือสอง-เ-50/,รับซื้อการ์ดจอมือสอง เขตบางบอน กรุงเทพมหานคร,MONEY_HUB,computer,UNKNOWN,,,,,,,10,85,D_RETIRE,HOLD_NOINDEX_200,FUTURE_RETIREMENT_APPROVAL_REQUIRED,,,NONE+legacy-posts,Zero search equity thin duplicate post
/รับซื้อการ์ดจอมือสอง-เ-6/,รับซื้อการ์ดจอมือสอง เขตบางกะปิ กรุงเทพมหานคร,MONEY_HUB,computer,UNKNOWN,,,,,,,10,85,D_RETIRE,HOLD_NOINDEX_200,FUTURE_RETIREMENT_APPROVAL_REQUIRED,,,NONE+legacy-posts,Zero search equity thin duplicate post
/รับซื้อการ์ดจอมือสอง-เ-7/,รับซื้อการ์ดจอมือสอง เขตปทุมวัน กรุงเทพมหานคร,MONEY_HUB,computer,UNKNOWN,,,,,,,10,85,D_RETIRE,HOLD_NOINDEX_200,FUTURE_RETIREMENT_APPROVAL_REQUIRED,,,NONE+legacy-posts,Zero search equity thin duplicate post
/รับซื้อการ์ดจอมือสอง-เ-8/,รับซื้อการ์ดจอมือสอง เขตป้อมปราบศัตรูพ่าย กรุงเทพมหานคร,MONEY_HUB,computer,UNKNOWN,,,,,,,10,85,D_RETIRE,HOLD_NOINDEX_200,FUTURE_RETIREMENT_APPROVAL_REQUIRED,,,NONE+legacy-posts,Zero search equity thin duplicate post
/รับซื้อการ์ดจอมือสอง-เ-9/,รับซื้อการ์ดจอมือสอง เขตพระโขนง กรุงเทพมหานคร,MONEY_HUB,computer,UNKNOWN,,,,,,,10,85,D_RETIRE,HOLD_NOINDEX_200,FUTURE_RETIREMENT_APPROVAL_REQUIRED,,,NONE+legacy-posts,Zero search equity thin duplicate post
/รับซื้อการ์ดจอมือสอง-เข/,รับซื้อการ์ดจอมือสอง เขตพระนคร กรุงเทพมหานคร,MONEY_HUB,computer,UNKNOWN,,,,,,,10,85,D_RETIRE,HOLD_NOINDEX_200,FUTURE_RETIREMENT_APPROVAL_REQUIRED,,,NONE+legacy-posts,Zero search equity thin duplicate post
/รับซื้อของย้ายบ้าน/,UNKNOWN,MONEY_HUB,general_buyback,UNKNOWN,,,,,,,10,35,D_RETIRE,UNREGISTERED_OR_PRIVATE,FUTURE_RETIREMENT_APPROVAL_REQUIRED,,NONE,NONE+NONE,Zero search equity thin duplicate post
/รับซื้อขุขันธ์/,UNKNOWN,MONEY_HUB,general_buyback,UNKNOWN,,,,,,,10,35,D_RETIRE,UNREGISTERED_OR_PRIVATE,FUTURE_RETIREMENT_APPROVAL_REQUIRED,,NONE,NONE+NONE,Zero search equity thin duplicate post
/รับซื้อคอม-ขอนแก่น/,รับซื้อคอม ขอนแก่น ประเมินราคาฟรี ส่งรูปเช็กก่อนได้,LOCAL_MONEY,computer,90_DAYS_PERFORMANCE_EXPORT,2026-04-07,2026-07-06,26,496,13.39,26,80,90,A_PRESERVE_REWRITE,HOLD_NOINDEX_200,PRESERVE_REWRITE_CONTENT,,,docs/gsc/rerubsue_gsc_recovery_plan_2026-07-06.xlsx+legacy-posts,High-equity historical IT search winner; keep exact public URL and rewrite content
/รับซื้อคอม-คลองสาน/,UNKNOWN,MONEY_HUB,computer,UNKNOWN,,,,,,,10,85,D_RETIRE,UNREGISTERED_OR_PRIVATE,FUTURE_RETIREMENT_APPROVAL_REQUIRED,,NONE,NONE+NONE,Zero search equity thin duplicate post
/รับซื้อคอม-คันนายาว/,UNKNOWN,MONEY_HUB,computer,UNKNOWN,,,,,,,10,85,D_RETIRE,UNREGISTERED_OR_PRIVATE,FUTURE_RETIREMENT_APPROVAL_REQUIRED,,NONE,NONE+NONE,Zero search equity thin duplicate post
/รับซื้อคอม-จตุจักร/,UNKNOWN,MONEY_HUB,computer,UNKNOWN,,,,,,,10,85,D_RETIRE,UNREGISTERED_OR_PRIVATE,FUTURE_RETIREMENT_APPROVAL_REQUIRED,,NONE,NONE+NONE,Zero search equity thin duplicate post
/รับซื้อคอม-ชัยนาท/,ชัยนาท รับซื้อคอมพิวเตอร์ สู้ทุกราคา บริการรับถึงที่ จ่ายสด ไม่กดราคา ปลอดภัย 100%,MONEY_HUB,computer,UNKNOWN,,,,,,,10,85,D_RETIRE,HOLD_NOINDEX_200,FUTURE_RETIREMENT_APPROVAL_REQUIRED,,,NONE+legacy-posts,Zero search equity thin duplicate post
/รับซื้อคอม-ดินแดง/,UNKNOWN,MONEY_HUB,computer,UNKNOWN,,,,,,,10,85,D_RETIRE,UNREGISTERED_OR_PRIVATE,FUTURE_RETIREMENT_APPROVAL_REQUIRED,,NONE,NONE+NONE,Zero search equity thin duplicate post
/รับซื้อคอม-ดุสิต/,UNKNOWN,MONEY_HUB,computer,UNKNOWN,,,,,,,10,85,D_RETIRE,UNREGISTERED_OR_PRIVATE,FUTURE_RETIREMENT_APPROVAL_REQUIRED,,NONE,NONE+NONE,Zero search equity thin duplicate post
/รับซื้อคอม-ตาก/,ตาก รับซื้อคอมพิวเตอร์ สู้ทุกราคา บริการรับถึงที่ จ่ายสด ไม่กดราคา ปลอดภัย 100%,MONEY_HUB,computer,UNKNOWN,,,,,,,10,85,D_RETIRE,HOLD_NOINDEX_200,FUTURE_RETIREMENT_APPROVAL_REQUIRED,,,NONE+legacy-posts,Zero search equity thin duplicate post
/รับซื้อคอม-ทวีวัฒนา/,UNKNOWN,MONEY_HUB,computer,UNKNOWN,,,,,,,10,85,D_RETIRE,UNREGISTERED_OR_PRIVATE,FUTURE_RETIREMENT_APPROVAL_REQUIRED,,NONE,NONE+NONE,Zero search equity thin duplicate post
/รับซื้อคอม-ทุ่งครุ/,UNKNOWN,MONEY_HUB,computer,UNKNOWN,,,,,,,10,85,D_RETIRE,UNREGISTERED_OR_PRIVATE,FUTURE_RETIREMENT_APPROVAL_REQUIRED,,NONE,NONE+NONE,Zero search equity thin duplicate post
/รับซื้อคอม-ธนบุรี/,UNKNOWN,MONEY_HUB,computer,UNKNOWN,,,,,,,10,85,D_RETIRE,UNREGISTERED_OR_PRIVATE,FUTURE_RETIREMENT_APPROVAL_REQUIRED,,NONE,NONE+NONE,Zero search equity thin duplicate post
/รับซื้อคอม-นครปฐม/,หาร้านรับซื้อคอมพิวเตอร์ นครปฐม? เราให้ราคาสูงสุด มีบริการ On-Site โอนไวหน้างาน,MONEY_HUB,computer,UNKNOWN,,,,,,,10,85,D_RETIRE,HOLD_NOINDEX_200,FUTURE_RETIREMENT_APPROVAL_REQUIRED,,,NONE+legacy-posts,Zero search equity thin duplicate post
/รับซื้อคอม-นนทบุรี/,ขายคอมพิวเตอร์ด่วน นนทบุรี ที่ไหนดี? WE BUY ให้ราคาสูง จ่ายเงินสดทันใจ รับถึงหน้าบ้าน,MONEY_HUB,computer,UNKNOWN,,,,,,,10,85,D_RETIRE,HOLD_NOINDEX_200,FUTURE_RETIREMENT_APPROVAL_REQUIRED,,,NONE+legacy-posts,Zero search equity thin duplicate post
/รับซื้อคอม-บางกอกน้อย/,UNKNOWN,MONEY_HUB,computer,UNKNOWN,,,,,,,10,85,D_RETIRE,UNREGISTERED_OR_PRIVATE,FUTURE_RETIREMENT_APPROVAL_REQUIRED,,NONE,NONE+NONE,Zero search equity thin duplicate post
/รับซื้อคอม-บางกอกใหญ่/,UNKNOWN,MONEY_HUB,computer,UNKNOWN,,,,,,,10,85,D_RETIRE,UNREGISTERED_OR_PRIVATE,FUTURE_RETIREMENT_APPROVAL_REQUIRED,,NONE,NONE+NONE,Zero search equity thin duplicate post
/รับซื้อคอม-บางกะปิ/,UNKNOWN,MONEY_HUB,computer,UNKNOWN,,,,,,,10,85,D_RETIRE,UNREGISTERED_OR_PRIVATE,FUTURE_RETIREMENT_APPROVAL_REQUIRED,,NONE,NONE+NONE,Zero search equity thin duplicate post
/รับซื้อคอม-บางขุนเทียน/,UNKNOWN,MONEY_HUB,computer,UNKNOWN,,,,,,,10,85,D_RETIRE,UNREGISTERED_OR_PRIVATE,FUTURE_RETIREMENT_APPROVAL_REQUIRED,,NONE,NONE+NONE,Zero search equity thin duplicate post
/รับซื้อคอม-บางคอแหลม/,UNKNOWN,MONEY_HUB,computer,UNKNOWN,,,,,,,10,85,D_RETIRE,UNREGISTERED_OR_PRIVATE,FUTURE_RETIREMENT_APPROVAL_REQUIRED,,NONE,NONE+NONE,Zero search equity thin duplicate post
/รับซื้อคอม-บางซื่อ/,UNKNOWN,MONEY_HUB,computer,UNKNOWN,,,,,,,10,85,D_RETIRE,UNREGISTERED_OR_PRIVATE,FUTURE_RETIREMENT_APPROVAL_REQUIRED,,NONE,NONE+NONE,Zero search equity thin duplicate post
/รับซื้อคอม-บางนา/,UNKNOWN,MONEY_HUB,computer,UNKNOWN,,,,,,,10,85,D_RETIRE,UNREGISTERED_OR_PRIVATE,FUTURE_RETIREMENT_APPROVAL_REQUIRED,,NONE,NONE+NONE,Zero search equity thin duplicate post
/รับซื้อคอม-บางบอน/,UNKNOWN,MONEY_HUB,computer,UNKNOWN,,,,,,,10,85,D_RETIRE,UNREGISTERED_OR_PRIVATE,FUTURE_RETIREMENT_APPROVAL_REQUIRED,,NONE,NONE+NONE,Zero search equity thin duplicate post
/รับซื้อคอม-บางพลัด/,UNKNOWN,MONEY_HUB,computer,UNKNOWN,,,,,,,10,85,D_RETIRE,UNREGISTERED_OR_PRIVATE,FUTURE_RETIREMENT_APPROVAL_REQUIRED,,NONE,NONE+NONE,Zero search equity thin duplicate post
/รับซื้อคอม-บางรัก/,UNKNOWN,MONEY_HUB,computer,UNKNOWN,,,,,,,10,85,D_RETIRE,UNREGISTERED_OR_PRIVATE,FUTURE_RETIREMENT_APPROVAL_REQUIRED,,NONE,NONE+NONE,Zero search equity thin duplicate post
/รับซื้อคอม-บางเขน/,UNKNOWN,MONEY_HUB,computer,UNKNOWN,,,,,,,10,85,D_RETIRE,UNREGISTERED_OR_PRIVATE,FUTURE_RETIREMENT_APPROVAL_REQUIRED,,NONE,NONE+NONE,Zero search equity thin duplicate post
/รับซื้อคอม-บางแค/,UNKNOWN,MONEY_HUB,computer,UNKNOWN,,,,,,,10,85,D_RETIRE,UNREGISTERED_OR_PRIVATE,FUTURE_RETIREMENT_APPROVAL_REQUIRED,,NONE,NONE+NONE,Zero search equity thin duplicate post
/รับซื้อคอม-บึงกุ่ม/,UNKNOWN,MONEY_HUB,computer,UNKNOWN,,,,,,,10,85,D_RETIRE,UNREGISTERED_OR_PRIVATE,FUTURE_RETIREMENT_APPROVAL_REQUIRED,,NONE,NONE+NONE,Zero search equity thin duplicate post
/รับซื้อคอม-ปทุมวัน/,UNKNOWN,MONEY_HUB,computer,UNKNOWN,,,,,,,10,85,D_RETIRE,UNREGISTERED_OR_PRIVATE,FUTURE_RETIREMENT_APPROVAL_REQUIRED,,NONE,NONE+NONE,Zero search equity thin duplicate post
/รับซื้อคอม-ป้อมปราบศัตร/,UNKNOWN,MONEY_HUB,computer,UNKNOWN,,,,,,,10,85,D_RETIRE,UNREGISTERED_OR_PRIVATE,FUTURE_RETIREMENT_APPROVAL_REQUIRED,,NONE,NONE+NONE,Zero search equity thin duplicate post
/รับซื้อคอม-พระนคร/,UNKNOWN,MONEY_HUB,computer,UNKNOWN,,,,,,,10,85,D_RETIRE,UNREGISTERED_OR_PRIVATE,FUTURE_RETIREMENT_APPROVAL_REQUIRED,,NONE,NONE+NONE,Zero search equity thin duplicate post
/รับซื้อคอม-พระโขนง/,UNKNOWN,MONEY_HUB,computer,UNKNOWN,,,,,,,10,85,D_RETIRE,UNREGISTERED_OR_PRIVATE,FUTURE_RETIREMENT_APPROVAL_REQUIRED,,NONE,NONE+NONE,Zero search equity thin duplicate post
/รับซื้อคอม-พะเยา/,ขายคอมพิวเตอร์ด่วน พะเยา ที่ไหนดี? WE BUY ให้ราคาสูง จ่ายเงินสดทันใจ รับถึงหน้าบ้าน,MONEY_HUB,computer,UNKNOWN,,,,,,,10,85,D_RETIRE,HOLD_NOINDEX_200,FUTURE_RETIREMENT_APPROVAL_REQUIRED,,,NONE+legacy-posts,Zero search equity thin duplicate post
/รับซื้อคอม-ภาษีเจริญ/,UNKNOWN,MONEY_HUB,computer,UNKNOWN,,,,,,,10,85,D_RETIRE,UNREGISTERED_OR_PRIVATE,FUTURE_RETIREMENT_APPROVAL_REQUIRED,,NONE,NONE+NONE,Zero search equity thin duplicate post
/รับซื้อคอม-ราษฎร์บูรณะ/,UNKNOWN,MONEY_HUB,computer,UNKNOWN,,,,,,,10,85,D_RETIRE,UNREGISTERED_OR_PRIVATE,FUTURE_RETIREMENT_APPROVAL_REQUIRED,,NONE,NONE+NONE,Zero search equity thin duplicate post
/รับซื้อคอม-ลาดพร้าว/,UNKNOWN,MONEY_HUB,computer,UNKNOWN,,,,,,,10,85,D_RETIRE,UNREGISTERED_OR_PRIVATE,FUTURE_RETIREMENT_APPROVAL_REQUIRED,,NONE,NONE+NONE,Zero search equity thin duplicate post
/รับซื้อคอม-วัฒนา/,UNKNOWN,MONEY_HUB,computer,UNKNOWN,,,,,,,10,85,D_RETIRE,UNREGISTERED_OR_PRIVATE,FUTURE_RETIREMENT_APPROVAL_REQUIRED,,NONE,NONE+NONE,Zero search equity thin duplicate post
/รับซื้อคอม-ศรีสะเกษ/,UNKNOWN,LOCAL_MONEY,computer,90_DAYS_PERFORMANCE_EXPORT,2026-04-07,2026-07-06,7,99,9.83,7,70,85,A_PRESERVE_REWRITE,UNREGISTERED_OR_PRIVATE,PRESERVE_REWRITE_CONTENT,,NONE,docs/gsc/rerubsue_gsc_recovery_plan_2026-07-06.xlsx+NONE,High-equity historical IT search winner; keep exact public URL and rewrite content
/รับซื้อคอม-สงขลา/,เปลี่ยนคอมพิวเตอร์เก่าเป็นเงินสดที่สงขลา ตีราคาไว โอนเงินหน้างาน บริการรับถึงบ้าน,MONEY_HUB,computer,UNKNOWN,,,,,,,10,85,D_RETIRE,HOLD_NOINDEX_200,FUTURE_RETIREMENT_APPROVAL_REQUIRED,,,NONE+legacy-posts,Zero search equity thin duplicate post
/รับซื้อคอม-สระบุรี/,รับซื้อคอมพิวเตอร์ สระบุรี ด่วนที่สุด ให้ราคาสูง รับถึงที่ จ่ายเงินสด 100%,MONEY_HUB,computer,UNKNOWN,,,,,,,10,85,D_RETIRE,HOLD_NOINDEX_200,FUTURE_RETIREMENT_APPROVAL_REQUIRED,,,NONE+legacy-posts,Zero search equity thin duplicate post
/รับซื้อคอม-สระแก้ว/,เปลี่ยนคอมพิวเตอร์เก่าเป็นเงินสดที่สระแก้ว ตีราคาไว โอนเงินหน้างาน บริการรับถึงบ้าน,MONEY_HUB,computer,UNKNOWN,,,,,,,10,85,D_RETIRE,HOLD_NOINDEX_200,FUTURE_RETIREMENT_APPROVAL_REQUIRED,,,NONE+legacy-posts,Zero search equity thin duplicate post
/รับซื้อคอม-สะพานสูง/,UNKNOWN,MONEY_HUB,computer,UNKNOWN,,,,,,,10,85,D_RETIRE,UNREGISTERED_OR_PRIVATE,FUTURE_RETIREMENT_APPROVAL_REQUIRED,,NONE,NONE+NONE,Zero search equity thin duplicate post
/รับซื้อคอม-สาทร/,UNKNOWN,MONEY_HUB,computer,UNKNOWN,,,,,,,10,85,D_RETIRE,UNREGISTERED_OR_PRIVATE,FUTURE_RETIREMENT_APPROVAL_REQUIRED,,NONE,NONE+NONE,Zero search equity thin duplicate post
/รับซื้อคอม-สายไหม/,UNKNOWN,LOCAL_MONEY,computer,90_DAYS_PERFORMANCE_EXPORT,2026-04-07,2026-07-06,4,35,9.37,4,60,85,A_PRESERVE_REWRITE,UNREGISTERED_OR_PRIVATE,PRESERVE_REWRITE_CONTENT,,NONE,docs/gsc/rerubsue_gsc_recovery_plan_2026-07-06.xlsx+NONE,High-equity historical IT search winner; keep exact public URL and rewrite content
/รับซื้อคอม-สารคาม/,รับซื้อคอม สารคาม,LOCAL_MONEY,computer,90_DAYS_PERFORMANCE_EXPORT,2026-04-07,2026-07-06,4,107,10.26,4,50,85,A_PRESERVE_REWRITE,HOLD_NOINDEX_200,PRESERVE_REWRITE_CONTENT,,,docs/gsc/rerubsue_gsc_recovery_plan_2026-07-06.xlsx+legacy-posts,High-equity historical IT search winner; keep exact public URL and rewrite content
/รับซื้อคอม-หนองจอก/,UNKNOWN,MONEY_HUB,computer,UNKNOWN,,,,,,,10,85,D_RETIRE,UNREGISTERED_OR_PRIVATE,FUTURE_RETIREMENT_APPROVAL_REQUIRED,,NONE,NONE+NONE,Zero search equity thin duplicate post
/รับซื้อคอม-หนองแขม/,UNKNOWN,MONEY_HUB,computer,UNKNOWN,,,,,,,10,85,D_RETIRE,UNREGISTERED_OR_PRIVATE,FUTURE_RETIREMENT_APPROVAL_REQUIRED,,NONE,NONE+NONE,Zero search equity thin duplicate post
/รับซื้อคอม-หลักสี่/,UNKNOWN,MONEY_HUB,computer,90_DAYS_PERFORMANCE_EXPORT,2026-04-07,2026-07-06,2,41,12.63,2,50,85,E_REVIEW,UNREGISTERED_OR_PRIVATE,OWNER_REVIEW_REQUIRED,,NONE,docs/gsc/rerubsue_gsc_recovery_plan_2026-07-06.xlsx+NONE,Residual historical traffic (2 clicks) requiring explicit stakeholder decision
/รับซื้อคอม-หาดใหญ่/,รับซื้อคอม หาดใหญ่ ประเมินตามสเปกจริง ทั้งคอมบ้านและบริษัท,MONEY_HUB,computer,UNKNOWN,,,,,,,10,85,D_RETIRE,HOLD_NOINDEX_200,FUTURE_RETIREMENT_APPROVAL_REQUIRED,,,NONE+legacy-posts,Zero search equity thin duplicate post
/รับซื้อคอม-ห้วยขวาง/,UNKNOWN,MONEY_HUB,computer,UNKNOWN,,,,,,,10,85,D_RETIRE,UNREGISTERED_OR_PRIVATE,FUTURE_RETIREMENT_APPROVAL_REQUIRED,,NONE,NONE+NONE,Zero search equity thin duplicate post
/รับซื้อคอม-อำนาจเจริญ/,UNKNOWN,MONEY_HUB,computer,90_DAYS_PERFORMANCE_EXPORT,2026-04-07,2026-07-06,2,26,10.15,2,50,85,E_REVIEW,UNREGISTERED_OR_PRIVATE,OWNER_REVIEW_REQUIRED,,NONE,docs/gsc/rerubsue_gsc_recovery_plan_2026-07-06.xlsx+NONE,Residual historical traffic (2 clicks) requiring explicit stakeholder decision
/รับซื้อคอม-อุดรธานี/,รับซื้อคอม อุดรธานี computer อุดร ให้ราคาสูงที่สุด,LOCAL_MONEY,computer,90_DAYS_PERFORMANCE_EXPORT,2026-04-07,2026-07-06,45,498,8.21,45,90,90,A_PRESERVE_REWRITE,HOLD_NOINDEX_200,PRESERVE_REWRITE_CONTENT,,,docs/gsc/rerubsue_gsc_recovery_plan_2026-07-06.xlsx+legacy-posts,High-equity historical IT search winner; keep exact public URL and rewrite content
/รับซื้อคอม-อุบล/,UNKNOWN,LOCAL_MONEY,computer,90_DAYS_PERFORMANCE_EXPORT,2026-04-07,2026-07-06,1,37,16.41,1,50,85,E_REVIEW,UNREGISTERED_OR_PRIVATE,OWNER_REVIEW_REQUIRED,,NONE,docs/gsc/rerubsue_gsc_recovery_plan_2026-07-06.xlsx+NONE,Residual historical traffic (1 clicks) requiring explicit stakeholder decision
/รับซื้อคอม-อ่างทอง/,UNKNOWN,MONEY_HUB,computer,90_DAYS_PERFORMANCE_EXPORT,2026-04-07,2026-07-06,0,1,11.00,0,20,85,D_RETIRE,UNREGISTERED_OR_PRIVATE,FUTURE_RETIREMENT_APPROVAL_REQUIRED,,NONE,docs/gsc/rerubsue_gsc_recovery_plan_2026-07-06.xlsx+NONE,Zero search equity thin duplicate post
/รับซื้อคอม-เชียงใหม่/,UNKNOWN,MONEY_HUB,computer,UNKNOWN,,,,,,,10,85,D_RETIRE,UNREGISTERED_OR_PRIVATE,FUTURE_RETIREMENT_APPROVAL_REQUIRED,,NONE,NONE+NONE,Zero search equity thin duplicate post
/รับซื้อคอม-เลย/,ขายคอมพิวเตอร์ด่วน เลย ที่ไหนดี? WE BUY ให้ราคาสูง จ่ายเงินสดทันใจ รับถึงหน้าบ้าน,MONEY_HUB,computer,UNKNOWN,,,,,,,10,85,D_RETIRE,HOLD_NOINDEX_200,FUTURE_RETIREMENT_APPROVAL_REQUIRED,,,NONE+legacy-posts,Zero search equity thin duplicate post
/รับซื้อคอม-โคราช/,UNKNOWN,MONEY_HUB,computer,90_DAYS_PERFORMANCE_EXPORT,2026-04-07,2026-07-06,0,3,9.33,0,30,85,D_RETIRE,UNREGISTERED_OR_PRIVATE,FUTURE_RETIREMENT_APPROVAL_REQUIRED,,NONE,docs/gsc/rerubsue_gsc_recovery_plan_2026-07-06.xlsx+NONE,Zero search equity thin duplicate post
/รับซื้อคอม-ใกล้ฉัน/,UNKNOWN,MONEY_HUB,computer,UNKNOWN,,,,,,,30,85,C_301_CONSOLIDATE,ACTIVE_REDIRECT_301,MAINTAIN_ACTIVE_REDIRECT,/รับซื้อคอม/,,NONE+redirects,Active migration redirect rule targeting /รับซื้อคอม/
/รับซื้อคอม/,UNKNOWN,MONEY_HUB,computer,90_DAYS_PERFORMANCE_EXPORT,2026-04-07,2026-07-06,1,63,15.19,1,50,100,B_PRESERVE_IMPROVE,UNREGISTERED_OR_PRIVATE,PRESERVE_AND_REBUILD_CORE_HUB,,NONE,docs/gsc/rerubsue_gsc_recovery_plan_2026-07-06.xlsx+NONE,Foundational IT category money hub
/รับซื้อคอมตกรุ่น/,UNKNOWN,MONEY_HUB,computer,UNKNOWN,,,,,,,10,85,D_RETIRE,UNREGISTERED_OR_PRIVATE,FUTURE_RETIREMENT_APPROVAL_REQUIRED,,NONE,NONE+NONE,Zero search equity thin duplicate post
/รับซื้อคอมตัดต่อ/,UNKNOWN,MONEY_HUB,computer,UNKNOWN,,,,,,,10,85,D_RETIRE,UNREGISTERED_OR_PRIVATE,FUTURE_RETIREMENT_APPROVAL_REQUIRED,,NONE,NONE+NONE,Zero search equity thin duplicate post
/รับซื้อคอมตั้งโต๊ะ/,UNKNOWN,MONEY_HUB,computer,UNKNOWN,,,,,,,10,85,D_RETIRE,UNREGISTERED_OR_PRIVATE,FUTURE_RETIREMENT_APPROVAL_REQUIRED,,NONE,NONE+NONE,Zero search equity thin duplicate post
/รับซื้อคอมทำงาน/,UNKNOWN,MONEY_HUB,computer,UNKNOWN,,,,,,,10,85,D_RETIRE,UNREGISTERED_OR_PRIVATE,FUTURE_RETIREMENT_APPROVAL_REQUIRED,,NONE,NONE+NONE,Zero search equity thin duplicate post
/รับซื้อคอมทำงานกราฟิก/,UNKNOWN,MONEY_HUB,computer,UNKNOWN,,,,,,,10,85,D_RETIRE,UNREGISTERED_OR_PRIVATE,FUTURE_RETIREMENT_APPROVAL_REQUIRED,,NONE,NONE+NONE,Zero search equity thin duplicate post
/รับซื้อคอมบริษัท/,รับซื้อคอมบริษัท มือสอง ทุกรุ่น จ่ายสดทันที,MONEY_HUB,computer,UNKNOWN,,,,,,,10,85,D_RETIRE,HOLD_NOINDEX_200,FUTURE_RETIREMENT_APPROVAL_REQUIRED,,,NONE+legacy-posts,Zero search equity thin duplicate post
/รับซื้อคอมประกอบ-ใกล้ฉัน/,UNKNOWN,MONEY_HUB,computer,UNKNOWN,,,,,,,30,85,C_301_CONSOLIDATE,ACTIVE_REDIRECT_301,MAINTAIN_ACTIVE_REDIRECT,/รับซื้อคอมประกอบ/,,NONE+redirects,Active migration redirect rule targeting /รับซื้อคอมประกอบ/
/รับซื้อคอมประกอบบริษัท/,UNKNOWN,MONEY_HUB,computer,UNKNOWN,,,,,,,10,85,D_RETIRE,UNREGISTERED_OR_PRIVATE,FUTURE_RETIREMENT_APPROVAL_REQUIRED,,NONE,NONE+NONE,Zero search equity thin duplicate post
/รับซื้อคอมประกอบร้านเกม/,UNKNOWN,MONEY_HUB,computer,UNKNOWN,,,,,,,10,85,D_RETIRE,UNREGISTERED_OR_PRIVATE,FUTURE_RETIREMENT_APPROVAL_REQUIRED,,NONE,NONE+NONE,Zero search equity thin duplicate post
/รับซื้อคอมประกอบออฟฟิศ/,UNKNOWN,MONEY_HUB,computer,UNKNOWN,,,,,,,10,85,D_RETIRE,UNREGISTERED_OR_PRIVATE,FUTURE_RETIREMENT_APPROVAL_REQUIRED,,NONE,NONE+NONE,Zero search equity thin duplicate post
/รับซื้อคอมปลดระวาง/,UNKNOWN,MONEY_HUB,computer,UNKNOWN,,,,,,,10,85,D_RETIRE,UNREGISTERED_OR_PRIVATE,FUTURE_RETIREMENT_APPROVAL_REQUIRED,,NONE,NONE+NONE,Zero search equity thin duplicate post
/รับซื้อคอมพิวเตอร์-ชลบุ/,UNKNOWN,MONEY_HUB,computer,90_DAYS_PERFORMANCE_EXPORT,2026-04-07,2026-07-06,0,4,19.25,0,20,85,D_RETIRE,UNREGISTERED_OR_PRIVATE,FUTURE_RETIREMENT_APPROVAL_REQUIRED,,NONE,docs/gsc/rerubsue_gsc_recovery_plan_2026-07-06.xlsx+NONE,Zero search equity thin duplicate post
/รับซื้อคอมพิวเตอร์-ภูเก/,UNKNOWN,MONEY_HUB,computer,90_DAYS_PERFORMANCE_EXPORT,2026-04-07,2026-07-06,0,5,26.60,0,20,85,C_301_CONSOLIDATE,ACTIVE_REDIRECT_301,MAINTAIN_ACTIVE_REDIRECT,/รับซื้อคอม/,,docs/gsc/rerubsue_gsc_recovery_plan_2026-07-06.xlsx+redirects,Active migration redirect rule targeting /รับซื้อคอม/
/รับซื้อคอมพิวเตอร์-ยโสธ/,รับซื้อคอมพิวเตอร์ ยโสธร,MONEY_HUB,computer,90_DAYS_PERFORMANCE_EXPORT,2026-04-07,2026-07-06,1,23,7.83,1,60,85,E_REVIEW,HOLD_NOINDEX_200,OWNER_REVIEW_REQUIRED,,,docs/gsc/rerubsue_gsc_recovery_plan_2026-07-06.xlsx+legacy-posts,Residual historical traffic (1 clicks) requiring explicit stakeholder decision
/รับซื้อคอมพิวเตอร์-ร้อย/,รับซื้อคอมพิวเตอร์ ร้อยเอ็ด Computer คอมแบรนด์ คอมประกอบ,MONEY_HUB,computer,90_DAYS_PERFORMANCE_EXPORT,2026-04-07,2026-07-06,1,34,11.24,1,50,85,E_REVIEW,HOLD_NOINDEX_200,OWNER_REVIEW_REQUIRED,,,docs/gsc/rerubsue_gsc_recovery_plan_2026-07-06.xlsx+legacy-posts,Residual historical traffic (1 clicks) requiring explicit stakeholder decision
/รับซื้อคอมพิวเตอร์บริษ/,UNKNOWN,MONEY_HUB,computer,UNKNOWN,,,,,,,10,85,D_RETIRE,UNREGISTERED_OR_PRIVATE,FUTURE_RETIREMENT_APPROVAL_REQUIRED,,NONE,NONE+NONE,Zero search equity thin duplicate post
/รับซื้อคอมพิวเตอร์ภูเก-2/,รับซื้อคอมพิวเตอร์ในภูเก็ต ราคาดีที่สุด,MONEY_HUB,computer,UNKNOWN,,,,,,,10,85,D_RETIRE,HOLD_NOINDEX_200,FUTURE_RETIREMENT_APPROVAL_REQUIRED,,,NONE+legacy-posts,Zero search equity thin duplicate post
/รับซื้อคอมพิวเตอร์ภูเก/,UNKNOWN,MONEY_HUB,computer,UNKNOWN,,,,,,,10,85,D_RETIRE,UNREGISTERED_OR_PRIVATE,FUTURE_RETIREMENT_APPROVAL_REQUIRED,,NONE,NONE+NONE,Zero search equity thin duplicate post
/รับซื้อคอมพิวเตอร์มือส-2/,รับซื้อคอมพิวเตอร์มือสองถึงที่ กรุงเทพฯ,MONEY_HUB,computer,UNKNOWN,,,,,,,10,85,D_RETIRE,HOLD_NOINDEX_200,FUTURE_RETIREMENT_APPROVAL_REQUIRED,,,NONE+legacy-posts,Zero search equity thin duplicate post
/รับซื้อคอมพิวเตอร์มือส/,UNKNOWN,MONEY_HUB,computer,UNKNOWN,,,,,,,10,85,D_RETIRE,UNREGISTERED_OR_PRIVATE,FUTURE_RETIREMENT_APPROVAL_REQUIRED,,NONE,NONE+NONE,Zero search equity thin duplicate post
/รับซื้อคอมยกชุด/,รับซื้อคอมยกชุด มือสอง ทุกรุ่น จ่ายสดทันที,MONEY_HUB,computer,UNKNOWN,,,,,,,10,85,D_RETIRE,HOLD_NOINDEX_200,FUTURE_RETIREMENT_APPROVAL_REQUIRED,,,NONE+legacy-posts,Zero search equity thin duplicate post
/รับซื้อคอมร้านเกม/,UNKNOWN,MONEY_HUB,computer,UNKNOWN,,,,,,,10,85,D_RETIRE,UNREGISTERED_OR_PRIVATE,FUTURE_RETIREMENT_APPROVAL_REQUIRED,,NONE,NONE+NONE,Zero search equity thin duplicate post
/รับซื้อคอมสตรีมเกม/,UNKNOWN,MONEY_HUB,computer,UNKNOWN,,,,,,,10,85,D_RETIRE,UNREGISTERED_OR_PRIVATE,FUTURE_RETIREMENT_APPROVAL_REQUIRED,,NONE,NONE+NONE,Zero search equity thin duplicate post
/รับซื้อคอมสำนักงาน/,UNKNOWN,MONEY_HUB,computer,UNKNOWN,,,,,,,10,85,D_RETIRE,UNREGISTERED_OR_PRIVATE,FUTURE_RETIREMENT_APPROVAL_REQUIRED,,NONE,NONE+NONE,Zero search equity thin duplicate post
/รับซื้อคอมสเปคสูง/,รับซื้อคอมสเปคสูง มือสอง ทุกรุ่น จ่ายสดทันที,MONEY_HUB,computer,UNKNOWN,,,,,,,10,85,D_RETIRE,HOLD_NOINDEX_200,FUTURE_RETIREMENT_APPROVAL_REQUIRED,,,NONE+legacy-posts,Zero search equity thin duplicate post
/รับซื้อคอมองค์กร/,UNKNOWN,MONEY_HUB,computer,UNKNOWN,,,,,,,10,85,D_RETIRE,UNREGISTERED_OR_PRIVATE,FUTURE_RETIREMENT_APPROVAL_REQUIRED,,NONE,NONE+NONE,Zero search equity thin duplicate post
/รับซื้อคอมออฟฟิศ/,รับซื้อคอมออฟฟิศ มือสอง ทุกรุ่น จ่ายสดทันที,MONEY_HUB,computer,UNKNOWN,,,,,,,10,85,D_RETIRE,HOLD_NOINDEX_200,FUTURE_RETIREMENT_APPROVAL_REQUIRED,,,NONE+legacy-posts,Zero search equity thin duplicate post
/รับซื้อคอมเกมมิ่งประกอบ/,UNKNOWN,MONEY_HUB,computer,UNKNOWN,,,,,,,10,85,D_RETIRE,UNREGISTERED_OR_PRIVATE,FUTURE_RETIREMENT_APPROVAL_REQUIRED,,NONE,NONE+NONE,Zero search equity thin duplicate post
/รับซื้อคอมเก่าจากสำนักงาน/,UNKNOWN,MONEY_HUB,computer,UNKNOWN,,,,,,,10,85,D_RETIRE,UNREGISTERED_OR_PRIVATE,FUTURE_RETIREMENT_APPROVAL_REQUIRED,,NONE,NONE+NONE,Zero search equity thin duplicate post
/รับซื้อคอมเล่นเกม/,รับซื้อคอมเล่นเกม มือสอง ทุกรุ่น จ่ายสดทันที,MONEY_HUB,computer,UNKNOWN,,,,,,,10,85,D_RETIRE,HOLD_NOINDEX_200,FUTURE_RETIREMENT_APPROVAL_REQUIRED,,,NONE+legacy-posts,Zero search equity thin duplicate post
/รับซื้อคอมเสีย/,UNKNOWN,MONEY_HUB,computer,UNKNOWN,,,,,,,10,85,D_RETIRE,UNREGISTERED_OR_PRIVATE,FUTURE_RETIREMENT_APPROVAL_REQUIRED,,NONE,NONE+NONE,Zero search equity thin duplicate post
/รับซื้อคอมแบรนด์/,UNKNOWN,MONEY_HUB,computer,UNKNOWN,,,,,,,10,85,D_RETIRE,UNREGISTERED_OR_PRIVATE,FUTURE_RETIREMENT_APPROVAL_REQUIRED,,NONE,NONE+NONE,Zero search equity thin duplicate post
/รับซื้อคอมโรงงาน/,UNKNOWN,MONEY_HUB,computer,UNKNOWN,,,,,,,10,85,D_RETIRE,UNREGISTERED_OR_PRIVATE,FUTURE_RETIREMENT_APPROVAL_REQUIRED,,NONE,NONE+NONE,Zero search equity thin duplicate post
/รับซื้อคอมโรงเรียน/,UNKNOWN,MONEY_HUB,computer,UNKNOWN,,,,,,,10,85,D_RETIRE,UNREGISTERED_OR_PRIVATE,FUTURE_RETIREMENT_APPROVAL_REQUIRED,,NONE,NONE+NONE,Zero search equity thin duplicate post
/รับซื้อคำชะอี/,UNKNOWN,MONEY_HUB,general_buyback,UNKNOWN,,,,,,,10,35,D_RETIRE,UNREGISTERED_OR_PRIVATE,FUTURE_RETIREMENT_APPROVAL_REQUIRED,,NONE,NONE+NONE,Zero search equity thin duplicate post
/รับซื้อคำเขื่อนแก้ว/,UNKNOWN,MONEY_HUB,general_buyback,UNKNOWN,,,,,,,10,35,D_RETIRE,UNREGISTERED_OR_PRIVATE,FUTURE_RETIREMENT_APPROVAL_REQUIRED,,NONE,NONE+NONE,Zero search equity thin duplicate post
/รับซื้อคีย์บอร์ด/,UNKNOWN,MONEY_HUB,general_buyback,UNKNOWN,,,,,,,10,35,D_RETIRE,UNREGISTERED_OR_PRIVATE,FUTURE_RETIREMENT_APPROVAL_REQUIRED,,NONE,NONE+NONE,Zero search equity thin duplicate post
/รับซื้อจอคอม-ศรีสะเกษ/,UNKNOWN,LOCAL_MONEY,computer,UNKNOWN,,,,,,,10,85,D_RETIRE,UNREGISTERED_OR_PRIVATE,FUTURE_RETIREMENT_APPROVAL_REQUIRED,,NONE,NONE+NONE,Zero search equity thin duplicate post
/รับซื้อจอคอม-อำนาจเจริญ/,UNKNOWN,MONEY_HUB,computer,UNKNOWN,,,,,,,10,85,D_RETIRE,UNREGISTERED_OR_PRIVATE,FUTURE_RETIREMENT_APPROVAL_REQUIRED,,NONE,NONE+NONE,Zero search equity thin duplicate post
/รับซื้อจอคอม-อุบล/,รับซื้อจอคอม อุบล รับซื้อจอเกมมิ่ง อุบล รับซื้อจอคอมพิวเตอร์ อุบลราชธานี,LOCAL_MONEY,computer,UNKNOWN,,,,,,,10,85,D_RETIRE,HOLD_NOINDEX_200,FUTURE_RETIREMENT_APPROVAL_REQUIRED,,,NONE+legacy-posts,Zero search equity thin duplicate post
/รับซื้อจอคอมพิวเตอร์/,UNKNOWN,MONEY_HUB,computer,UNKNOWN,,,,,,,10,85,D_RETIRE,UNREGISTERED_OR_PRIVATE,FUTURE_RETIREMENT_APPROVAL_REQUIRED,,NONE,NONE+NONE,Zero search equity thin duplicate post
/รับซื้อจัตุรัส/,UNKNOWN,MONEY_HUB,general_buyback,UNKNOWN,,,,,,,10,35,D_RETIRE,UNREGISTERED_OR_PRIVATE,FUTURE_RETIREMENT_APPROVAL_REQUIRED,,NONE,NONE+NONE,Zero search equity thin duplicate post
/รับซื้อชานุมาน/,UNKNOWN,MONEY_HUB,general_buyback,UNKNOWN,,,,,,,10,35,D_RETIRE,UNREGISTERED_OR_PRIVATE,FUTURE_RETIREMENT_APPROVAL_REQUIRED,,NONE,NONE+NONE,Zero search equity thin duplicate post
/รับซื้อชุดน้ำคอม-gaming/,รับซื้อชุดน้ำคอม Gaming มือสอง ทุกรุ่น จ่ายสดทันที,MONEY_HUB,computer,UNKNOWN,,,,,,,10,85,D_RETIRE,HOLD_NOINDEX_200,FUTURE_RETIREMENT_APPROVAL_REQUIRED,,,NONE+legacy-posts,Zero search equity thin duplicate post
/รับซื้อชุมแพ/,UNKNOWN,MONEY_HUB,general_buyback,UNKNOWN,,,,,,,10,35,D_RETIRE,UNREGISTERED_OR_PRIVATE,FUTURE_RETIREMENT_APPROVAL_REQUIRED,,NONE,NONE+NONE,Zero search equity thin duplicate post
/รับซื้อซัมซุง-ขอนแก่น/,UNKNOWN,MONEY_HUB,general_buyback,UNKNOWN,,,,,,,10,35,D_RETIRE,UNREGISTERED_OR_PRIVATE,FUTURE_RETIREMENT_APPROVAL_REQUIRED,,NONE,NONE+NONE,Zero search equity thin duplicate post
/รับซื้อซัมซุง-อุบล/,UNKNOWN,MONEY_HUB,general_buyback,UNKNOWN,,,,,,,10,35,D_RETIRE,UNREGISTERED_OR_PRIVATE,FUTURE_RETIREMENT_APPROVAL_REQUIRED,,NONE,NONE+NONE,Zero search equity thin duplicate post
/รับซื้อซาก-notebook/,UNKNOWN,MONEY_HUB,notebook,UNKNOWN,,,,,,,10,85,D_RETIRE,UNREGISTERED_OR_PRIVATE,FUTURE_RETIREMENT_APPROVAL_REQUIRED,,NONE,NONE+NONE,Zero search equity thin duplicate post
/รับซื้อซาก-server/,รับซื้อซาก Server ทุกยี่ห้อ ทุกรุ่น จ่ายตามชิ้นส่วน,MONEY_HUB,enterprise_scrap,UNKNOWN,,,,,,,10,85,D_RETIRE,HOLD_NOINDEX_200,FUTURE_RETIREMENT_APPROVAL_REQUIRED,,,NONE+legacy-posts,Zero search equity thin duplicate post
/รับซื้อซากคอมพิวเตอร์/,รับซื้อซากคอมพิวเตอร์ คอมพิวเตอร์เสีย คอมเก่าไม่ได้ใช้,MONEY_HUB,computer,90_DAYS_PERFORMANCE_EXPORT,2026-04-07,2026-07-06,15,164,20.39,15,70,90,A_PRESERVE_REWRITE,UNREGISTERED_OR_PRIVATE,PRESERVE_REWRITE_CONTENT,,NONE,docs/gsc/rerubsue_gsc_recovery_plan_2026-07-06.xlsx+NONE,High-equity historical IT search winner; keep exact public URL and rewrite content
/รับซื้อซากโน๊ตบุ๊ค/,รับซื้อซากโน๊ตบุ๊ค มือสอง ทุกรุ่น จ่ายสดทันที,MONEY_HUB,notebook,UNKNOWN,,,,,,,10,85,D_RETIRE,HOLD_NOINDEX_200,FUTURE_RETIREMENT_APPROVAL_REQUIRED,,,NONE+legacy-posts,Zero search equity thin duplicate post
/รับซื้อตั๋วจำนำ/,UNKNOWN,OFF_TOPIC,off_topic,UNKNOWN,,,,,,,10,0,D_RETIRE,GONE_410,MAINTAIN_GONE_410,,,NONE+gone-paths.ts,Off-topic legacy niche (alcohol / pawn / home appliance) or thin archive
/รับซื้อตั๋วจำนำกมลาไสย/,UNKNOWN,OFF_TOPIC,off_topic,90_DAYS_PERFORMANCE_EXPORT,2026-04-07,2026-07-06,6,236,10.70,6,60,0,D_RETIRE,GONE_410,MAINTAIN_GONE_410,,,docs/gsc/rerubsue_gsc_recovery_plan_2026-07-06.xlsx+gone-paths.ts,Off-topic legacy niche (alcohol / pawn / home appliance) or thin archive
/รับซื้อตั๋วจำนำกันทรลั/,UNKNOWN,OFF_TOPIC,off_topic,90_DAYS_PERFORMANCE_EXPORT,2026-04-07,2026-07-06,14,192,9.60,14,80,0,D_RETIRE,GONE_410,MAINTAIN_GONE_410,,,docs/gsc/rerubsue_gsc_recovery_plan_2026-07-06.xlsx+gone-paths.ts,Off-topic legacy niche (alcohol / pawn / home appliance) or thin archive
/รับซื้อตั๋วจำนำกันทรวิ/,UNKNOWN,OFF_TOPIC,off_topic,90_DAYS_PERFORMANCE_EXPORT,2026-04-07,2026-07-06,1,77,9.31,1,60,0,D_RETIRE,GONE_410,MAINTAIN_GONE_410,,,docs/gsc/rerubsue_gsc_recovery_plan_2026-07-06.xlsx+gone-paths.ts,Off-topic legacy niche (alcohol / pawn / home appliance) or thin archive
/รับซื้อตั๋วจำนำขุขันธ์/,UNKNOWN,OFF_TOPIC,off_topic,90_DAYS_PERFORMANCE_EXPORT,2026-04-07,2026-07-06,2,128,10.87,2,50,0,D_RETIRE,GONE_410,MAINTAIN_GONE_410,,,docs/gsc/rerubsue_gsc_recovery_plan_2026-07-06.xlsx+gone-paths.ts,Off-topic legacy niche (alcohol / pawn / home appliance) or thin archive
/รับซื้อตั๋วจำนำคำชะอี/,UNKNOWN,OFF_TOPIC,off_topic,90_DAYS_PERFORMANCE_EXPORT,2026-04-07,2026-07-06,4,51,8.08,4,60,0,D_RETIRE,GONE_410,MAINTAIN_GONE_410,,,docs/gsc/rerubsue_gsc_recovery_plan_2026-07-06.xlsx+gone-paths.ts,Off-topic legacy niche (alcohol / pawn / home appliance) or thin archive
/รับซื้อตั๋วจำนำคำชะอี/#ขั้�%.../,UNKNOWN,OFF_TOPIC,off_topic,90_DAYS_PERFORMANCE_EXPORT,2026-04-07,2026-07-06,0,2,7.00,0,30,0,D_RETIRE,UNREGISTERED_OR_PRIVATE,FUTURE_RETIREMENT_APPROVAL_REQUIRED,,NONE,docs/gsc/rerubsue_gsc_recovery_plan_2026-07-06.xlsx+NONE,Off-topic legacy niche (alcohol / pawn / home appliance) or thin archive
/รับซื้อตั๋วจำนำคำชะอี/#ทำไ�%.../,UNKNOWN,OFF_TOPIC,off_topic,90_DAYS_PERFORMANCE_EXPORT,2026-04-07,2026-07-06,0,2,7.00,0,30,0,D_RETIRE,UNREGISTERED_OR_PRIVATE,FUTURE_RETIREMENT_APPROVAL_REQUIRED,,NONE,docs/gsc/rerubsue_gsc_recovery_plan_2026-07-06.xlsx+NONE,Off-topic legacy niche (alcohol / pawn / home appliance) or thin archive
/รับซื้อตั๋วจำนำคำชะอี/#ปัญ�%.../,UNKNOWN,OFF_TOPIC,off_topic,90_DAYS_PERFORMANCE_EXPORT,2026-04-07,2026-07-06,0,2,7.00,0,30,0,D_RETIRE,UNREGISTERED_OR_PRIVATE,FUTURE_RETIREMENT_APPROVAL_REQUIRED,,NONE,docs/gsc/rerubsue_gsc_recovery_plan_2026-07-06.xlsx+NONE,Off-topic legacy niche (alcohol / pawn / home appliance) or thin archive
/รับซื้อตั๋วจำนำคำเขื่อ/,UNKNOWN,OFF_TOPIC,off_topic,UNKNOWN,,,,,,,10,0,D_RETIRE,GONE_410,MAINTAIN_GONE_410,,,NONE+gone-paths.ts,Off-topic legacy niche (alcohol / pawn / home appliance) or thin archive
/รับซื้อตั๋วจำนำจัตุรัส/,UNKNOWN,OFF_TOPIC,off_topic,UNKNOWN,,,,,,,10,0,D_RETIRE,GONE_410,MAINTAIN_GONE_410,,,NONE+gone-paths.ts,Off-topic legacy niche (alcohol / pawn / home appliance) or thin archive
/รับซื้อตั๋วจำนำชานุมาน/,UNKNOWN,OFF_TOPIC,off_topic,UNKNOWN,,,,,,,10,0,D_RETIRE,GONE_410,MAINTAIN_GONE_410,,,NONE+gone-paths.ts,Off-topic legacy niche (alcohol / pawn / home appliance) or thin archive
/รับซื้อตั๋วจำนำชุมแพ/,UNKNOWN,OFF_TOPIC,off_topic,90_DAYS_PERFORMANCE_EXPORT,2026-04-07,2026-07-06,2,203,9.52,2,60,0,D_RETIRE,GONE_410,MAINTAIN_GONE_410,,,docs/gsc/rerubsue_gsc_recovery_plan_2026-07-06.xlsx+gone-paths.ts,Off-topic legacy niche (alcohol / pawn / home appliance) or thin archive
/รับซื้อตั๋วจำนำท่าบ่อ/,UNKNOWN,OFF_TOPIC,off_topic,UNKNOWN,,,,,,,10,0,D_RETIRE,GONE_410,MAINTAIN_GONE_410,,,NONE+gone-paths.ts,Off-topic legacy niche (alcohol / pawn / home appliance) or thin archive
/รับซื้อตั๋วจำนำธวัชบุร/,UNKNOWN,OFF_TOPIC,off_topic,UNKNOWN,,,,,,,10,0,D_RETIRE,GONE_410,MAINTAIN_GONE_410,,,NONE+gone-paths.ts,Off-topic legacy niche (alcohol / pawn / home appliance) or thin archive
/รับซื้อตั๋วจำนำธาตุพนม/,UNKNOWN,OFF_TOPIC,off_topic,UNKNOWN,,,,,,,10,0,D_RETIRE,GONE_410,MAINTAIN_GONE_410,,,NONE+gone-paths.ts,Off-topic legacy niche (alcohol / pawn / home appliance) or thin archive
/รับซื้อตั๋วจำนำนากลาง/,UNKNOWN,OFF_TOPIC,off_topic,90_DAYS_PERFORMANCE_EXPORT,2026-04-07,2026-07-06,3,236,9.45,3,60,0,D_RETIRE,GONE_410,MAINTAIN_GONE_410,,,docs/gsc/rerubsue_gsc_recovery_plan_2026-07-06.xlsx+gone-paths.ts,Off-topic legacy niche (alcohol / pawn / home appliance) or thin archive
/รับซื้อตั๋วจำนำนากลาง/#ขั้�%.../,UNKNOWN,OFF_TOPIC,off_topic,90_DAYS_PERFORMANCE_EXPORT,2026-04-07,2026-07-06,0,18,13.22,0,20,0,D_RETIRE,UNREGISTERED_OR_PRIVATE,FUTURE_RETIREMENT_APPROVAL_REQUIRED,,NONE,docs/gsc/rerubsue_gsc_recovery_plan_2026-07-06.xlsx+NONE,Off-topic legacy niche (alcohol / pawn / home appliance) or thin archive
/รับซื้อตั๋วจำนำนากลาง/#ทำไ�%.../,UNKNOWN,OFF_TOPIC,off_topic,90_DAYS_PERFORMANCE_EXPORT,2026-04-07,2026-07-06,0,18,13.22,0,20,0,D_RETIRE,UNREGISTERED_OR_PRIVATE,FUTURE_RETIREMENT_APPROVAL_REQUIRED,,NONE,docs/gsc/rerubsue_gsc_recovery_plan_2026-07-06.xlsx+NONE,Off-topic legacy niche (alcohol / pawn / home appliance) or thin archive
/รับซื้อตั๋วจำนำนากลาง/#ปัญ�%.../,UNKNOWN,OFF_TOPIC,off_topic,90_DAYS_PERFORMANCE_EXPORT,2026-04-07,2026-07-06,0,18,13.22,0,20,0,D_RETIRE,UNREGISTERED_OR_PRIVATE,FUTURE_RETIREMENT_APPROVAL_REQUIRED,,NONE,docs/gsc/rerubsue_gsc_recovery_plan_2026-07-06.xlsx+NONE,Off-topic legacy niche (alcohol / pawn / home appliance) or thin archive
/รับซื้อตั๋วจำนำนางรอง/,UNKNOWN,OFF_TOPIC,off_topic,90_DAYS_PERFORMANCE_EXPORT,2026-04-07,2026-07-06,0,1,5.00,0,30,0,D_RETIRE,GONE_410,MAINTAIN_GONE_410,,,docs/gsc/rerubsue_gsc_recovery_plan_2026-07-06.xlsx+gone-paths.ts,Off-topic legacy niche (alcohol / pawn / home appliance) or thin archive
/รับซื้อตั๋วจำนำนิคมคำส/,UNKNOWN,OFF_TOPIC,off_topic,90_DAYS_PERFORMANCE_EXPORT,2026-04-07,2026-07-06,1,24,13.58,1,50,0,D_RETIRE,GONE_410,MAINTAIN_GONE_410,,,docs/gsc/rerubsue_gsc_recovery_plan_2026-07-06.xlsx+gone-paths.ts,Off-topic legacy niche (alcohol / pawn / home appliance) or thin archive
/รับซื้อตั๋วจำนำบ้านผือ/,UNKNOWN,OFF_TOPIC,off_topic,90_DAYS_PERFORMANCE_EXPORT,2026-04-07,2026-07-06,7,161,9.48,7,70,0,D_RETIRE,GONE_410,MAINTAIN_GONE_410,,,docs/gsc/rerubsue_gsc_recovery_plan_2026-07-06.xlsx+gone-paths.ts,Off-topic legacy niche (alcohol / pawn / home appliance) or thin archive
/รับซื้อตั๋วจำนำบ้านเขว/,UNKNOWN,OFF_TOPIC,off_topic,90_DAYS_PERFORMANCE_EXPORT,2026-04-07,2026-07-06,1,49,7.73,1,60,0,D_RETIRE,GONE_410,MAINTAIN_GONE_410,,,docs/gsc/rerubsue_gsc_recovery_plan_2026-07-06.xlsx+gone-paths.ts,Off-topic legacy niche (alcohol / pawn / home appliance) or thin archive
/รับซื้อตั๋วจำนำบ้านไผ่/,UNKNOWN,OFF_TOPIC,off_topic,90_DAYS_PERFORMANCE_EXPORT,2026-04-07,2026-07-06,4,127,10.58,4,50,0,D_RETIRE,GONE_410,MAINTAIN_GONE_410,,,docs/gsc/rerubsue_gsc_recovery_plan_2026-07-06.xlsx+gone-paths.ts,Off-topic legacy niche (alcohol / pawn / home appliance) or thin archive
/รับซื้อตั๋วจำนำปทุมราช/,UNKNOWN,OFF_TOPIC,off_topic,90_DAYS_PERFORMANCE_EXPORT,2026-04-07,2026-07-06,1,59,12.49,1,50,0,D_RETIRE,GONE_410,MAINTAIN_GONE_410,,,docs/gsc/rerubsue_gsc_recovery_plan_2026-07-06.xlsx+gone-paths.ts,Off-topic legacy niche (alcohol / pawn / home appliance) or thin archive
/รับซื้อตั๋วจำนำประโคนช/,UNKNOWN,OFF_TOPIC,off_topic,UNKNOWN,,,,,,,10,0,D_RETIRE,GONE_410,MAINTAIN_GONE_410,,,NONE+gone-paths.ts,Off-topic legacy niche (alcohol / pawn / home appliance) or thin archive
/รับซื้อตั๋วจำนำปราสาท/,UNKNOWN,OFF_TOPIC,off_topic,UNKNOWN,,,,,,,10,0,D_RETIRE,GONE_410,MAINTAIN_GONE_410,,,NONE+gone-paths.ts,Off-topic legacy niche (alcohol / pawn / home appliance) or thin archive
/รับซื้อตั๋วจำนำปากช่อง/,UNKNOWN,OFF_TOPIC,off_topic,90_DAYS_PERFORMANCE_EXPORT,2026-04-07,2026-07-06,7,106,9.39,7,70,0,D_RETIRE,GONE_410,MAINTAIN_GONE_410,,,docs/gsc/rerubsue_gsc_recovery_plan_2026-07-06.xlsx+gone-paths.ts,Off-topic legacy niche (alcohol / pawn / home appliance) or thin archive
/รับซื้อตั๋วจำนำพรเจริญ/,UNKNOWN,OFF_TOPIC,off_topic,90_DAYS_PERFORMANCE_EXPORT,2026-04-07,2026-07-06,4,131,8.93,4,60,0,D_RETIRE,GONE_410,MAINTAIN_GONE_410,,,docs/gsc/rerubsue_gsc_recovery_plan_2026-07-06.xlsx+gone-paths.ts,Off-topic legacy niche (alcohol / pawn / home appliance) or thin archive
/รับซื้อตั๋วจำนำมหาชนะช/,UNKNOWN,OFF_TOPIC,off_topic,UNKNOWN,,,,,,,10,0,D_RETIRE,GONE_410,MAINTAIN_GONE_410,,,NONE+gone-paths.ts,Off-topic legacy niche (alcohol / pawn / home appliance) or thin archive
/รับซื้อตั๋วจำนำยางตลาด/,UNKNOWN,OFF_TOPIC,off_topic,UNKNOWN,,,,,,,10,0,D_RETIRE,GONE_410,MAINTAIN_GONE_410,,,NONE+gone-paths.ts,Off-topic legacy niche (alcohol / pawn / home appliance) or thin archive
/รับซื้อตั๋วจำนำรัตนบุร/,UNKNOWN,OFF_TOPIC,off_topic,UNKNOWN,,,,,,,10,0,D_RETIRE,GONE_410,MAINTAIN_GONE_410,,,NONE+gone-paths.ts,Off-topic legacy niche (alcohol / pawn / home appliance) or thin archive
/รับซื้อตั๋วจำนำวังสะพุ/,UNKNOWN,OFF_TOPIC,off_topic,UNKNOWN,,,,,,,10,0,D_RETIRE,GONE_410,MAINTAIN_GONE_410,,,NONE+gone-paths.ts,Off-topic legacy niche (alcohol / pawn / home appliance) or thin archive
/รับซื้อตั๋วจำนำวาริชภู/,UNKNOWN,OFF_TOPIC,off_topic,UNKNOWN,,,,,,,10,0,D_RETIRE,GONE_410,MAINTAIN_GONE_410,,,NONE+gone-paths.ts,Off-topic legacy niche (alcohol / pawn / home appliance) or thin archive
/รับซื้อตั๋วจำนำวารินชำ/,UNKNOWN,OFF_TOPIC,off_topic,UNKNOWN,,,,,,,10,0,D_RETIRE,GONE_410,MAINTAIN_GONE_410,,,NONE+gone-paths.ts,Off-topic legacy niche (alcohol / pawn / home appliance) or thin archive
/รับซื้อตั๋วจำนำศรีบุญเ/,UNKNOWN,OFF_TOPIC,off_topic,90_DAYS_PERFORMANCE_EXPORT,2026-04-07,2026-07-06,5,177,7.44,5,70,0,D_RETIRE,GONE_410,MAINTAIN_GONE_410,,,docs/gsc/rerubsue_gsc_recovery_plan_2026-07-06.xlsx+gone-paths.ts,Off-topic legacy niche (alcohol / pawn / home appliance) or thin archive
/รับซื้อตั๋วจำนำศรีเชีย/,UNKNOWN,OFF_TOPIC,off_topic,UNKNOWN,,,,,,,10,0,D_RETIRE,GONE_410,MAINTAIN_GONE_410,,,NONE+gone-paths.ts,Off-topic legacy niche (alcohol / pawn / home appliance) or thin archive
/รับซื้อตั๋วจำนำหนองหาน/,UNKNOWN,OFF_TOPIC,off_topic,90_DAYS_PERFORMANCE_EXPORT,2026-04-07,2026-07-06,3,99,8.42,3,60,0,D_RETIRE,GONE_410,MAINTAIN_GONE_410,,,docs/gsc/rerubsue_gsc_recovery_plan_2026-07-06.xlsx+gone-paths.ts,Off-topic legacy niche (alcohol / pawn / home appliance) or thin archive
/รับซื้อตั๋วจำนำอากาศอำ/,UNKNOWN,OFF_TOPIC,off_topic,UNKNOWN,,,,,,,10,0,D_RETIRE,GONE_410,MAINTAIN_GONE_410,,,NONE+gone-paths.ts,Off-topic legacy niche (alcohol / pawn / home appliance) or thin archive
/รับซื้อตั๋วจำนำเชียงคา/,UNKNOWN,OFF_TOPIC,off_topic,UNKNOWN,,,,,,,10,0,D_RETIRE,GONE_410,MAINTAIN_GONE_410,,,NONE+gone-paths.ts,Off-topic legacy niche (alcohol / pawn / home appliance) or thin archive
/รับซื้อตั๋วจำนำเซกา/,UNKNOWN,OFF_TOPIC,off_topic,UNKNOWN,,,,,,,10,0,D_RETIRE,GONE_410,MAINTAIN_GONE_410,,,NONE+gone-paths.ts,Off-topic legacy niche (alcohol / pawn / home appliance) or thin archive
/รับซื้อตั๋วจำนำเดชอุดม/,UNKNOWN,OFF_TOPIC,off_topic,90_DAYS_PERFORMANCE_EXPORT,2026-04-07,2026-07-06,0,20,10.55,0,35,0,D_RETIRE,GONE_410,MAINTAIN_GONE_410,,,docs/gsc/rerubsue_gsc_recovery_plan_2026-07-06.xlsx+gone-paths.ts,Off-topic legacy niche (alcohol / pawn / home appliance) or thin archive
/รับซื้อตั๋วจำนำเมืองกา/,UNKNOWN,OFF_TOPIC,off_topic,UNKNOWN,,,,,,,10,0,D_RETIRE,GONE_410,MAINTAIN_GONE_410,,,NONE+gone-paths.ts,Off-topic legacy niche (alcohol / pawn / home appliance) or thin archive
/รับซื้อตั๋วจำนำเมืองขอ/,UNKNOWN,OFF_TOPIC,off_topic,UNKNOWN,,,,,,,10,0,D_RETIRE,GONE_410,MAINTAIN_GONE_410,,,NONE+gone-paths.ts,Off-topic legacy niche (alcohol / pawn / home appliance) or thin archive
/รับซื้อตั๋วจำนำเมืองชั/,UNKNOWN,OFF_TOPIC,off_topic,90_DAYS_PERFORMANCE_EXPORT,2026-04-07,2026-07-06,6,217,9.65,6,70,0,D_RETIRE,GONE_410,MAINTAIN_GONE_410,,,docs/gsc/rerubsue_gsc_recovery_plan_2026-07-06.xlsx+gone-paths.ts,Off-topic legacy niche (alcohol / pawn / home appliance) or thin archive
/รับซื้อตั๋วจำนำเมืองนค-2/,UNKNOWN,OFF_TOPIC,off_topic,90_DAYS_PERFORMANCE_EXPORT,2026-04-07,2026-07-06,6,85,7.95,6,70,0,D_RETIRE,GONE_410,MAINTAIN_GONE_410,,,docs/gsc/rerubsue_gsc_recovery_plan_2026-07-06.xlsx+gone-paths.ts,Off-topic legacy niche (alcohol / pawn / home appliance) or thin archive
/รับซื้อตั๋วจำนำเมืองนค/,UNKNOWN,OFF_TOPIC,off_topic,90_DAYS_PERFORMANCE_EXPORT,2026-04-07,2026-07-06,3,296,11.50,3,50,0,D_RETIRE,GONE_410,MAINTAIN_GONE_410,,,docs/gsc/rerubsue_gsc_recovery_plan_2026-07-06.xlsx+gone-paths.ts,Off-topic legacy niche (alcohol / pawn / home appliance) or thin archive
/รับซื้อตั๋วจำนำเมืองบึ/,UNKNOWN,OFF_TOPIC,off_topic,UNKNOWN,,,,,,,10,0,D_RETIRE,GONE_410,MAINTAIN_GONE_410,,,NONE+gone-paths.ts,Off-topic legacy niche (alcohol / pawn / home appliance) or thin archive
/รับซื้อตั๋วจำนำเมืองบุ/,UNKNOWN,OFF_TOPIC,off_topic,90_DAYS_PERFORMANCE_EXPORT,2026-04-07,2026-07-06,5,102,8.80,5,70,0,D_RETIRE,GONE_410,MAINTAIN_GONE_410,,,docs/gsc/rerubsue_gsc_recovery_plan_2026-07-06.xlsx+gone-paths.ts,Off-topic legacy niche (alcohol / pawn / home appliance) or thin archive
/รับซื้อตั๋วจำนำเมืองมห/,UNKNOWN,OFF_TOPIC,off_topic,UNKNOWN,,,,,,,10,0,D_RETIRE,GONE_410,MAINTAIN_GONE_410,,,NONE+gone-paths.ts,Off-topic legacy niche (alcohol / pawn / home appliance) or thin archive
/รับซื้อตั๋วจำนำเมืองมุ/,UNKNOWN,OFF_TOPIC,off_topic,UNKNOWN,,,,,,,10,0,D_RETIRE,GONE_410,MAINTAIN_GONE_410,,,NONE+gone-paths.ts,Off-topic legacy niche (alcohol / pawn / home appliance) or thin archive
/รับซื้อตั๋วจำนำเมืองยโ/,UNKNOWN,OFF_TOPIC,off_topic,90_DAYS_PERFORMANCE_EXPORT,2026-04-07,2026-07-06,2,58,9.84,2,60,0,D_RETIRE,GONE_410,MAINTAIN_GONE_410,,,docs/gsc/rerubsue_gsc_recovery_plan_2026-07-06.xlsx+gone-paths.ts,Off-topic legacy niche (alcohol / pawn / home appliance) or thin archive
/รับซื้อตั๋วจำนำเมืองร้/,UNKNOWN,OFF_TOPIC,off_topic,90_DAYS_PERFORMANCE_EXPORT,2026-04-07,2026-07-06,10,113,13.12,10,70,0,D_RETIRE,GONE_410,MAINTAIN_GONE_410,,,docs/gsc/rerubsue_gsc_recovery_plan_2026-07-06.xlsx+gone-paths.ts,Off-topic legacy niche (alcohol / pawn / home appliance) or thin archive
/รับซื้อตั๋วจำนำเมืองร้/#ขั้�.../,UNKNOWN,OFF_TOPIC,off_topic,90_DAYS_PERFORMANCE_EXPORT,2026-04-07,2026-07-06,0,22,9.64,0,45,0,D_RETIRE,UNREGISTERED_OR_PRIVATE,FUTURE_RETIREMENT_APPROVAL_REQUIRED,,NONE,docs/gsc/rerubsue_gsc_recovery_plan_2026-07-06.xlsx+NONE,Off-topic legacy niche (alcohol / pawn / home appliance) or thin archive
/รับซื้อตั๋วจำนำเมืองร้/#ทำไ�.../,UNKNOWN,OFF_TOPIC,off_topic,90_DAYS_PERFORMANCE_EXPORT,2026-04-07,2026-07-06,0,22,9.64,0,45,0,D_RETIRE,UNREGISTERED_OR_PRIVATE,FUTURE_RETIREMENT_APPROVAL_REQUIRED,,NONE,docs/gsc/rerubsue_gsc_recovery_plan_2026-07-06.xlsx+NONE,Off-topic legacy niche (alcohol / pawn / home appliance) or thin archive
/รับซื้อตั๋วจำนำเมืองร้/#ปัญ�.../,UNKNOWN,OFF_TOPIC,off_topic,90_DAYS_PERFORMANCE_EXPORT,2026-04-07,2026-07-06,0,22,9.64,0,45,0,D_RETIRE,UNREGISTERED_OR_PRIVATE,FUTURE_RETIREMENT_APPROVAL_REQUIRED,,NONE,docs/gsc/rerubsue_gsc_recovery_plan_2026-07-06.xlsx+NONE,Off-topic legacy niche (alcohol / pawn / home appliance) or thin archive
/รับซื้อตั๋วจำนำเมืองศร/,UNKNOWN,OFF_TOPIC,off_topic,UNKNOWN,,,,,,,10,0,D_RETIRE,GONE_410,MAINTAIN_GONE_410,,,NONE+gone-paths.ts,Off-topic legacy niche (alcohol / pawn / home appliance) or thin archive
/รับซื้อตั๋วจำนำเมืองสก/,UNKNOWN,OFF_TOPIC,off_topic,90_DAYS_PERFORMANCE_EXPORT,2026-04-07,2026-07-06,2,55,9.89,2,60,0,D_RETIRE,GONE_410,MAINTAIN_GONE_410,,,docs/gsc/rerubsue_gsc_recovery_plan_2026-07-06.xlsx+gone-paths.ts,Off-topic legacy niche (alcohol / pawn / home appliance) or thin archive
/รับซื้อตั๋วจำนำเมืองสุ/,UNKNOWN,OFF_TOPIC,off_topic,90_DAYS_PERFORMANCE_EXPORT,2026-04-07,2026-07-06,16,152,9.71,16,80,0,D_RETIRE,GONE_410,MAINTAIN_GONE_410,,,docs/gsc/rerubsue_gsc_recovery_plan_2026-07-06.xlsx+gone-paths.ts,Off-topic legacy niche (alcohol / pawn / home appliance) or thin archive
/รับซื้อตั๋วจำนำเมืองสุ/#ขั้�.../,UNKNOWN,OFF_TOPIC,off_topic,90_DAYS_PERFORMANCE_EXPORT,2026-04-07,2026-07-06,0,2,11.00,0,20,0,D_RETIRE,UNREGISTERED_OR_PRIVATE,FUTURE_RETIREMENT_APPROVAL_REQUIRED,,NONE,docs/gsc/rerubsue_gsc_recovery_plan_2026-07-06.xlsx+NONE,Off-topic legacy niche (alcohol / pawn / home appliance) or thin archive
/รับซื้อตั๋วจำนำเมืองสุ/#ทำไ�.../,UNKNOWN,OFF_TOPIC,off_topic,90_DAYS_PERFORMANCE_EXPORT,2026-04-07,2026-07-06,0,2,11.00,0,20,0,D_RETIRE,UNREGISTERED_OR_PRIVATE,FUTURE_RETIREMENT_APPROVAL_REQUIRED,,NONE,docs/gsc/rerubsue_gsc_recovery_plan_2026-07-06.xlsx+NONE,Off-topic legacy niche (alcohol / pawn / home appliance) or thin archive
/รับซื้อตั๋วจำนำเมืองสุ/#ปัญ�.../,UNKNOWN,OFF_TOPIC,off_topic,90_DAYS_PERFORMANCE_EXPORT,2026-04-07,2026-07-06,0,2,11.00,0,20,0,D_RETIRE,UNREGISTERED_OR_PRIVATE,FUTURE_RETIREMENT_APPROVAL_REQUIRED,,NONE,docs/gsc/rerubsue_gsc_recovery_plan_2026-07-06.xlsx+NONE,Off-topic legacy niche (alcohol / pawn / home appliance) or thin archive
/รับซื้อตั๋วจำนำเมืองหน-2/,UNKNOWN,OFF_TOPIC,off_topic,UNKNOWN,,,,,,,10,0,D_RETIRE,GONE_410,MAINTAIN_GONE_410,,,NONE+gone-paths.ts,Off-topic legacy niche (alcohol / pawn / home appliance) or thin archive
/รับซื้อตั๋วจำนำเมืองหน/,UNKNOWN,OFF_TOPIC,off_topic,UNKNOWN,,,,,,,10,0,D_RETIRE,GONE_410,MAINTAIN_GONE_410,,,NONE+gone-paths.ts,Off-topic legacy niche (alcohol / pawn / home appliance) or thin archive
/รับซื้อตั๋วจำนำเมืองอำ/,UNKNOWN,OFF_TOPIC,off_topic,UNKNOWN,,,,,,,10,0,D_RETIRE,GONE_410,MAINTAIN_GONE_410,,,NONE+gone-paths.ts,Off-topic legacy niche (alcohol / pawn / home appliance) or thin archive
/รับซื้อตั๋วจำนำเมืองอุ-2/,UNKNOWN,OFF_TOPIC,off_topic,UNKNOWN,,,,,,,10,0,D_RETIRE,GONE_410,MAINTAIN_GONE_410,,,NONE+gone-paths.ts,Off-topic legacy niche (alcohol / pawn / home appliance) or thin archive
/รับซื้อตั๋วจำนำเมืองอุ/,UNKNOWN,OFF_TOPIC,off_topic,90_DAYS_PERFORMANCE_EXPORT,2026-04-07,2026-07-06,7,101,8.27,7,70,0,D_RETIRE,GONE_410,MAINTAIN_GONE_410,,,docs/gsc/rerubsue_gsc_recovery_plan_2026-07-06.xlsx+gone-paths.ts,Off-topic legacy niche (alcohol / pawn / home appliance) or thin archive
/รับซื้อตั๋วจำนำเมืองเล/,UNKNOWN,OFF_TOPIC,off_topic,90_DAYS_PERFORMANCE_EXPORT,2026-04-07,2026-07-06,3,54,10.54,3,50,0,D_RETIRE,GONE_410,MAINTAIN_GONE_410,,,docs/gsc/rerubsue_gsc_recovery_plan_2026-07-06.xlsx+gone-paths.ts,Off-topic legacy niche (alcohol / pawn / home appliance) or thin archive
/รับซื้อตั๋วจำนำเรณูนคร/,UNKNOWN,OFF_TOPIC,off_topic,UNKNOWN,,,,,,,10,0,D_RETIRE,GONE_410,MAINTAIN_GONE_410,,,NONE+gone-paths.ts,Off-topic legacy niche (alcohol / pawn / home appliance) or thin archive
/รับซื้อตั๋วจำนำโกสุมพิ/,UNKNOWN,OFF_TOPIC,off_topic,UNKNOWN,,,,,,,10,0,D_RETIRE,GONE_410,MAINTAIN_GONE_410,,,NONE+gone-paths.ts,Off-topic legacy niche (alcohol / pawn / home appliance) or thin archive
/รับซื้อตั๋วจำนำโนนสูง/,UNKNOWN,OFF_TOPIC,off_topic,90_DAYS_PERFORMANCE_EXPORT,2026-04-07,2026-07-06,0,81,10.20,0,35,0,D_RETIRE,GONE_410,MAINTAIN_GONE_410,,,docs/gsc/rerubsue_gsc_recovery_plan_2026-07-06.xlsx+gone-paths.ts,Off-topic legacy niche (alcohol / pawn / home appliance) or thin archive
/รับซื้อตั๋วจำนำโพนทอง/,UNKNOWN,OFF_TOPIC,off_topic,90_DAYS_PERFORMANCE_EXPORT,2026-04-07,2026-07-06,3,150,8.45,3,60,0,D_RETIRE,GONE_410,MAINTAIN_GONE_410,,,docs/gsc/rerubsue_gsc_recovery_plan_2026-07-06.xlsx+gone-paths.ts,Off-topic legacy niche (alcohol / pawn / home appliance) or thin archive
/รับซื้อตู้-rack-server/,รับซื้อ ตู้ Rack Server มือสอง ทุกรุ่น จ่ายสดทันที,MONEY_HUB,enterprise_scrap,UNKNOWN,,,,,,,10,85,D_RETIRE,HOLD_NOINDEX_200,FUTURE_RETIREMENT_APPROVAL_REQUIRED,,,NONE+legacy-posts,Zero search equity thin duplicate post
/รับซื้อตู้เย็นอุบลราชธ/,รับซื้อตู้เย็นอุบลราชธานี | รับซื้อเครื่องใช้ไฟฟ้ามือสอง รับถึงที่,OFF_TOPIC,off_topic,UNKNOWN,,,,,,,10,0,D_RETIRE,UNREGISTERED_OR_PRIVATE,FUTURE_RETIREMENT_APPROVAL_REQUIRED,,NONE,NONE+NONE,Off-topic legacy niche (alcohol / pawn / home appliance) or thin archive
/รับซื้อตู้แช่อุบลราชธา/,รับซื้อตู้แช่อุบลราชธานี | รับซื้อเครื่องใช้ไฟฟ้ามือสอง อุบลราชธานี,OFF_TOPIC,off_topic,90_DAYS_PERFORMANCE_EXPORT,2026-04-07,2026-07-06,39,522,8.93,39,90,0,D_RETIRE,UNREGISTERED_OR_PRIVATE,FUTURE_RETIREMENT_APPROVAL_REQUIRED,,NONE,docs/gsc/rerubsue_gsc_recovery_plan_2026-07-06.xlsx+NONE,Off-topic legacy niche (alcohol / pawn / home appliance) or thin archive
/รับซื้อทรัพย์สินไอทีบริษัท/,UNKNOWN,MONEY_HUB,general_buyback,UNKNOWN,,,,,,,10,35,D_RETIRE,UNREGISTERED_OR_PRIVATE,FUTURE_RETIREMENT_APPROVAL_REQUIRED,,NONE,NONE+NONE,Zero search equity thin duplicate post
/รับซื้อทีวี-อุบล-รับซื้/,UNKNOWN,MONEY_HUB,general_buyback,90_DAYS_PERFORMANCE_EXPORT,2026-04-07,2026-07-06,8,59,9.32,8,70,35,E_REVIEW,UNREGISTERED_OR_PRIVATE,OWNER_REVIEW_REQUIRED,,NONE,docs/gsc/rerubsue_gsc_recovery_plan_2026-07-06.xlsx+NONE,Residual historical traffic (8 clicks) requiring explicit stakeholder decision
/รับซื้อทีวีอุบลราชธานี/,รับซื้อทีวีอุบลราชธานี | รับซื้อเครื่องใช้ไฟฟ้ามือสอง,OFF_TOPIC,off_topic,UNKNOWN,,,,,,,10,0,D_RETIRE,UNREGISTERED_OR_PRIVATE,FUTURE_RETIREMENT_APPROVAL_REQUIRED,,NONE,NONE+NONE,Off-topic legacy niche (alcohol / pawn / home appliance) or thin archive
/รับซื้อท่าบ่อ/,UNKNOWN,MONEY_HUB,general_buyback,UNKNOWN,,,,,,,10,35,D_RETIRE,UNREGISTERED_OR_PRIVATE,FUTURE_RETIREMENT_APPROVAL_REQUIRED,,NONE,NONE+NONE,Zero search equity thin duplicate post
/รับซื้อธวัชบุรี/,UNKNOWN,MONEY_HUB,general_buyback,90_DAYS_PERFORMANCE_EXPORT,2026-04-07,2026-07-06,3,60,10.53,3,50,35,E_REVIEW,UNREGISTERED_OR_PRIVATE,OWNER_REVIEW_REQUIRED,,NONE,docs/gsc/rerubsue_gsc_recovery_plan_2026-07-06.xlsx+NONE,Residual historical traffic (3 clicks) requiring explicit stakeholder decision
/รับซื้อธาตุพนม/,UNKNOWN,MONEY_HUB,general_buyback,UNKNOWN,,,,,,,10,35,D_RETIRE,UNREGISTERED_OR_PRIVATE,FUTURE_RETIREMENT_APPROVAL_REQUIRED,,NONE,NONE+NONE,Zero search equity thin duplicate post
/รับซื้อนากลาง/,UNKNOWN,MONEY_HUB,general_buyback,UNKNOWN,,,,,,,10,35,D_RETIRE,UNREGISTERED_OR_PRIVATE,FUTURE_RETIREMENT_APPROVAL_REQUIRED,,NONE,NONE+NONE,Zero search equity thin duplicate post
/รับซื้อนางรอง/,UNKNOWN,MONEY_HUB,general_buyback,90_DAYS_PERFORMANCE_EXPORT,2026-04-07,2026-07-06,6,112,8.24,6,70,35,E_REVIEW,UNREGISTERED_OR_PRIVATE,OWNER_REVIEW_REQUIRED,,NONE,docs/gsc/rerubsue_gsc_recovery_plan_2026-07-06.xlsx+NONE,Residual historical traffic (6 clicks) requiring explicit stakeholder decision
/รับซื้อนาฬิกา-tag-heuer/,รับซื้อนาฬิกา TAG Heuer ให้ราคาสูง มีบริการไปรับได้ถึงหน้าบ้าน,GUIDE,guide,UNKNOWN,,,,,,,10,75,D_RETIRE,UNREGISTERED_OR_PRIVATE,FUTURE_RETIREMENT_APPROVAL_REQUIRED,,NONE,NONE+NONE,Zero search equity thin duplicate post
/รับซื้อนิคมคำสร้อย/,UNKNOWN,MONEY_HUB,general_buyback,UNKNOWN,,,,,,,10,35,D_RETIRE,UNREGISTERED_OR_PRIVATE,FUTURE_RETIREMENT_APPROVAL_REQUIRED,,NONE,NONE+NONE,Zero search equity thin duplicate post
/รับซื้อบ้านผือ/,UNKNOWN,MONEY_HUB,general_buyback,UNKNOWN,,,,,,,10,35,D_RETIRE,UNREGISTERED_OR_PRIVATE,FUTURE_RETIREMENT_APPROVAL_REQUIRED,,NONE,NONE+NONE,Zero search equity thin duplicate post
/รับซื้อบ้านเขว้า/,UNKNOWN,MONEY_HUB,general_buyback,UNKNOWN,,,,,,,10,35,D_RETIRE,UNREGISTERED_OR_PRIVATE,FUTURE_RETIREMENT_APPROVAL_REQUIRED,,NONE,NONE+NONE,Zero search equity thin duplicate post
/รับซื้อบ้านไผ่/,UNKNOWN,MONEY_HUB,general_buyback,UNKNOWN,,,,,,,10,35,D_RETIRE,UNREGISTERED_OR_PRIVATE,FUTURE_RETIREMENT_APPROVAL_REQUIRED,,NONE,NONE+NONE,Zero search equity thin duplicate post
/รับซื้อปทุมราชวงศา/,UNKNOWN,MONEY_HUB,general_buyback,UNKNOWN,,,,,,,10,35,D_RETIRE,UNREGISTERED_OR_PRIVATE,FUTURE_RETIREMENT_APPROVAL_REQUIRED,,NONE,NONE+NONE,Zero search equity thin duplicate post
/รับซื้อประโคนชัย/,UNKNOWN,MONEY_HUB,general_buyback,UNKNOWN,,,,,,,10,35,D_RETIRE,UNREGISTERED_OR_PRIVATE,FUTURE_RETIREMENT_APPROVAL_REQUIRED,,NONE,NONE+NONE,Zero search equity thin duplicate post
/รับซื้อปราสาท/,UNKNOWN,MONEY_HUB,general_buyback,UNKNOWN,,,,,,,10,35,D_RETIRE,UNREGISTERED_OR_PRIVATE,FUTURE_RETIREMENT_APPROVAL_REQUIRED,,NONE,NONE+NONE,Zero search equity thin duplicate post
/รับซื้อปากช่อง/,UNKNOWN,MONEY_HUB,general_buyback,UNKNOWN,,,,,,,10,35,D_RETIRE,UNREGISTERED_OR_PRIVATE,FUTURE_RETIREMENT_APPROVAL_REQUIRED,,NONE,NONE+NONE,Zero search equity thin duplicate post
/รับซื้อพรเจริญ/,UNKNOWN,MONEY_HUB,general_buyback,UNKNOWN,,,,,,,10,35,D_RETIRE,UNREGISTERED_OR_PRIVATE,FUTURE_RETIREMENT_APPROVAL_REQUIRED,,NONE,NONE+NONE,Zero search equity thin duplicate post
/รับซื้อพัดลม/,UNKNOWN,MONEY_HUB,general_buyback,UNKNOWN,,,,,,,10,35,D_RETIRE,UNREGISTERED_OR_PRIVATE,FUTURE_RETIREMENT_APPROVAL_REQUIRED,,NONE,NONE+NONE,Zero search equity thin duplicate post
/รับซื้อมหาชนะชัย/,UNKNOWN,MONEY_HUB,general_buyback,UNKNOWN,,,,,,,10,35,D_RETIRE,UNREGISTERED_OR_PRIVATE,FUTURE_RETIREMENT_APPROVAL_REQUIRED,,NONE,NONE+NONE,Zero search equity thin duplicate post
/รับซื้อมือถือ-android/,รับซื้อมือถือ Android มือสอง ทุกรุ่น จ่ายสดทันที,MONEY_HUB,iphone,UNKNOWN,,,,,,,10,85,D_RETIRE,HOLD_NOINDEX_200,FUTURE_RETIREMENT_APPROVAL_REQUIRED,,,NONE+legacy-posts,Zero search equity thin duplicate post
/รับซื้อมือถือ-honor/,UNKNOWN,MONEY_HUB,iphone,UNKNOWN,,,,,,,10,85,D_RETIRE,UNREGISTERED_OR_PRIVATE,FUTURE_RETIREMENT_APPROVAL_REQUIRED,,NONE,NONE+NONE,Zero search equity thin duplicate post
/รับซื้อมือถือ-huawei/,รับซื้อมือถือ Huawei มือสอง ทุกรุ่น จ่ายสดทันที,MONEY_HUB,iphone,UNKNOWN,,,,,,,10,85,D_RETIRE,HOLD_NOINDEX_200,FUTURE_RETIREMENT_APPROVAL_REQUIRED,,,NONE+legacy-posts,Zero search equity thin duplicate post
/รับซื้อมือถือ-oppo/,UNKNOWN,MONEY_HUB,iphone,UNKNOWN,,,,,,,10,85,D_RETIRE,UNREGISTERED_OR_PRIVATE,FUTURE_RETIREMENT_APPROVAL_REQUIRED,,NONE,NONE+NONE,Zero search equity thin duplicate post
/รับซื้อมือถือ-poco/,รับซื้อมือถือ POCO มือสอง ทุกรุ่น จ่ายสดทันที,MONEY_HUB,iphone,UNKNOWN,,,,,,,10,85,D_RETIRE,HOLD_NOINDEX_200,FUTURE_RETIREMENT_APPROVAL_REQUIRED,,,NONE+legacy-posts,Zero search equity thin duplicate post
/รับซื้อมือถือ-realme/,UNKNOWN,MONEY_HUB,iphone,UNKNOWN,,,,,,,10,85,D_RETIRE,UNREGISTERED_OR_PRIVATE,FUTURE_RETIREMENT_APPROVAL_REQUIRED,,NONE,NONE+NONE,Zero search equity thin duplicate post
/รับซื้อมือถือ-samsung/,UNKNOWN,MONEY_HUB,iphone,UNKNOWN,,,,,,,10,85,D_RETIRE,UNREGISTERED_OR_PRIVATE,FUTURE_RETIREMENT_APPROVAL_REQUIRED,,NONE,NONE+NONE,Zero search equity thin duplicate post
/รับซื้อมือถือ-vivo/,รับซื้อมือถือ Vivo มือสอง ทุกรุ่น จ่ายสดทันที,MONEY_HUB,iphone,UNKNOWN,,,,,,,10,85,D_RETIRE,HOLD_NOINDEX_200,FUTURE_RETIREMENT_APPROVAL_REQUIRED,,,NONE+legacy-posts,Zero search equity thin duplicate post
/รับซื้อมือถือ-xiaomi/,UNKNOWN,MONEY_HUB,iphone,UNKNOWN,,,,,,,10,85,D_RETIRE,UNREGISTERED_OR_PRIVATE,FUTURE_RETIREMENT_APPROVAL_REQUIRED,,NONE,NONE+NONE,Zero search equity thin duplicate post
/รับซื้อมือถือ-ชัยภูมิ/,ขายมือถือด่วน ชัยภูมิ ที่ไหนดี? WE BUY ให้ราคาสูง จ่ายเงินสดทันใจ รับถึงหน้าบ้าน,MONEY_HUB,iphone,UNKNOWN,,,,,,,10,85,D_RETIRE,HOLD_NOINDEX_200,FUTURE_RETIREMENT_APPROVAL_REQUIRED,,,NONE+legacy-posts,Zero search equity thin duplicate post
/รับซื้อมือถือ-ตรัง/,ตรัง รับซื้อมือถือ สู้ทุกราคา บริการรับถึงที่ จ่ายสด ไม่กดราคา ปลอดภัย 100%,MONEY_HUB,iphone,UNKNOWN,,,,,,,10,85,D_RETIRE,HOLD_NOINDEX_200,FUTURE_RETIREMENT_APPROVAL_REQUIRED,,,NONE+legacy-posts,Zero search equity thin duplicate post
/รับซื้อมือถือ-นครปฐม/,ขายมือถือด่วน นครปฐม ที่ไหนดี? WE BUY ให้ราคาสูง จ่ายเงินสดทันใจ รับถึงหน้าบ้าน,MONEY_HUB,iphone,UNKNOWN,,,,,,,10,85,D_RETIRE,HOLD_NOINDEX_200,FUTURE_RETIREMENT_APPROVAL_REQUIRED,,,NONE+legacy-posts,Zero search equity thin duplicate post
/รับซื้อมือถือ-ปทุมธานี/,ปทุมธานี รับซื้อมือถือ สู้ทุกราคา บริการรับถึงที่ จ่ายสด ไม่กดราคา ปลอดภัย 100%,MONEY_HUB,iphone,UNKNOWN,,,,,,,10,85,D_RETIRE,HOLD_NOINDEX_200,FUTURE_RETIREMENT_APPROVAL_REQUIRED,,,NONE+legacy-posts,Zero search equity thin duplicate post
/รับซื้อมือถือ-ปัตตานี/,ปัตตานี รับซื้อมือถือ สู้ทุกราคา บริการรับถึงที่ จ่ายสด ไม่กดราคา ปลอดภัย 100%,MONEY_HUB,iphone,UNKNOWN,,,,,,,10,85,D_RETIRE,HOLD_NOINDEX_200,FUTURE_RETIREMENT_APPROVAL_REQUIRED,,,NONE+legacy-posts,Zero search equity thin duplicate post
/รับซื้อมือถือ-พะเยา/,หาร้านรับซื้อมือถือ พะเยา? เราให้ราคาสูงสุด มีบริการ On-Site โอนไวหน้างาน,MONEY_HUB,iphone,UNKNOWN,,,,,,,10,85,D_RETIRE,HOLD_NOINDEX_200,FUTURE_RETIREMENT_APPROVAL_REQUIRED,,,NONE+legacy-posts,Zero search equity thin duplicate post
/รับซื้อมือถือ-พังงา/,ขายมือถือด่วน พังงา ที่ไหนดี? WE BUY ให้ราคาสูง จ่ายเงินสดทันใจ รับถึงหน้าบ้าน,MONEY_HUB,iphone,UNKNOWN,,,,,,,10,85,D_RETIRE,HOLD_NOINDEX_200,FUTURE_RETIREMENT_APPROVAL_REQUIRED,,,NONE+legacy-posts,Zero search equity thin duplicate post
/รับซื้อมือถือ-พิจิตร/,ขายมือถือด่วน พิจิตร ที่ไหนดี? WE BUY ให้ราคาสูง จ่ายเงินสดทันใจ รับถึงหน้าบ้าน,MONEY_HUB,iphone,UNKNOWN,,,,,,,10,85,D_RETIRE,HOLD_NOINDEX_200,FUTURE_RETIREMENT_APPROVAL_REQUIRED,,,NONE+legacy-posts,Zero search equity thin duplicate post
/รับซื้อมือถือ-มหาสารคาม/,ขายมือถือด่วน มหาสารคาม ที่ไหนดี? WE BUY ให้ราคาสูง จ่ายเงินสดทันใจ รับถึงหน้าบ้าน,LOCAL_MONEY,iphone,UNKNOWN,,,,,,,10,85,D_RETIRE,HOLD_NOINDEX_200,FUTURE_RETIREMENT_APPROVAL_REQUIRED,,,NONE+legacy-posts,Zero search equity thin duplicate post
/รับซื้อมือถือ-มุกดาหาร/,มุกดาหาร รับซื้อมือถือ สู้ทุกราคา บริการรับถึงที่ จ่ายสด ไม่กดราคา ปลอดภัย 100%,MONEY_HUB,iphone,UNKNOWN,,,,,,,10,85,D_RETIRE,HOLD_NOINDEX_200,FUTURE_RETIREMENT_APPROVAL_REQUIRED,,,NONE+legacy-posts,Zero search equity thin duplicate post
/รับซื้อมือถือ-ยะลา/,หาร้านรับซื้อมือถือ ยะลา? เราให้ราคาสูงสุด มีบริการ On-Site โอนไวหน้างาน,MONEY_HUB,iphone,UNKNOWN,,,,,,,10,85,D_RETIRE,HOLD_NOINDEX_200,FUTURE_RETIREMENT_APPROVAL_REQUIRED,,,NONE+legacy-posts,Zero search equity thin duplicate post
/รับซื้อมือถือ-ยโสธร/,ขายมือถือด่วน ยโสธร ที่ไหนดี? WE BUY ให้ราคาสูง จ่ายเงินสดทันใจ รับถึงหน้าบ้าน,LOCAL_MONEY,iphone,UNKNOWN,,,,,,,10,85,D_RETIRE,HOLD_NOINDEX_200,FUTURE_RETIREMENT_APPROVAL_REQUIRED,,,NONE+legacy-posts,Zero search equity thin duplicate post
/รับซื้อมือถือ-ระนอง/,รับซื้อมือถือ ระนอง ด่วนที่สุด ให้ราคาสูง รับถึงที่ จ่ายเงินสด 100%,MONEY_HUB,iphone,UNKNOWN,,,,,,,10,85,D_RETIRE,HOLD_NOINDEX_200,FUTURE_RETIREMENT_APPROVAL_REQUIRED,,,NONE+legacy-posts,Zero search equity thin duplicate post
/รับซื้อมือถือ-ศรีสะเกษ/,รับซื้อมือถือ ศรีสะเกษ ด่วนที่สุด ให้ราคาสูง รับถึงที่ จ่ายเงินสด 100%,MONEY_HUB,iphone,UNKNOWN,,,,,,,10,85,D_RETIRE,HOLD_NOINDEX_200,FUTURE_RETIREMENT_APPROVAL_REQUIRED,,,NONE+legacy-posts,Zero search equity thin duplicate post
/รับซื้อมือถือ-สกลนคร/,หาร้านรับซื้อมือถือ สกลนคร? เราให้ราคาสูงสุด มีบริการ On-Site โอนไวหน้างาน,MONEY_HUB,iphone,UNKNOWN,,,,,,,10,85,D_RETIRE,HOLD_NOINDEX_200,FUTURE_RETIREMENT_APPROVAL_REQUIRED,,,NONE+legacy-posts,Zero search equity thin duplicate post
/รับซื้อมือถือ-สิงห์บุรี/,ด่วน! รับซื้อมือถือมือสองในเขตสิงห์บุรี เช็คราคาฟรี ได้เงินทันที สู้ทุกราคา,MONEY_HUB,iphone,UNKNOWN,,,,,,,10,85,D_RETIRE,HOLD_NOINDEX_200,FUTURE_RETIREMENT_APPROVAL_REQUIRED,,,NONE+legacy-posts,Zero search equity thin duplicate post
/รับซื้อมือถือ-สุพรรณบุรี/,หาร้านรับซื้อมือถือ สุพรรณบุรี? เราให้ราคาสูงสุด มีบริการ On-Site โอนไวหน้างาน,MONEY_HUB,iphone,UNKNOWN,,,,,,,10,85,D_RETIRE,HOLD_NOINDEX_200,FUTURE_RETIREMENT_APPROVAL_REQUIRED,,,NONE+legacy-posts,Zero search equity thin duplicate post
/รับซื้อมือถือ-สุราษฎร์ธานี/,หาร้านรับซื้อมือถือ สุราษฎร์ธานี? เราให้ราคาสูงสุด มีบริการ On-Site โอนไวหน้างาน,MONEY_HUB,iphone,UNKNOWN,,,,,,,10,85,D_RETIRE,HOLD_NOINDEX_200,FUTURE_RETIREMENT_APPROVAL_REQUIRED,,,NONE+legacy-posts,Zero search equity thin duplicate post
/รับซื้อมือถือ-หนองคาย/,เปลี่ยนมือถือเก่าเป็นเงินสดที่หนองคาย ตีราคาไว โอนเงินหน้างาน บริการรับถึงบ้าน,MONEY_HUB,iphone,UNKNOWN,,,,,,,10,85,D_RETIRE,HOLD_NOINDEX_200,FUTURE_RETIREMENT_APPROVAL_REQUIRED,,,NONE+legacy-posts,Zero search equity thin duplicate post
/รับซื้อมือถือ-อุบล/,UNKNOWN,LOCAL_MONEY,iphone,90_DAYS_PERFORMANCE_EXPORT,2026-04-07,2026-07-06,19,435,12.67,19,70,90,A_PRESERVE_REWRITE,UNREGISTERED_OR_PRIVATE,PRESERVE_REWRITE_CONTENT,,NONE,docs/gsc/rerubsue_gsc_recovery_plan_2026-07-06.xlsx+NONE,High-equity historical IT search winner; keep exact public URL and rewrite content
/รับซื้อมือถือ-อ่างทอง/,หาร้านรับซื้อมือถือ อ่างทอง? เราให้ราคาสูงสุด มีบริการ On-Site โอนไวหน้างาน,MONEY_HUB,iphone,UNKNOWN,,,,,,,10,85,D_RETIRE,HOLD_NOINDEX_200,FUTURE_RETIREMENT_APPROVAL_REQUIRED,,,NONE+legacy-posts,Zero search equity thin duplicate post
/รับซื้อมือถือ-เชียงราย/,หาร้านรับซื้อมือถือ เชียงราย? เราให้ราคาสูงสุด มีบริการ On-Site โอนไวหน้างาน,MONEY_HUB,iphone,UNKNOWN,,,,,,,10,85,D_RETIRE,HOLD_NOINDEX_200,FUTURE_RETIREMENT_APPROVAL_REQUIRED,,,NONE+legacy-posts,Zero search equity thin duplicate post
/รับซื้อมือถือ-เพชรบูรณ์/,เพชรบูรณ์ รับซื้อมือถือ สู้ทุกราคา บริการรับถึงที่ จ่ายสด ไม่กดราคา ปลอดภัย 100%,MONEY_HUB,iphone,UNKNOWN,,,,,,,10,85,D_RETIRE,HOLD_NOINDEX_200,FUTURE_RETIREMENT_APPROVAL_REQUIRED,,,NONE+legacy-posts,Zero search equity thin duplicate post
/รับซื้อมือถือ-แพร่/,แพร่ รับซื้อมือถือ สู้ทุกราคา บริการรับถึงที่ จ่ายสด ไม่กดราคา ปลอดภัย 100%,MONEY_HUB,iphone,UNKNOWN,,,,,,,10,85,D_RETIRE,HOLD_NOINDEX_200,FUTURE_RETIREMENT_APPROVAL_REQUIRED,,,NONE+legacy-posts,Zero search equity thin duplicate post
/รับซื้อมือถือ-แม่ฮ่องสอน/,แม่ฮ่องสอน รับซื้อมือถือ สู้ทุกราคา บริการรับถึงที่ จ่ายสด ไม่กดราคา ปลอดภัย 100%,MONEY_HUB,iphone,UNKNOWN,,,,,,,10,85,D_RETIRE,HOLD_NOINDEX_200,FUTURE_RETIREMENT_APPROVAL_REQUIRED,,,NONE+legacy-posts,Zero search equity thin duplicate post
/รับซื้อมือถือ-ใกล้ฉัน-มห/,UNKNOWN,MONEY_HUB,iphone,UNKNOWN,,,,,,,10,85,D_RETIRE,GONE_410,MAINTAIN_GONE_410,,,NONE+gone-paths.ts,Authoritative runtime GONE 410 route
/รับซื้อมือถือภูเก็ต-ราค/,UNKNOWN,MONEY_HUB,iphone,UNKNOWN,,,,,,,10,85,D_RETIRE,UNREGISTERED_OR_PRIVATE,FUTURE_RETIREMENT_APPROVAL_REQUIRED,,NONE,NONE+NONE,Zero search equity thin duplicate post
/รับซื้อมือถือใกล้ฉัน-ขอ/,รับซื้อมือถือใกล้ฉัน ขอนแก่น ให้ราคาสูงที่สุด มีบริการไปรับถึงที่,MONEY_HUB,iphone,90_DAYS_PERFORMANCE_EXPORT,2026-04-07,2026-07-06,19,748,9.56,19,80,90,C_301_CONSOLIDATE,HOLD_NOINDEX_200,PROPOSED_301_CONSOLIDATION,,,docs/gsc/rerubsue_gsc_recovery_plan_2026-07-06.xlsx+legacy-posts,Near-me alias proposed for consolidation into category hub
/รับซื้อมือถือใกล้ฉัน-อุ/,รับซื้อมือถือใกล้ฉัน อุดรธานี ให้ราคาสูงที่สุด มีบริการไปรับถึงที่,MONEY_HUB,iphone,90_DAYS_PERFORMANCE_EXPORT,2026-04-07,2026-07-06,24,508,7.72,24,90,90,C_301_CONSOLIDATE,HOLD_NOINDEX_200,PROPOSED_301_CONSOLIDATION,,,docs/gsc/rerubsue_gsc_recovery_plan_2026-07-06.xlsx+legacy-posts,Near-me alias proposed for consolidation into category hub
/รับซื้อยางตลาด/,UNKNOWN,MONEY_HUB,general_buyback,90_DAYS_PERFORMANCE_EXPORT,2026-04-07,2026-07-06,1,93,9.47,1,60,35,E_REVIEW,UNREGISTERED_OR_PRIVATE,OWNER_REVIEW_REQUIRED,,NONE,docs/gsc/rerubsue_gsc_recovery_plan_2026-07-06.xlsx+NONE,Residual historical traffic (1 clicks) requiring explicit stakeholder decision
/รับซื้อรถมือสอง-อุบล/,รับซื้อรถมือสอง อุบล รถกะบะ รถหกล้อ รถบรรทุก รถเก๋ง ให้ราคาดีกว่าเต๊น,GUIDE,guide,UNKNOWN,,,,,,,10,75,D_RETIRE,UNREGISTERED_OR_PRIVATE,FUTURE_RETIREMENT_APPROVAL_REQUIRED,,NONE,NONE+NONE,Zero search equity thin duplicate post
/รับซื้อรัตนบุรี/,UNKNOWN,MONEY_HUB,general_buyback,UNKNOWN,,,,,,,10,35,D_RETIRE,UNREGISTERED_OR_PRIVATE,FUTURE_RETIREMENT_APPROVAL_REQUIRED,,NONE,NONE+NONE,Zero search equity thin duplicate post
/รับซื้อลำโพง-marshall/,UNKNOWN,MONEY_HUB,audio,90_DAYS_PERFORMANCE_EXPORT,2026-04-07,2026-07-06,0,26,24.00,0,35,85,D_RETIRE,UNREGISTERED_OR_PRIVATE,FUTURE_RETIREMENT_APPROVAL_REQUIRED,,NONE,docs/gsc/rerubsue_gsc_recovery_plan_2026-07-06.xlsx+NONE,Zero search equity thin duplicate post
/รับซื้อลำโพง-ยโสธร/,รับซื้อลำโพง ยโสธร JBL Marshall ราคาสูงไปรับถึงที่,LOCAL_MONEY,audio,90_DAYS_PERFORMANCE_EXPORT,2026-04-07,2026-07-06,3,28,9.50,3,60,85,A_PRESERVE_REWRITE,UNREGISTERED_OR_PRIVATE,PRESERVE_REWRITE_CONTENT,,REBUILD_INDEX,docs/gsc/rerubsue_gsc_recovery_plan_2026-07-06.xlsx+survivor-rebuild,High-equity historical IT search winner; keep exact public URL and rewrite content
/รับซื้อลำโพง-ร้อยเอ็ด-jbl-marshall/,รับซื้อลำโพง ร้อยเอ็ด JBL Marshall ให้ราคาสูงไปรับถึงที่,LOCAL_MONEY,audio,90_DAYS_PERFORMANCE_EXPORT,2026-04-07,2026-07-06,5,36,9.64,5,70,85,A_PRESERVE_REWRITE,UNREGISTERED_OR_PRIVATE,PRESERVE_REWRITE_CONTENT,,REBUILD_INDEX,docs/gsc/rerubsue_gsc_recovery_plan_2026-07-06.xlsx+redirects,High-equity historical IT search winner; keep exact public URL and rewrite content
/รับซื้อลำโพง-สารคาม/,รับซื้อลำโพง สารคาม JBL Marshall ให้ราคาสูง ไปรับได้ถึงที่,LOCAL_MONEY,audio,90_DAYS_PERFORMANCE_EXPORT,2026-04-07,2026-07-06,4,28,19.61,4,95,85,B_PRESERVE_IMPROVE,ACTIVE_INDEX_200,MAINTAIN_ACTIVE_INDEX,,REBUILD_INDEX,docs/gsc/rerubsue_gsc_recovery_plan_2026-07-06.xlsx+survivor-rebuild,Active approved V2 INDEX route with verified content foundation
/รับซื้อลำโพง-อุดรธานี/,รับซื้อลำโพง อุดรธานี | JBL Marshall Bose ประเมินก่อน นัดรับตามพื้นที่,LOCAL_MONEY,audio,90_DAYS_PERFORMANCE_EXPORT,2026-04-07,2026-07-06,6,104,9.49,6,95,85,B_PRESERVE_IMPROVE,ACTIVE_INDEX_200,MAINTAIN_ACTIVE_INDEX,,REBUILD_INDEX,docs/gsc/rerubsue_gsc_recovery_plan_2026-07-06.xlsx+survivor-rebuild,Active approved V2 INDEX route with verified content foundation
/รับซื้อลำโพง-ใกล้ฉัน/,UNKNOWN,MONEY_HUB,audio,UNKNOWN,,,,,,,30,85,C_301_CONSOLIDATE,ACTIVE_REDIRECT_301,MAINTAIN_ACTIVE_REDIRECT,/รับซื้อลำโพง/,,NONE+redirects,Active migration redirect rule targeting /รับซื้อลำโพง/
/รับซื้อวังสะพุง/,UNKNOWN,MONEY_HUB,general_buyback,UNKNOWN,,,,,,,10,35,D_RETIRE,UNREGISTERED_OR_PRIVATE,FUTURE_RETIREMENT_APPROVAL_REQUIRED,,NONE,NONE+NONE,Zero search equity thin duplicate post
/รับซื้อวาริชภูมิ/,UNKNOWN,MONEY_HUB,general_buyback,UNKNOWN,,,,,,,10,35,D_RETIRE,UNREGISTERED_OR_PRIVATE,FUTURE_RETIREMENT_APPROVAL_REQUIRED,,NONE,NONE+NONE,Zero search equity thin duplicate post
/รับซื้อวารินชำราบ/,UNKNOWN,MONEY_HUB,general_buyback,UNKNOWN,,,,,,,10,35,D_RETIRE,UNREGISTERED_OR_PRIVATE,FUTURE_RETIREMENT_APPROVAL_REQUIRED,,NONE,NONE+NONE,Zero search equity thin duplicate post
/รับซื้อศรีบุญเรือง/,UNKNOWN,MONEY_HUB,general_buyback,UNKNOWN,,,,,,,10,35,D_RETIRE,UNREGISTERED_OR_PRIVATE,FUTURE_RETIREMENT_APPROVAL_REQUIRED,,NONE,NONE+NONE,Zero search equity thin duplicate post
/รับซื้อศรีเชียงใหม่/,UNKNOWN,MONEY_HUB,general_buyback,UNKNOWN,,,,,,,10,35,D_RETIRE,UNREGISTERED_OR_PRIVATE,FUTURE_RETIREMENT_APPROVAL_REQUIRED,,NONE,NONE+NONE,Zero search equity thin duplicate post
/รับซื้อสมาร์ทโฟน-android-ใกล้ฉัน/,UNKNOWN,MONEY_HUB,general_buyback,UNKNOWN,,,,,,,30,35,C_301_CONSOLIDATE,ACTIVE_REDIRECT_301,MAINTAIN_ACTIVE_REDIRECT,/รับซื้อสมาร์ทโฟน-android/,,NONE+redirects,Active migration redirect rule targeting /รับซื้อสมาร์ทโฟน-android/
/รับซื้อสาย-lan/,UNKNOWN,MONEY_HUB,general_buyback,UNKNOWN,,,,,,,10,35,D_RETIRE,UNREGISTERED_OR_PRIVATE,FUTURE_RETIREMENT_APPROVAL_REQUIRED,,NONE,NONE+NONE,Zero search equity thin duplicate post
/รับซื้อหนองหาน/,UNKNOWN,MONEY_HUB,general_buyback,UNKNOWN,,,,,,,10,35,D_RETIRE,UNREGISTERED_OR_PRIVATE,FUTURE_RETIREMENT_APPROVAL_REQUIRED,,NONE,NONE+NONE,Zero search equity thin duplicate post
/รับซื้อหูฟังเกมมิ่ง/,รับซื้อหูฟังเกมมิ่ง มือสอง ทุกรุ่น จ่ายสดทันที,MONEY_HUB,general_buyback,UNKNOWN,,,,,,,10,35,D_RETIRE,HOLD_NOINDEX_200,FUTURE_RETIREMENT_APPROVAL_REQUIRED,,,NONE+legacy-posts,Zero search equity thin duplicate post
/รับซื้ออะไหล่คอม/,รับซื้ออะไหล่คอม มือสอง ทุกรุ่น จ่ายสดทันที,MONEY_HUB,computer,UNKNOWN,,,,,,,10,85,D_RETIRE,HOLD_NOINDEX_200,FUTURE_RETIREMENT_APPROVAL_REQUIRED,,,NONE+legacy-posts,Zero search equity thin duplicate post
/รับซื้ออากาศอำนวย/,UNKNOWN,MONEY_HUB,general_buyback,UNKNOWN,,,,,,,10,35,D_RETIRE,UNREGISTERED_OR_PRIVATE,FUTURE_RETIREMENT_APPROVAL_REQUIRED,,NONE,NONE+NONE,Zero search equity thin duplicate post
/รับซื้ออาคารพาณิชย์-ในจ/,รับซื้ออาคารพาณิชย์ ในจังหวัดอุบลราชธานี,MONEY_HUB,general_buyback,UNKNOWN,,,,,,,10,35,D_RETIRE,UNREGISTERED_OR_PRIVATE,FUTURE_RETIREMENT_APPROVAL_REQUIRED,,NONE,NONE+NONE,Zero search equity thin duplicate post
/รับซื้ออุปกรณ์-gaming/,รับซื้ออุปกรณ์ Gaming มือสอง ทุกรุ่น จ่ายสดทันที,MONEY_HUB,general_buyback,UNKNOWN,,,,,,,10,35,D_RETIRE,HOLD_NOINDEX_200,FUTURE_RETIREMENT_APPROVAL_REQUIRED,,,NONE+legacy-posts,Zero search equity thin duplicate post
/รับซื้ออุปกรณ์-network/,รับซื้อ อุปกรณ์ Network มือสอง ทุกยี่ห้อ จ่ายสดทันที,MONEY_HUB,general_buyback,UNKNOWN,,,,,,,10,35,D_RETIRE,HOLD_NOINDEX_200,FUTURE_RETIREMENT_APPROVAL_REQUIRED,,,NONE+legacy-posts,Zero search equity thin duplicate post
/รับซื้ออุปกรณ์ไอที/,UNKNOWN,MONEY_HUB,general_buyback,UNKNOWN,,,,,,,10,35,D_RETIRE,UNREGISTERED_OR_PRIVATE,FUTURE_RETIREMENT_APPROVAL_REQUIRED,,NONE,NONE+NONE,Zero search equity thin duplicate post
/รับซื้ออุปกรณ์ไอทีเก่าบริษัท/,รับซื้ออุปกรณ์ไอทีเก่าบริษัท ทุกสภาพ ทุกประเภท,MONEY_HUB,general_buyback,UNKNOWN,,,,,,,10,35,D_RETIRE,HOLD_NOINDEX_200,FUTURE_RETIREMENT_APPROVAL_REQUIRED,,,NONE+legacy-posts,Zero search equity thin duplicate post
/รับซื้อฮาร์ดดิส/,UNKNOWN,MONEY_HUB,general_buyback,90_DAYS_PERFORMANCE_EXPORT,2026-04-07,2026-07-06,3,64,36.25,3,50,35,E_REVIEW,UNREGISTERED_OR_PRIVATE,OWNER_REVIEW_REQUIRED,,NONE,docs/gsc/rerubsue_gsc_recovery_plan_2026-07-06.xlsx+NONE,Residual historical traffic (3 clicks) requiring explicit stakeholder decision
/รับซื้อเกมมิ่งเกียร์/,UNKNOWN,MONEY_HUB,general_buyback,UNKNOWN,,,,,,,10,35,D_RETIRE,UNREGISTERED_OR_PRIVATE,FUTURE_RETIREMENT_APPROVAL_REQUIRED,,NONE,NONE+NONE,Zero search equity thin duplicate post
/รับซื้อเก้าอี้นวด/,รับซื้อเก้าอี้นวด มือสอง ทุกรุ่น จ่ายสดทันที,MONEY_HUB,general_buyback,UNKNOWN,,,,,,,10,35,D_RETIRE,HOLD_NOINDEX_200,FUTURE_RETIREMENT_APPROVAL_REQUIRED,,,NONE+legacy-posts,Zero search equity thin duplicate post
/รับซื้อเก้าอี้เกมมิ่ง/,UNKNOWN,MONEY_HUB,general_buyback,UNKNOWN,,,,,,,10,35,D_RETIRE,UNREGISTERED_OR_PRIVATE,FUTURE_RETIREMENT_APPROVAL_REQUIRED,,NONE,NONE+NONE,Zero search equity thin duplicate post
/รับซื้อเครื่องกรองน้ำ/,รับซื้อเครื่องกรองน้ำ มือสอง ทุกรุ่น จ่ายสดทันที,MONEY_HUB,general_buyback,UNKNOWN,,,,,,,10,35,D_RETIRE,HOLD_NOINDEX_200,FUTURE_RETIREMENT_APPROVAL_REQUIRED,,,NONE+legacy-posts,Zero search equity thin duplicate post
/รับซื้อเครื่องชงกาแฟ/,รับซื้อเครื่องชงกาแฟ มือสอง ทุกรุ่น จ่ายสดทันที,MONEY_HUB,general_buyback,UNKNOWN,,,,,,,10,35,D_RETIRE,HOLD_NOINDEX_200,FUTURE_RETIREMENT_APPROVAL_REQUIRED,,,NONE+legacy-posts,Zero search equity thin duplicate post
/รับซื้อเครื่องซักผ้าอุ/,รับซื้อเครื่องซักผ้าอุบลราชธานี | รับซื้อเครื่องใช้ไฟฟ้ามือสอง รับถึงที่,OFF_TOPIC,off_topic,UNKNOWN,,,,,,,10,0,D_RETIRE,UNREGISTERED_OR_PRIVATE,FUTURE_RETIREMENT_APPROVAL_REQUIRED,,NONE,NONE+NONE,Off-topic legacy niche (alcohol / pawn / home appliance) or thin archive
/รับซื้อเครื่องบดกาแฟ/,UNKNOWN,MONEY_HUB,general_buyback,UNKNOWN,,,,,,,10,35,D_RETIRE,UNREGISTERED_OR_PRIVATE,FUTURE_RETIREMENT_APPROVAL_REQUIRED,,NONE,NONE+NONE,Zero search equity thin duplicate post
/รับซื้อเครื่องฟอกอากาศ/,รับซื้อเครื่องฟอกอากาศ มือสอง ทุกรุ่น จ่ายสดทันที,MONEY_HUB,general_buyback,UNKNOWN,,,,,,,10,35,D_RETIRE,HOLD_NOINDEX_200,FUTURE_RETIREMENT_APPROVAL_REQUIRED,,,NONE+legacy-posts,Zero search equity thin duplicate post
/รับซื้อเครื่องสำรองไฟ/,UNKNOWN,MONEY_HUB,general_buyback,UNKNOWN,,,,,,,10,35,D_RETIRE,UNREGISTERED_OR_PRIVATE,FUTURE_RETIREMENT_APPROVAL_REQUIRED,,NONE,NONE+NONE,Zero search equity thin duplicate post
/รับซื้อเครื่องเกม-ใกล้ฉัน/,UNKNOWN,MONEY_HUB,general_buyback,UNKNOWN,,,,,,,30,35,C_301_CONSOLIDATE,ACTIVE_REDIRECT_301,MAINTAIN_ACTIVE_REDIRECT,/รับซื้อเครื่องเกม/,,NONE+redirects,Active migration redirect rule targeting /รับซื้อเครื่องเกม/
/รับซื้อเครื่องใช้ไฟฟ้า/,รับซื้อเครื่องใช้ไฟฟ้าอุบลราชธานี รับซื้อแอร์อุบลราชธานี,OFF_TOPIC,off_topic,UNKNOWN,,,,,,,10,0,D_RETIRE,UNREGISTERED_OR_PRIVATE,FUTURE_RETIREMENT_APPROVAL_REQUIRED,,NONE,NONE+NONE,Off-topic legacy niche (alcohol / pawn / home appliance) or thin archive
/รับซื้อเชียงคาน/,UNKNOWN,MONEY_HUB,general_buyback,UNKNOWN,,,,,,,10,35,D_RETIRE,UNREGISTERED_OR_PRIVATE,FUTURE_RETIREMENT_APPROVAL_REQUIRED,,NONE,NONE+NONE,Zero search equity thin duplicate post
/รับซื้อเซกา/,UNKNOWN,MONEY_HUB,general_buyback,UNKNOWN,,,,,,,10,35,D_RETIRE,UNREGISTERED_OR_PRIVATE,FUTURE_RETIREMENT_APPROVAL_REQUIRED,,NONE,NONE+NONE,Zero search equity thin duplicate post
/รับซื้อเดชอุดม/,UNKNOWN,MONEY_HUB,general_buyback,90_DAYS_PERFORMANCE_EXPORT,2026-04-07,2026-07-06,5,124,8.58,5,70,35,E_REVIEW,UNREGISTERED_OR_PRIVATE,OWNER_REVIEW_REQUIRED,,NONE,docs/gsc/rerubsue_gsc_recovery_plan_2026-07-06.xlsx+NONE,Residual historical traffic (5 clicks) requiring explicit stakeholder decision
/รับซื้อเฟอร์นิเจอร์มือ/,รับซื้อเฟอร์นิเจอร์มือสอง | รับซื้อเฟอร์ สำนักงาน | รับประมูลเฟอร์นิเจอร์,OFF_TOPIC,off_topic,90_DAYS_PERFORMANCE_EXPORT,2026-04-07,2026-07-06,4,59,19.24,4,50,0,D_RETIRE,UNREGISTERED_OR_PRIVATE,FUTURE_RETIREMENT_APPROVAL_REQUIRED,,NONE,docs/gsc/rerubsue_gsc_recovery_plan_2026-07-06.xlsx+NONE,Off-topic legacy niche (alcohol / pawn / home appliance) or thin archive
/รับซื้อเมืองกาฬสินธุ์/,"รับซื้อ MacBook, iMac , iPhone , iPad เมืองกาฬสินธุ์ กาฬสินธุ์",MONEY_HUB,macbook,UNKNOWN,,,,,,,10,85,D_RETIRE,HOLD_NOINDEX_200,FUTURE_RETIREMENT_APPROVAL_REQUIRED,,,NONE+legacy-posts,Zero search equity thin duplicate post
/รับซื้อเมืองขอนแก่น/,"รับซื้อ MacBook, iMac , iPhone , iPad เมืองขอนแก่น ขอนแก่น",LOCAL_MONEY,macbook,90_DAYS_PERFORMANCE_EXPORT,2026-04-07,2026-07-06,11,133,11.54,11,70,90,A_PRESERVE_REWRITE,HOLD_NOINDEX_200,PRESERVE_REWRITE_CONTENT,,,docs/gsc/rerubsue_gsc_recovery_plan_2026-07-06.xlsx+legacy-posts,High-equity historical IT search winner; keep exact public URL and rewrite content
/รับซื้อเมืองชัยภูมิ/,"รับซื้อ MacBook, iMac , iPhone , iPad เมืองชัยภูมิ ชัยภูมิ",MONEY_HUB,macbook,UNKNOWN,,,,,,,10,85,D_RETIRE,HOLD_NOINDEX_200,FUTURE_RETIREMENT_APPROVAL_REQUIRED,,,NONE+legacy-posts,Zero search equity thin duplicate post
/รับซื้อเมืองนครพนม/,"รับซื้อ MacBook, iMac , iPhone , iPad เมืองนครพนม นครพนม",MONEY_HUB,macbook,UNKNOWN,,,,,,,10,85,D_RETIRE,HOLD_NOINDEX_200,FUTURE_RETIREMENT_APPROVAL_REQUIRED,,,NONE+legacy-posts,Zero search equity thin duplicate post
/รับซื้อเมืองนครราชสีมา/,"รับซื้อ MacBook, iMac , iPhone , iPad เมืองนครราชสีมา นครราชสีมา",MONEY_HUB,macbook,UNKNOWN,,,,,,,10,85,D_RETIRE,HOLD_NOINDEX_200,FUTURE_RETIREMENT_APPROVAL_REQUIRED,,,NONE+legacy-posts,Zero search equity thin duplicate post
/รับซื้อเมืองบึงกาฬ/,"รับซื้อ MacBook, iMac , iPhone , iPad เมืองบึงกาฬ บึงกาฬ",MONEY_HUB,macbook,UNKNOWN,,,,,,,10,85,D_RETIRE,HOLD_NOINDEX_200,FUTURE_RETIREMENT_APPROVAL_REQUIRED,,,NONE+legacy-posts,Zero search equity thin duplicate post
/รับซื้อเมืองบุรีรัมย์/,"รับซื้อ MacBook, iMac , iPhone , iPad เมืองบุรีรัมย์ บุรีรัมย์",MONEY_HUB,macbook,90_DAYS_PERFORMANCE_EXPORT,2026-04-07,2026-07-06,3,190,7.95,3,60,85,E_REVIEW,HOLD_NOINDEX_200,OWNER_REVIEW_REQUIRED,,,docs/gsc/rerubsue_gsc_recovery_plan_2026-07-06.xlsx+legacy-posts,Residual historical traffic (3 clicks) requiring explicit stakeholder decision
/รับซื้อเมืองมหาสารคาม/,"รับซื้อ MacBook, iMac , iPhone , iPad เมืองมหาสารคาม มหาสารคาม",LOCAL_MONEY,macbook,UNKNOWN,,,,,,,10,85,D_RETIRE,HOLD_NOINDEX_200,FUTURE_RETIREMENT_APPROVAL_REQUIRED,,,NONE+legacy-posts,Zero search equity thin duplicate post
/รับซื้อเมืองมุกดาหาร/,"รับซื้อ MacBook, iMac , iPhone , iPad เมืองมุกดาหาร มุกดาหาร",MONEY_HUB,macbook,UNKNOWN,,,,,,,10,85,D_RETIRE,HOLD_NOINDEX_200,FUTURE_RETIREMENT_APPROVAL_REQUIRED,,,NONE+legacy-posts,Zero search equity thin duplicate post
/รับซื้อเมืองยโสธร/,"รับซื้อ MacBook, iMac , iPhone , iPad เมืองยโสธร ยโสธร",MONEY_HUB,macbook,UNKNOWN,,,,,,,10,85,D_RETIRE,HOLD_NOINDEX_200,FUTURE_RETIREMENT_APPROVAL_REQUIRED,,,NONE+legacy-posts,Zero search equity thin duplicate post
/รับซื้อเมืองร้อยเอ็ด/,"รับซื้อ MacBook, iMac , iPhone , iPad เมืองร้อยเอ็ด ร้อยเอ็ด",MONEY_HUB,macbook,UNKNOWN,,,,,,,10,85,D_RETIRE,HOLD_NOINDEX_200,FUTURE_RETIREMENT_APPROVAL_REQUIRED,,,NONE+legacy-posts,Zero search equity thin duplicate post
/รับซื้อเมืองศรีสะเกษ/,"รับซื้อ MacBook, iMac , iPhone , iPad เมืองศรีสะเกษ ศรีสะเกษ",MONEY_HUB,macbook,90_DAYS_PERFORMANCE_EXPORT,2026-04-07,2026-07-06,9,183,8.74,9,70,85,A_PRESERVE_REWRITE,HOLD_NOINDEX_200,PRESERVE_REWRITE_CONTENT,,,docs/gsc/rerubsue_gsc_recovery_plan_2026-07-06.xlsx+legacy-posts,High-equity historical IT search winner; keep exact public URL and rewrite content
/รับซื้อเมืองสกลนคร/,"รับซื้อ MacBook, iMac , iPhone , iPad เมืองสกลนคร สกลนคร",MONEY_HUB,macbook,UNKNOWN,,,,,,,10,85,D_RETIRE,HOLD_NOINDEX_200,FUTURE_RETIREMENT_APPROVAL_REQUIRED,,,NONE+legacy-posts,Zero search equity thin duplicate post
/รับซื้อเมืองสุรินทร์/,"รับซื้อ MacBook, iMac , iPhone , iPad เมืองสุรินทร์ สุรินทร์",MONEY_HUB,macbook,UNKNOWN,,,,,,,10,85,D_RETIRE,HOLD_NOINDEX_200,FUTURE_RETIREMENT_APPROVAL_REQUIRED,,,NONE+legacy-posts,Zero search equity thin duplicate post
/รับซื้อเมืองหนองคาย/,"รับซื้อ MacBook, iMac , iPhone , iPad เมืองหนองคาย หนองคาย",MONEY_HUB,macbook,UNKNOWN,,,,,,,10,85,D_RETIRE,HOLD_NOINDEX_200,FUTURE_RETIREMENT_APPROVAL_REQUIRED,,,NONE+legacy-posts,Zero search equity thin duplicate post
/รับซื้อเมืองหนองบัวลำภ/,"รับซื้อ MacBook, iMac , iPhone , iPad เมืองหนองบัวลำภู หนองบัวลำภู",MONEY_HUB,macbook,UNKNOWN,,,,,,,10,85,D_RETIRE,HOLD_NOINDEX_200,FUTURE_RETIREMENT_APPROVAL_REQUIRED,,,NONE+legacy-posts,Zero search equity thin duplicate post
/รับซื้อเมืองอำนาจเจริญ/,"รับซื้อ MacBook, iMac , iPhone , iPad เมืองอำนาจเจริญ อำนาจเจริญ",MONEY_HUB,macbook,UNKNOWN,,,,,,,10,85,D_RETIRE,HOLD_NOINDEX_200,FUTURE_RETIREMENT_APPROVAL_REQUIRED,,,NONE+legacy-posts,Zero search equity thin duplicate post
/รับซื้อเมืองอุดรธานี/,"รับซื้อ MacBook, iMac , iPhone , iPad เมืองอุดรธานี อุดรธานี",LOCAL_MONEY,macbook,90_DAYS_PERFORMANCE_EXPORT,2026-04-07,2026-07-06,6,64,9.84,6,70,85,A_PRESERVE_REWRITE,HOLD_NOINDEX_200,PRESERVE_REWRITE_CONTENT,,,docs/gsc/rerubsue_gsc_recovery_plan_2026-07-06.xlsx+legacy-posts,High-equity historical IT search winner; keep exact public URL and rewrite content
/รับซื้อเมืองอุบลราชธาน/,"รับซื้อ MacBook, iMac , iPhone , iPad เมืองอุบลราชธานี อุบลราชธานี",LOCAL_MONEY,macbook,UNKNOWN,,,,,,,10,85,D_RETIRE,HOLD_NOINDEX_200,FUTURE_RETIREMENT_APPROVAL_REQUIRED,,,NONE+legacy-posts,Zero search equity thin duplicate post
/รับซื้อเมืองเลย/,"รับซื้อ MacBook, iMac , iPhone , iPad เมืองเลย เลย",MONEY_HUB,macbook,UNKNOWN,,,,,,,10,85,D_RETIRE,HOLD_NOINDEX_200,FUTURE_RETIREMENT_APPROVAL_REQUIRED,,,NONE+legacy-posts,Zero search equity thin duplicate post
/รับซื้อเม้าส์/,UNKNOWN,MONEY_HUB,general_buyback,UNKNOWN,,,,,,,10,35,D_RETIRE,UNREGISTERED_OR_PRIVATE,FUTURE_RETIREMENT_APPROVAL_REQUIRED,,NONE,NONE+NONE,Zero search equity thin duplicate post
/รับซื้อเรณูนคร/,UNKNOWN,MONEY_HUB,general_buyback,UNKNOWN,,,,,,,10,35,D_RETIRE,UNREGISTERED_OR_PRIVATE,FUTURE_RETIREMENT_APPROVAL_REQUIRED,,NONE,NONE+NONE,Zero search equity thin duplicate post
/รับซื้อเลนส์-ขอนแก่น/,เปลี่ยนเลนส์เก่าเป็นเงินสดที่ขอนแก่น ตีราคาไว โอนเงินหน้างาน บริการรับถึงบ้าน,GUIDE,guide,UNKNOWN,,,,,,,10,75,D_RETIRE,HOLD_NOINDEX_200,FUTURE_RETIREMENT_APPROVAL_REQUIRED,,,NONE+legacy-posts,Zero search equity thin duplicate post
/รับซื้อเลนส์-ชัยนาท/,หาร้านรับซื้อเลนส์ ชัยนาท? เราให้ราคาสูงสุด มีบริการ On-Site โอนไวหน้างาน,GUIDE,guide,UNKNOWN,,,,,,,10,75,D_RETIRE,HOLD_NOINDEX_200,FUTURE_RETIREMENT_APPROVAL_REQUIRED,,,NONE+legacy-posts,Zero search equity thin duplicate post
/รับซื้อเลนส์-ตราด/,เปลี่ยนเลนส์เก่าเป็นเงินสดที่ตราด ตีราคาไว โอนเงินหน้างาน บริการรับถึงบ้าน,GUIDE,guide,UNKNOWN,,,,,,,10,75,D_RETIRE,HOLD_NOINDEX_200,FUTURE_RETIREMENT_APPROVAL_REQUIRED,,,NONE+legacy-posts,Zero search equity thin duplicate post
/รับซื้อเลนส์-นครปฐม/,นครปฐม รับซื้อเลนส์ สู้ทุกราคา บริการรับถึงที่ จ่ายสด ไม่กดราคา ปลอดภัย 100%,GUIDE,guide,UNKNOWN,,,,,,,10,75,D_RETIRE,HOLD_NOINDEX_200,FUTURE_RETIREMENT_APPROVAL_REQUIRED,,,NONE+legacy-posts,Zero search equity thin duplicate post
/รับซื้อเลนส์-นครสวรรค์/,เปลี่ยนเลนส์เก่าเป็นเงินสดที่นครสวรรค์ ตีราคาไว โอนเงินหน้างาน บริการรับถึงบ้าน,GUIDE,guide,UNKNOWN,,,,,,,10,75,D_RETIRE,HOLD_NOINDEX_200,FUTURE_RETIREMENT_APPROVAL_REQUIRED,,,NONE+legacy-posts,Zero search equity thin duplicate post
/รับซื้อเลนส์-น่าน/,น่าน รับซื้อเลนส์ สู้ทุกราคา บริการรับถึงที่ จ่ายสด ไม่กดราคา ปลอดภัย 100%,GUIDE,guide,UNKNOWN,,,,,,,10,75,D_RETIRE,HOLD_NOINDEX_200,FUTURE_RETIREMENT_APPROVAL_REQUIRED,,,NONE+legacy-posts,Zero search equity thin duplicate post
/รับซื้อเลนส์-พะเยา/,พะเยา รับซื้อเลนส์ สู้ทุกราคา บริการรับถึงที่ จ่ายสด ไม่กดราคา ปลอดภัย 100%,GUIDE,guide,UNKNOWN,,,,,,,10,75,D_RETIRE,HOLD_NOINDEX_200,FUTURE_RETIREMENT_APPROVAL_REQUIRED,,,NONE+legacy-posts,Zero search equity thin duplicate post
/รับซื้อเลนส์-พิจิตร/,ขายเลนส์ด่วน พิจิตร ที่ไหนดี? WE BUY ให้ราคาสูง จ่ายเงินสดทันใจ รับถึงหน้าบ้าน,GUIDE,guide,UNKNOWN,,,,,,,10,75,D_RETIRE,HOLD_NOINDEX_200,FUTURE_RETIREMENT_APPROVAL_REQUIRED,,,NONE+legacy-posts,Zero search equity thin duplicate post
/รับซื้อเลนส์-ภูเก็ต/,หาร้านรับซื้อเลนส์ ภูเก็ต? เราให้ราคาสูงสุด มีบริการ On-Site โอนไวหน้างาน,GUIDE,guide,UNKNOWN,,,,,,,10,75,D_RETIRE,HOLD_NOINDEX_200,FUTURE_RETIREMENT_APPROVAL_REQUIRED,,,NONE+legacy-posts,Zero search equity thin duplicate post
/รับซื้อเลนส์-มหาสารคาม/,ด่วน! รับซื้อเลนส์มือสองในเขตมหาสารคาม เช็คราคาฟรี ได้เงินทันที สู้ทุกราคา,GUIDE,guide,UNKNOWN,,,,,,,10,75,D_RETIRE,HOLD_NOINDEX_200,FUTURE_RETIREMENT_APPROVAL_REQUIRED,,,NONE+legacy-posts,Zero search equity thin duplicate post
/รับซื้อเลนส์-มุกดาหาร/,หาร้านรับซื้อเลนส์ มุกดาหาร? เราให้ราคาสูงสุด มีบริการ On-Site โอนไวหน้างาน,GUIDE,guide,UNKNOWN,,,,,,,10,75,D_RETIRE,HOLD_NOINDEX_200,FUTURE_RETIREMENT_APPROVAL_REQUIRED,,,NONE+legacy-posts,Zero search equity thin duplicate post
/รับซื้อเลนส์-ยะลา/,รับซื้อเลนส์ ยะลา ด่วนที่สุด ให้ราคาสูง รับถึงที่ จ่ายเงินสด 100%,GUIDE,guide,UNKNOWN,,,,,,,10,75,D_RETIRE,HOLD_NOINDEX_200,FUTURE_RETIREMENT_APPROVAL_REQUIRED,,,NONE+legacy-posts,Zero search equity thin duplicate post
/รับซื้อเลนส์-ยโสธร/,ยโสธร รับซื้อเลนส์ สู้ทุกราคา บริการรับถึงที่ จ่ายสด ไม่กดราคา ปลอดภัย 100%,GUIDE,guide,UNKNOWN,,,,,,,10,75,D_RETIRE,HOLD_NOINDEX_200,FUTURE_RETIREMENT_APPROVAL_REQUIRED,,,NONE+legacy-posts,Zero search equity thin duplicate post
/รับซื้อเลนส์-ระนอง/,ด่วน! รับซื้อเลนส์มือสองในเขตระนอง เช็คราคาฟรี ได้เงินทันที สู้ทุกราคา,GUIDE,guide,UNKNOWN,,,,,,,10,75,D_RETIRE,HOLD_NOINDEX_200,FUTURE_RETIREMENT_APPROVAL_REQUIRED,,,NONE+legacy-posts,Zero search equity thin duplicate post
/รับซื้อเลนส์-ระยอง/,เปลี่ยนเลนส์เก่าเป็นเงินสดที่ระยอง ตีราคาไว โอนเงินหน้างาน บริการรับถึงบ้าน,GUIDE,guide,UNKNOWN,,,,,,,10,75,D_RETIRE,HOLD_NOINDEX_200,FUTURE_RETIREMENT_APPROVAL_REQUIRED,,,NONE+legacy-posts,Zero search equity thin duplicate post
/รับซื้อเลนส์-ร้อยเอ็ด/,ด่วน! รับซื้อเลนส์มือสองในเขตร้อยเอ็ด เช็คราคาฟรี ได้เงินทันที สู้ทุกราคา,GUIDE,guide,UNKNOWN,,,,,,,10,75,D_RETIRE,HOLD_NOINDEX_200,FUTURE_RETIREMENT_APPROVAL_REQUIRED,,,NONE+legacy-posts,Zero search equity thin duplicate post
/รับซื้อเลนส์-ลำพูน/,ขายเลนส์ด่วน ลำพูน ที่ไหนดี? WE BUY ให้ราคาสูง จ่ายเงินสดทันใจ รับถึงหน้าบ้าน,GUIDE,guide,UNKNOWN,,,,,,,10,75,D_RETIRE,HOLD_NOINDEX_200,FUTURE_RETIREMENT_APPROVAL_REQUIRED,,,NONE+legacy-posts,Zero search equity thin duplicate post
/รับซื้อเลนส์-สกลนคร/,ด่วน! รับซื้อเลนส์มือสองในเขตสกลนคร เช็คราคาฟรี ได้เงินทันที สู้ทุกราคา,GUIDE,guide,UNKNOWN,,,,,,,10,75,D_RETIRE,HOLD_NOINDEX_200,FUTURE_RETIREMENT_APPROVAL_REQUIRED,,,NONE+legacy-posts,Zero search equity thin duplicate post
/รับซื้อเลนส์-สงขลา/,เปลี่ยนเลนส์เก่าเป็นเงินสดที่สงขลา ตีราคาไว โอนเงินหน้างาน บริการรับถึงบ้าน,GUIDE,guide,UNKNOWN,,,,,,,10,75,D_RETIRE,HOLD_NOINDEX_200,FUTURE_RETIREMENT_APPROVAL_REQUIRED,,,NONE+legacy-posts,Zero search equity thin duplicate post
/รับซื้อเลนส์-สตูล/,รับซื้อเลนส์ สตูล ด่วนที่สุด ให้ราคาสูง รับถึงที่ จ่ายเงินสด 100%,GUIDE,guide,UNKNOWN,,,,,,,10,75,D_RETIRE,HOLD_NOINDEX_200,FUTURE_RETIREMENT_APPROVAL_REQUIRED,,,NONE+legacy-posts,Zero search equity thin duplicate post
/รับซื้อเลนส์-สมุทรปราการ/,สมุทรปราการ รับซื้อเลนส์ สู้ทุกราคา บริการรับถึงที่ จ่ายสด ไม่กดราคา ปลอดภัย 100%,GUIDE,guide,UNKNOWN,,,,,,,10,75,D_RETIRE,HOLD_NOINDEX_200,FUTURE_RETIREMENT_APPROVAL_REQUIRED,,,NONE+legacy-posts,Zero search equity thin duplicate post
/รับซื้อเลนส์-สมุทรสงคราม/,หาร้านรับซื้อเลนส์ สมุทรสงคราม? เราให้ราคาสูงสุด มีบริการ On-Site โอนไวหน้างาน,GUIDE,guide,UNKNOWN,,,,,,,10,75,D_RETIRE,HOLD_NOINDEX_200,FUTURE_RETIREMENT_APPROVAL_REQUIRED,,,NONE+legacy-posts,Zero search equity thin duplicate post
/รับซื้อเลนส์-สระแก้ว/,ด่วน! รับซื้อเลนส์มือสองในเขตสระแก้ว เช็คราคาฟรี ได้เงินทันที สู้ทุกราคา,GUIDE,guide,UNKNOWN,,,,,,,10,75,D_RETIRE,HOLD_NOINDEX_200,FUTURE_RETIREMENT_APPROVAL_REQUIRED,,,NONE+legacy-posts,Zero search equity thin duplicate post
/รับซื้อเลนส์-สิงห์บุรี/,ขายเลนส์ด่วน สิงห์บุรี ที่ไหนดี? WE BUY ให้ราคาสูง จ่ายเงินสดทันใจ รับถึงหน้าบ้าน,GUIDE,guide,UNKNOWN,,,,,,,10,75,D_RETIRE,HOLD_NOINDEX_200,FUTURE_RETIREMENT_APPROVAL_REQUIRED,,,NONE+legacy-posts,Zero search equity thin duplicate post
/รับซื้อเลนส์-สุพรรณบุรี/,เปลี่ยนเลนส์เก่าเป็นเงินสดที่สุพรรณบุรี ตีราคาไว โอนเงินหน้างาน บริการรับถึงบ้าน,GUIDE,guide,UNKNOWN,,,,,,,10,75,D_RETIRE,HOLD_NOINDEX_200,FUTURE_RETIREMENT_APPROVAL_REQUIRED,,,NONE+legacy-posts,Zero search equity thin duplicate post
/รับซื้อเลนส์-สุรินทร์/,รับซื้อเลนส์ สุรินทร์ ด่วนที่สุด ให้ราคาสูง รับถึงที่ จ่ายเงินสด 100%,GUIDE,guide,UNKNOWN,,,,,,,10,75,D_RETIRE,HOLD_NOINDEX_200,FUTURE_RETIREMENT_APPROVAL_REQUIRED,,,NONE+legacy-posts,Zero search equity thin duplicate post
/รับซื้อเลนส์-สุโขทัย/,สุโขทัย รับซื้อเลนส์ สู้ทุกราคา บริการรับถึงที่ จ่ายสด ไม่กดราคา ปลอดภัย 100%,GUIDE,guide,UNKNOWN,,,,,,,10,75,D_RETIRE,HOLD_NOINDEX_200,FUTURE_RETIREMENT_APPROVAL_REQUIRED,,,NONE+legacy-posts,Zero search equity thin duplicate post
/รับซื้อเลนส์-หนองคาย/,ขายเลนส์ด่วน หนองคาย ที่ไหนดี? WE BUY ให้ราคาสูง จ่ายเงินสดทันใจ รับถึงหน้าบ้าน,GUIDE,guide,UNKNOWN,,,,,,,10,75,D_RETIRE,HOLD_NOINDEX_200,FUTURE_RETIREMENT_APPROVAL_REQUIRED,,,NONE+legacy-posts,Zero search equity thin duplicate post
/รับซื้อเลนส์-เชียงใหม่/,ขายเลนส์ด่วน เชียงใหม่ ที่ไหนดี? WE BUY ให้ราคาสูง จ่ายเงินสดทันใจ รับถึงหน้าบ้าน,GUIDE,guide,UNKNOWN,,,,,,,10,75,D_RETIRE,HOLD_NOINDEX_200,FUTURE_RETIREMENT_APPROVAL_REQUIRED,,,NONE+legacy-posts,Zero search equity thin duplicate post
/รับซื้อเลนส์-เพชรบูรณ์/,เปลี่ยนเลนส์เก่าเป็นเงินสดที่เพชรบูรณ์ ตีราคาไว โอนเงินหน้างาน บริการรับถึงบ้าน,GUIDE,guide,UNKNOWN,,,,,,,10,75,D_RETIRE,HOLD_NOINDEX_200,FUTURE_RETIREMENT_APPROVAL_REQUIRED,,,NONE+legacy-posts,Zero search equity thin duplicate post
/รับซื้อเลนส์-แพร่/,แพร่ รับซื้อเลนส์ สู้ทุกราคา บริการรับถึงที่ จ่ายสด ไม่กดราคา ปลอดภัย 100%,GUIDE,guide,UNKNOWN,,,,,,,10,75,D_RETIRE,HOLD_NOINDEX_200,FUTURE_RETIREMENT_APPROVAL_REQUIRED,,,NONE+legacy-posts,Zero search equity thin duplicate post
/รับซื้อเหรียญญี่ปุ่น-รั/,UNKNOWN,MONEY_HUB,general_buyback,UNKNOWN,,,,,,,10,35,D_RETIRE,GONE_410,MAINTAIN_GONE_410,,,NONE+gone-paths.ts,Authoritative runtime GONE 410 route
/รับซื้อเหล้า-100-pipers/,UNKNOWN,OFF_TOPIC,off_topic,90_DAYS_PERFORMANCE_EXPORT,2026-04-07,2026-07-06,1,19,31.95,1,50,0,D_RETIRE,GONE_410,MAINTAIN_GONE_410,,,docs/gsc/rerubsue_gsc_recovery_plan_2026-07-06.xlsx+gone-paths.ts,Off-topic legacy niche (alcohol / pawn / home appliance) or thin archive
/รับซื้อเหล้า-black-label/,UNKNOWN,OFF_TOPIC,off_topic,90_DAYS_PERFORMANCE_EXPORT,2026-04-07,2026-07-06,1,28,11.93,1,50,0,D_RETIRE,GONE_410,MAINTAIN_GONE_410,,,docs/gsc/rerubsue_gsc_recovery_plan_2026-07-06.xlsx+gone-paths.ts,Off-topic legacy niche (alcohol / pawn / home appliance) or thin archive
/รับซื้อเหล้า-blue-label/,UNKNOWN,OFF_TOPIC,off_topic,90_DAYS_PERFORMANCE_EXPORT,2026-04-07,2026-07-06,3,23,18.96,3,50,0,D_RETIRE,GONE_410,MAINTAIN_GONE_410,,,docs/gsc/rerubsue_gsc_recovery_plan_2026-07-06.xlsx+gone-paths.ts,Off-topic legacy niche (alcohol / pawn / home appliance) or thin archive
/รับซื้อเหล้า-jack-danails/,UNKNOWN,OFF_TOPIC,off_topic,90_DAYS_PERFORMANCE_EXPORT,2026-04-07,2026-07-06,0,12,12.33,0,20,0,D_RETIRE,GONE_410,MAINTAIN_GONE_410,,,docs/gsc/rerubsue_gsc_recovery_plan_2026-07-06.xlsx+gone-paths.ts,Off-topic legacy niche (alcohol / pawn / home appliance) or thin archive
/รับซื้อเหล้า-jameson/,UNKNOWN,OFF_TOPIC,off_topic,90_DAYS_PERFORMANCE_EXPORT,2026-04-07,2026-07-06,5,21,29.10,5,60,0,D_RETIRE,GONE_410,MAINTAIN_GONE_410,,,docs/gsc/rerubsue_gsc_recovery_plan_2026-07-06.xlsx+gone-paths.ts,Off-topic legacy niche (alcohol / pawn / home appliance) or thin archive
/รับซื้อเหล้า-อำเภอก%/,UNKNOWN,OFF_TOPIC,off_topic,90_DAYS_PERFORMANCE_EXPORT,2026-04-07,2026-07-06,0,0,0.00,0,20,0,D_RETIRE,UNREGISTERED_OR_PRIVATE,FUTURE_RETIREMENT_APPROVAL_REQUIRED,,NONE,docs/gsc/rerubsue_gsc_recovery_plan_2026-07-06.xlsx+NONE,Off-topic legacy niche (alcohol / pawn / home appliance) or thin archive
/รับซื้อเหล้า-อำเภอกระทุ/,UNKNOWN,OFF_TOPIC,off_topic,UNKNOWN,,,,,,,10,0,D_RETIRE,GONE_410,MAINTAIN_GONE_410,,,NONE+gone-paths.ts,Off-topic legacy niche (alcohol / pawn / home appliance) or thin archive
/รับซื้อเหล้า-อำเภอกำแพง/,UNKNOWN,OFF_TOPIC,off_topic,UNKNOWN,,,,,,,10,0,D_RETIRE,GONE_410,MAINTAIN_GONE_410,,,NONE+gone-paths.ts,Off-topic legacy niche (alcohol / pawn / home appliance) or thin archive
/รับซื้อเหล้า-อำเภอคลองห/,UNKNOWN,OFF_TOPIC,off_topic,90_DAYS_PERFORMANCE_EXPORT,2026-04-07,2026-07-06,5,40,6.17,5,70,0,D_RETIRE,GONE_410,MAINTAIN_GONE_410,,,docs/gsc/rerubsue_gsc_recovery_plan_2026-07-06.xlsx+gone-paths.ts,Off-topic legacy niche (alcohol / pawn / home appliance) or thin archive
/รับซื้อเหล้า-อำเภอดอนตู/,UNKNOWN,OFF_TOPIC,off_topic,UNKNOWN,,,,,,,10,0,D_RETIRE,GONE_410,MAINTAIN_GONE_410,,,NONE+gone-paths.ts,Off-topic legacy niche (alcohol / pawn / home appliance) or thin archive
/รับซื้อเหล้า-อำเภอธัญบุ/,UNKNOWN,OFF_TOPIC,off_topic,UNKNOWN,,,,,,,10,0,D_RETIRE,GONE_410,MAINTAIN_GONE_410,,,NONE+gone-paths.ts,Off-topic legacy niche (alcohol / pawn / home appliance) or thin archive
/รับซื้อเหล้า-อำเภอนครชั/,UNKNOWN,OFF_TOPIC,off_topic,UNKNOWN,,,,,,,10,0,D_RETIRE,GONE_410,MAINTAIN_GONE_410,,,NONE+gone-paths.ts,Off-topic legacy niche (alcohol / pawn / home appliance) or thin archive
/รับซื้อเหล้า-อำเภอบ%/,UNKNOWN,OFF_TOPIC,off_topic,90_DAYS_PERFORMANCE_EXPORT,2026-04-07,2026-07-06,0,0,0.00,0,20,0,D_RETIRE,UNREGISTERED_OR_PRIVATE,FUTURE_RETIREMENT_APPROVAL_REQUIRED,,NONE,docs/gsc/rerubsue_gsc_recovery_plan_2026-07-06.xlsx+NONE,Off-topic legacy niche (alcohol / pawn / home appliance) or thin archive
/รับซื้อเหล้า-อำเภอบางกร/,UNKNOWN,OFF_TOPIC,off_topic,UNKNOWN,,,,,,,10,0,D_RETIRE,GONE_410,MAINTAIN_GONE_410,,,NONE+gone-paths.ts,Off-topic legacy niche (alcohol / pawn / home appliance) or thin archive
/รับซื้อเหล้า-อำเภอบางบั/,UNKNOWN,OFF_TOPIC,off_topic,UNKNOWN,,,,,,,10,0,D_RETIRE,GONE_410,MAINTAIN_GONE_410,,,NONE+gone-paths.ts,Off-topic legacy niche (alcohol / pawn / home appliance) or thin archive
/รับซื้อเหล้า-อำเภอบางบ่/,UNKNOWN,OFF_TOPIC,off_topic,UNKNOWN,,,,,,,10,0,D_RETIRE,GONE_410,MAINTAIN_GONE_410,,,NONE+gone-paths.ts,Off-topic legacy niche (alcohol / pawn / home appliance) or thin archive
/รับซื้อเหล้า-อำเภอบางพล/,UNKNOWN,OFF_TOPIC,off_topic,90_DAYS_PERFORMANCE_EXPORT,2026-04-07,2026-07-06,10,70,8.93,10,80,0,D_RETIRE,GONE_410,MAINTAIN_GONE_410,,,docs/gsc/rerubsue_gsc_recovery_plan_2026-07-06.xlsx+gone-paths.ts,Off-topic legacy niche (alcohol / pawn / home appliance) or thin archive
/รับซื้อเหล้า-อำเภอบางเล/,UNKNOWN,OFF_TOPIC,off_topic,UNKNOWN,,,,,,,10,0,D_RETIRE,GONE_410,MAINTAIN_GONE_410,,,NONE+gone-paths.ts,Off-topic legacy niche (alcohol / pawn / home appliance) or thin archive
/รับซื้อเหล้า-อำเภอบางเส/,UNKNOWN,OFF_TOPIC,off_topic,UNKNOWN,,,,,,,10,0,D_RETIRE,GONE_410,MAINTAIN_GONE_410,,,NONE+gone-paths.ts,Off-topic legacy niche (alcohol / pawn / home appliance) or thin archive
/รับซื้อเหล้า-อำเภอบางให/,UNKNOWN,OFF_TOPIC,off_topic,UNKNOWN,,,,,,,10,0,D_RETIRE,GONE_410,MAINTAIN_GONE_410,,,NONE+gone-paths.ts,Off-topic legacy niche (alcohol / pawn / home appliance) or thin archive
/รับซื้อเหล้า-อำเภอบ้านแ/,UNKNOWN,OFF_TOPIC,off_topic,UNKNOWN,,,,,,,10,0,D_RETIRE,GONE_410,MAINTAIN_GONE_410,,,NONE+gone-paths.ts,Off-topic legacy niche (alcohol / pawn / home appliance) or thin archive
/รับซื้อเหล้า-อำเภอปากเก/,UNKNOWN,OFF_TOPIC,off_topic,UNKNOWN,,,,,,,10,0,D_RETIRE,GONE_410,MAINTAIN_GONE_410,,,NONE+gone-paths.ts,Off-topic legacy niche (alcohol / pawn / home appliance) or thin archive
/รับซื้อเหล้า-อำเภอพระปร/,UNKNOWN,OFF_TOPIC,off_topic,UNKNOWN,,,,,,,10,0,D_RETIRE,GONE_410,MAINTAIN_GONE_410,,,NONE+gone-paths.ts,Off-topic legacy niche (alcohol / pawn / home appliance) or thin archive
/รับซื้อเหล้า-อำเภอพระสม/,UNKNOWN,OFF_TOPIC,off_topic,90_DAYS_PERFORMANCE_EXPORT,2026-04-07,2026-07-06,2,6,4.33,2,60,0,D_RETIRE,GONE_410,MAINTAIN_GONE_410,,,docs/gsc/rerubsue_gsc_recovery_plan_2026-07-06.xlsx+gone-paths.ts,Off-topic legacy niche (alcohol / pawn / home appliance) or thin archive
/รับซื้อเหล้า-อำเภอพุทธม/,UNKNOWN,OFF_TOPIC,off_topic,UNKNOWN,,,,,,,10,0,D_RETIRE,GONE_410,MAINTAIN_GONE_410,,,NONE+gone-paths.ts,Off-topic legacy niche (alcohol / pawn / home appliance) or thin archive
/รับซื้อเหล้า-อำเภอลาดหล/,UNKNOWN,OFF_TOPIC,off_topic,UNKNOWN,,,,,,,10,0,D_RETIRE,GONE_410,MAINTAIN_GONE_410,,,NONE+gone-paths.ts,Off-topic legacy niche (alcohol / pawn / home appliance) or thin archive
/รับซื้อเหล้า-อำเภอลำลูก/,UNKNOWN,OFF_TOPIC,off_topic,UNKNOWN,,,,,,,10,0,D_RETIRE,GONE_410,MAINTAIN_GONE_410,,,NONE+gone-paths.ts,Off-topic legacy niche (alcohol / pawn / home appliance) or thin archive
/รับซื้อเหล้า-อำเภอสามพร/,UNKNOWN,OFF_TOPIC,off_topic,UNKNOWN,,,,,,,10,0,D_RETIRE,GONE_410,MAINTAIN_GONE_410,,,NONE+gone-paths.ts,Off-topic legacy niche (alcohol / pawn / home appliance) or thin archive
/รับซื้อเหล้า-อำเภอสามโค/,UNKNOWN,OFF_TOPIC,off_topic,UNKNOWN,,,,,,,10,0,D_RETIRE,GONE_410,MAINTAIN_GONE_410,,,NONE+gone-paths.ts,Off-topic legacy niche (alcohol / pawn / home appliance) or thin archive
/รับซื้อเหล้า-อำเภอหนองเ/,UNKNOWN,OFF_TOPIC,off_topic,UNKNOWN,,,,,,,10,0,D_RETIRE,GONE_410,MAINTAIN_GONE_410,,,NONE+gone-paths.ts,Off-topic legacy niche (alcohol / pawn / home appliance) or thin archive
/รับซื้อเหล้า-อำเภอเมือ-2/,UNKNOWN,OFF_TOPIC,off_topic,UNKNOWN,,,,,,,10,0,D_RETIRE,GONE_410,MAINTAIN_GONE_410,,,NONE+gone-paths.ts,Off-topic legacy niche (alcohol / pawn / home appliance) or thin archive
/รับซื้อเหล้า-อำเภอเมือ-3/,UNKNOWN,OFF_TOPIC,off_topic,90_DAYS_PERFORMANCE_EXPORT,2026-04-07,2026-07-06,10,54,5.26,10,80,0,D_RETIRE,GONE_410,MAINTAIN_GONE_410,,,docs/gsc/rerubsue_gsc_recovery_plan_2026-07-06.xlsx+gone-paths.ts,Off-topic legacy niche (alcohol / pawn / home appliance) or thin archive
/รับซื้อเหล้า-อำเภอเมือ-4/,UNKNOWN,OFF_TOPIC,off_topic,90_DAYS_PERFORMANCE_EXPORT,2026-04-07,2026-07-06,8,27,5.11,8,70,0,D_RETIRE,GONE_410,MAINTAIN_GONE_410,,,docs/gsc/rerubsue_gsc_recovery_plan_2026-07-06.xlsx+gone-paths.ts,Off-topic legacy niche (alcohol / pawn / home appliance) or thin archive
/รับซื้อเหล้า-อำเภอเมือ-5/,UNKNOWN,OFF_TOPIC,off_topic,UNKNOWN,,,,,,,10,0,D_RETIRE,GONE_410,MAINTAIN_GONE_410,,,NONE+gone-paths.ts,Off-topic legacy niche (alcohol / pawn / home appliance) or thin archive
/รับซื้อเหล้า-อำเภอเมือง/,UNKNOWN,OFF_TOPIC,off_topic,90_DAYS_PERFORMANCE_EXPORT,2026-04-07,2026-07-06,4,29,19.97,4,50,0,D_RETIRE,GONE_410,MAINTAIN_GONE_410,,,docs/gsc/rerubsue_gsc_recovery_plan_2026-07-06.xlsx+gone-paths.ts,Off-topic legacy niche (alcohol / pawn / home appliance) or thin archive
/รับซื้อเหล้า-อำเภอไทรน้/,UNKNOWN,OFF_TOPIC,off_topic,UNKNOWN,,,,,,,10,0,D_RETIRE,GONE_410,MAINTAIN_GONE_410,,,NONE+gone-paths.ts,Off-topic legacy niche (alcohol / pawn / home appliance) or thin archive
/รับซื้อเหล้า-เขตคลองสาน/,UNKNOWN,OFF_TOPIC,off_topic,UNKNOWN,,,,,,,10,0,D_RETIRE,GONE_410,MAINTAIN_GONE_410,,,NONE+gone-paths.ts,Off-topic legacy niche (alcohol / pawn / home appliance) or thin archive
/รับซื้อเหล้า-เขตคลองสาม/,UNKNOWN,OFF_TOPIC,off_topic,UNKNOWN,,,,,,,10,0,D_RETIRE,GONE_410,MAINTAIN_GONE_410,,,NONE+gone-paths.ts,Off-topic legacy niche (alcohol / pawn / home appliance) or thin archive
/รับซื้อเหล้า-เขตคลองเตย/,UNKNOWN,OFF_TOPIC,off_topic,90_DAYS_PERFORMANCE_EXPORT,2026-04-07,2026-07-06,1,2,8.00,1,60,0,D_RETIRE,GONE_410,MAINTAIN_GONE_410,,,docs/gsc/rerubsue_gsc_recovery_plan_2026-07-06.xlsx+gone-paths.ts,Off-topic legacy niche (alcohol / pawn / home appliance) or thin archive
/รับซื้อเหล้า-เขตคัน%/,UNKNOWN,OFF_TOPIC,off_topic,90_DAYS_PERFORMANCE_EXPORT,2026-04-07,2026-07-06,0,0,0.00,0,20,0,D_RETIRE,UNREGISTERED_OR_PRIVATE,FUTURE_RETIREMENT_APPROVAL_REQUIRED,,NONE,docs/gsc/rerubsue_gsc_recovery_plan_2026-07-06.xlsx+NONE,Off-topic legacy niche (alcohol / pawn / home appliance) or thin archive
/รับซื้อเหล้า-เขตคันนายา/,UNKNOWN,OFF_TOPIC,off_topic,UNKNOWN,,,,,,,10,0,D_RETIRE,GONE_410,MAINTAIN_GONE_410,,,NONE+gone-paths.ts,Off-topic legacy niche (alcohol / pawn / home appliance) or thin archive
/รับซื้อเหล้า-เขตจตุจักร/,UNKNOWN,OFF_TOPIC,off_topic,UNKNOWN,,,,,,,10,0,D_RETIRE,GONE_410,MAINTAIN_GONE_410,,,NONE+gone-paths.ts,Off-topic legacy niche (alcohol / pawn / home appliance) or thin archive
/รับซื้อเหล้า-เขตจอมทอง/,UNKNOWN,OFF_TOPIC,off_topic,UNKNOWN,,,,,,,10,0,D_RETIRE,GONE_410,MAINTAIN_GONE_410,,,NONE+gone-paths.ts,Off-topic legacy niche (alcohol / pawn / home appliance) or thin archive
/รับซื้อเหล้า-เขตดอนเมือ/,UNKNOWN,OFF_TOPIC,off_topic,UNKNOWN,,,,,,,10,0,D_RETIRE,GONE_410,MAINTAIN_GONE_410,,,NONE+gone-paths.ts,Off-topic legacy niche (alcohol / pawn / home appliance) or thin archive
/รับซื้อเหล้า-เขตดินแดง/,UNKNOWN,OFF_TOPIC,off_topic,UNKNOWN,,,,,,,10,0,D_RETIRE,GONE_410,MAINTAIN_GONE_410,,,NONE+gone-paths.ts,Off-topic legacy niche (alcohol / pawn / home appliance) or thin archive
/รับซื้อเหล้า-เขตดุสิต/,UNKNOWN,OFF_TOPIC,off_topic,UNKNOWN,,,,,,,10,0,D_RETIRE,GONE_410,MAINTAIN_GONE_410,,,NONE+gone-paths.ts,Off-topic legacy niche (alcohol / pawn / home appliance) or thin archive
/รับซื้อเหล้า-เขตตลิ่งชั/,UNKNOWN,OFF_TOPIC,off_topic,UNKNOWN,,,,,,,10,0,D_RETIRE,GONE_410,MAINTAIN_GONE_410,,,NONE+gone-paths.ts,Off-topic legacy niche (alcohol / pawn / home appliance) or thin archive
/รับซื้อเหล้า-เขตทวีวัฒน/,UNKNOWN,OFF_TOPIC,off_topic,90_DAYS_PERFORMANCE_EXPORT,2026-04-07,2026-07-06,8,69,16.65,8,60,0,D_RETIRE,GONE_410,MAINTAIN_GONE_410,,,docs/gsc/rerubsue_gsc_recovery_plan_2026-07-06.xlsx+gone-paths.ts,Off-topic legacy niche (alcohol / pawn / home appliance) or thin archive
/รับซื้อเหล้า-เขตทุ่งครุ/,UNKNOWN,OFF_TOPIC,off_topic,90_DAYS_PERFORMANCE_EXPORT,2026-04-07,2026-07-06,5,13,5.92,5,70,0,D_RETIRE,GONE_410,MAINTAIN_GONE_410,,,docs/gsc/rerubsue_gsc_recovery_plan_2026-07-06.xlsx+gone-paths.ts,Off-topic legacy niche (alcohol / pawn / home appliance) or thin archive
/รับซื้อเหล้า-เขตธนบุรี/,UNKNOWN,OFF_TOPIC,off_topic,UNKNOWN,,,,,,,10,0,D_RETIRE,GONE_410,MAINTAIN_GONE_410,,,NONE+gone-paths.ts,Off-topic legacy niche (alcohol / pawn / home appliance) or thin archive
/รับซื้อเหล้า-เขตบาง%/,UNKNOWN,OFF_TOPIC,off_topic,90_DAYS_PERFORMANCE_EXPORT,2026-04-07,2026-07-06,0,0,0.00,0,20,0,D_RETIRE,UNREGISTERED_OR_PRIVATE,FUTURE_RETIREMENT_APPROVAL_REQUIRED,,NONE,docs/gsc/rerubsue_gsc_recovery_plan_2026-07-06.xlsx+NONE,Off-topic legacy niche (alcohol / pawn / home appliance) or thin archive
/รับซื้อเหล้า-เขตบางกอกน/,UNKNOWN,OFF_TOPIC,off_topic,UNKNOWN,,,,,,,10,0,D_RETIRE,GONE_410,MAINTAIN_GONE_410,,,NONE+gone-paths.ts,Off-topic legacy niche (alcohol / pawn / home appliance) or thin archive
/รับซื้อเหล้า-เขตบางกอกใ/,UNKNOWN,OFF_TOPIC,off_topic,UNKNOWN,,,,,,,10,0,D_RETIRE,GONE_410,MAINTAIN_GONE_410,,,NONE+gone-paths.ts,Off-topic legacy niche (alcohol / pawn / home appliance) or thin archive
/รับซื้อเหล้า-เขตบางกะปิ/,UNKNOWN,OFF_TOPIC,off_topic,90_DAYS_PERFORMANCE_EXPORT,2026-04-07,2026-07-06,12,123,16.67,12,70,0,D_RETIRE,GONE_410,MAINTAIN_GONE_410,,,docs/gsc/rerubsue_gsc_recovery_plan_2026-07-06.xlsx+gone-paths.ts,Off-topic legacy niche (alcohol / pawn / home appliance) or thin archive
/รับซื้อเหล้า-เขตบางกะปิ/#ขั้%E.../,UNKNOWN,OFF_TOPIC,off_topic,90_DAYS_PERFORMANCE_EXPORT,2026-04-07,2026-07-06,0,4,5.50,0,30,0,D_RETIRE,UNREGISTERED_OR_PRIVATE,FUTURE_RETIREMENT_APPROVAL_REQUIRED,,NONE,docs/gsc/rerubsue_gsc_recovery_plan_2026-07-06.xlsx+NONE,Off-topic legacy niche (alcohol / pawn / home appliance) or thin archive
/รับซื้อเหล้า-เขตบางกะปิ/#คำถ%E.../,UNKNOWN,OFF_TOPIC,off_topic,90_DAYS_PERFORMANCE_EXPORT,2026-04-07,2026-07-06,0,4,5.50,0,30,0,D_RETIRE,UNREGISTERED_OR_PRIVATE,FUTURE_RETIREMENT_APPROVAL_REQUIRED,,NONE,docs/gsc/rerubsue_gsc_recovery_plan_2026-07-06.xlsx+NONE,Off-topic legacy niche (alcohol / pawn / home appliance) or thin archive
/รับซื้อเหล้า-เขตบางกะปิ/#ทำไ%E.../,UNKNOWN,OFF_TOPIC,off_topic,90_DAYS_PERFORMANCE_EXPORT,2026-04-07,2026-07-06,0,4,5.50,0,30,0,D_RETIRE,UNREGISTERED_OR_PRIVATE,FUTURE_RETIREMENT_APPROVAL_REQUIRED,,NONE,docs/gsc/rerubsue_gsc_recovery_plan_2026-07-06.xlsx+NONE,Off-topic legacy niche (alcohol / pawn / home appliance) or thin archive
/รับซื้อเหล้า-เขตบางกะปิ/#ปัจ%E.../,UNKNOWN,OFF_TOPIC,off_topic,90_DAYS_PERFORMANCE_EXPORT,2026-04-07,2026-07-06,0,4,5.50,0,30,0,D_RETIRE,UNREGISTERED_OR_PRIVATE,FUTURE_RETIREMENT_APPROVAL_REQUIRED,,NONE,docs/gsc/rerubsue_gsc_recovery_plan_2026-07-06.xlsx+NONE,Off-topic legacy niche (alcohol / pawn / home appliance) or thin archive
/รับซื้อเหล้า-เขตบางกะปิ/#รับ%E.../,UNKNOWN,OFF_TOPIC,off_topic,90_DAYS_PERFORMANCE_EXPORT,2026-04-07,2026-07-06,0,4,5.50,0,30,0,D_RETIRE,UNREGISTERED_OR_PRIVATE,FUTURE_RETIREMENT_APPROVAL_REQUIRED,,NONE,docs/gsc/rerubsue_gsc_recovery_plan_2026-07-06.xlsx+NONE,Off-topic legacy niche (alcohol / pawn / home appliance) or thin archive
/รับซื้อเหล้า-เขตบางกะปิ/#วิธ%E.../,UNKNOWN,OFF_TOPIC,off_topic,90_DAYS_PERFORMANCE_EXPORT,2026-04-07,2026-07-06,0,4,5.50,0,30,0,D_RETIRE,UNREGISTERED_OR_PRIVATE,FUTURE_RETIREMENT_APPROVAL_REQUIRED,,NONE,docs/gsc/rerubsue_gsc_recovery_plan_2026-07-06.xlsx+NONE,Off-topic legacy niche (alcohol / pawn / home appliance) or thin archive
/รับซื้อเหล้า-เขตบางกะปิ/#เหล%E.../,UNKNOWN,OFF_TOPIC,off_topic,90_DAYS_PERFORMANCE_EXPORT,2026-04-07,2026-07-06,0,4,5.50,0,30,0,D_RETIRE,UNREGISTERED_OR_PRIVATE,FUTURE_RETIREMENT_APPROVAL_REQUIRED,,NONE,docs/gsc/rerubsue_gsc_recovery_plan_2026-07-06.xlsx+NONE,Off-topic legacy niche (alcohol / pawn / home appliance) or thin archive
/รับซื้อเหล้า-เขตบางขุนเ/,UNKNOWN,OFF_TOPIC,off_topic,UNKNOWN,,,,,,,10,0,D_RETIRE,GONE_410,MAINTAIN_GONE_410,,,NONE+gone-paths.ts,Off-topic legacy niche (alcohol / pawn / home appliance) or thin archive
/รับซื้อเหล้า-เขตบางคอแห/,UNKNOWN,OFF_TOPIC,off_topic,UNKNOWN,,,,,,,10,0,D_RETIRE,GONE_410,MAINTAIN_GONE_410,,,NONE+gone-paths.ts,Off-topic legacy niche (alcohol / pawn / home appliance) or thin archive
/รับซื้อเหล้า-เขตบางซื่อ/,UNKNOWN,OFF_TOPIC,off_topic,UNKNOWN,,,,,,,10,0,D_RETIRE,GONE_410,MAINTAIN_GONE_410,,,NONE+gone-paths.ts,Off-topic legacy niche (alcohol / pawn / home appliance) or thin archive
/รับซื้อเหล้า-เขตบางนา/,UNKNOWN,OFF_TOPIC,off_topic,UNKNOWN,,,,,,,10,0,D_RETIRE,GONE_410,MAINTAIN_GONE_410,,,NONE+gone-paths.ts,Off-topic legacy niche (alcohol / pawn / home appliance) or thin archive
/รับซื้อเหล้า-เขตบางบอน/,UNKNOWN,OFF_TOPIC,off_topic,UNKNOWN,,,,,,,10,0,D_RETIRE,GONE_410,MAINTAIN_GONE_410,,,NONE+gone-paths.ts,Off-topic legacy niche (alcohol / pawn / home appliance) or thin archive
/รับซื้อเหล้า-เขตบางพลัด/,UNKNOWN,OFF_TOPIC,off_topic,UNKNOWN,,,,,,,10,0,D_RETIRE,GONE_410,MAINTAIN_GONE_410,,,NONE+gone-paths.ts,Off-topic legacy niche (alcohol / pawn / home appliance) or thin archive
/รับซื้อเหล้า-เขตบางรัก/,UNKNOWN,OFF_TOPIC,off_topic,UNKNOWN,,,,,,,10,0,D_RETIRE,GONE_410,MAINTAIN_GONE_410,,,NONE+gone-paths.ts,Off-topic legacy niche (alcohol / pawn / home appliance) or thin archive
/รับซื้อเหล้า-เขตบางเขน/,UNKNOWN,OFF_TOPIC,off_topic,UNKNOWN,,,,,,,10,0,D_RETIRE,GONE_410,MAINTAIN_GONE_410,,,NONE+gone-paths.ts,Off-topic legacy niche (alcohol / pawn / home appliance) or thin archive
/รับซื้อเหล้า-เขตบางแค/,UNKNOWN,OFF_TOPIC,off_topic,90_DAYS_PERFORMANCE_EXPORT,2026-04-07,2026-07-06,0,19,5.74,0,30,0,D_RETIRE,GONE_410,MAINTAIN_GONE_410,,,docs/gsc/rerubsue_gsc_recovery_plan_2026-07-06.xlsx+gone-paths.ts,Off-topic legacy niche (alcohol / pawn / home appliance) or thin archive
/รับซื้อเหล้า-เขตบึง%/,UNKNOWN,OFF_TOPIC,off_topic,90_DAYS_PERFORMANCE_EXPORT,2026-04-07,2026-07-06,0,0,0.00,0,20,0,D_RETIRE,UNREGISTERED_OR_PRIVATE,FUTURE_RETIREMENT_APPROVAL_REQUIRED,,NONE,docs/gsc/rerubsue_gsc_recovery_plan_2026-07-06.xlsx+NONE,Off-topic legacy niche (alcohol / pawn / home appliance) or thin archive
/รับซื้อเหล้า-เขตบึงกุ่ม/,UNKNOWN,OFF_TOPIC,off_topic,UNKNOWN,,,,,,,10,0,D_RETIRE,GONE_410,MAINTAIN_GONE_410,,,NONE+gone-paths.ts,Off-topic legacy niche (alcohol / pawn / home appliance) or thin archive
/รับซื้อเหล้า-เขตปทุมวัน/,UNKNOWN,OFF_TOPIC,off_topic,UNKNOWN,,,,,,,10,0,D_RETIRE,GONE_410,MAINTAIN_GONE_410,,,NONE+gone-paths.ts,Off-topic legacy niche (alcohol / pawn / home appliance) or thin archive
/รับซื้อเหล้า-เขตประเวศ/,UNKNOWN,OFF_TOPIC,off_topic,UNKNOWN,,,,,,,10,0,D_RETIRE,GONE_410,MAINTAIN_GONE_410,,,NONE+gone-paths.ts,Off-topic legacy niche (alcohol / pawn / home appliance) or thin archive
/รับซื้อเหล้า-เขตป้อมปรา/,UNKNOWN,OFF_TOPIC,off_topic,UNKNOWN,,,,,,,10,0,D_RETIRE,GONE_410,MAINTAIN_GONE_410,,,NONE+gone-paths.ts,Off-topic legacy niche (alcohol / pawn / home appliance) or thin archive
/รับซื้อเหล้า-เขตพญาไท/,UNKNOWN,OFF_TOPIC,off_topic,UNKNOWN,,,,,,,10,0,D_RETIRE,GONE_410,MAINTAIN_GONE_410,,,NONE+gone-paths.ts,Off-topic legacy niche (alcohol / pawn / home appliance) or thin archive
/รับซื้อเหล้า-เขตพระ%/,UNKNOWN,OFF_TOPIC,off_topic,90_DAYS_PERFORMANCE_EXPORT,2026-04-07,2026-07-06,0,0,0.00,0,20,0,D_RETIRE,UNREGISTERED_OR_PRIVATE,FUTURE_RETIREMENT_APPROVAL_REQUIRED,,NONE,docs/gsc/rerubsue_gsc_recovery_plan_2026-07-06.xlsx+NONE,Off-topic legacy niche (alcohol / pawn / home appliance) or thin archive
/รับซื้อเหล้า-เขตพระนคร/,UNKNOWN,OFF_TOPIC,off_topic,UNKNOWN,,,,,,,10,0,D_RETIRE,GONE_410,MAINTAIN_GONE_410,,,NONE+gone-paths.ts,Off-topic legacy niche (alcohol / pawn / home appliance) or thin archive
/รับซื้อเหล้า-เขตพระโขนง/,UNKNOWN,OFF_TOPIC,off_topic,90_DAYS_PERFORMANCE_EXPORT,2026-04-07,2026-07-06,4,30,7.37,4,60,0,D_RETIRE,GONE_410,MAINTAIN_GONE_410,,,docs/gsc/rerubsue_gsc_recovery_plan_2026-07-06.xlsx+gone-paths.ts,Off-topic legacy niche (alcohol / pawn / home appliance) or thin archive
/รับซื้อเหล้า-เขตภาษีเจร/,UNKNOWN,OFF_TOPIC,off_topic,UNKNOWN,,,,,,,10,0,D_RETIRE,GONE_410,MAINTAIN_GONE_410,,,NONE+gone-paths.ts,Off-topic legacy niche (alcohol / pawn / home appliance) or thin archive
/รับซื้อเหล้า-เขตมีนบุรี/,UNKNOWN,OFF_TOPIC,off_topic,UNKNOWN,,,,,,,10,0,D_RETIRE,GONE_410,MAINTAIN_GONE_410,,,NONE+gone-paths.ts,Off-topic legacy niche (alcohol / pawn / home appliance) or thin archive
/รับซื้อเหล้า-เขตยานนาวา/,UNKNOWN,OFF_TOPIC,off_topic,UNKNOWN,,,,,,,10,0,D_RETIRE,GONE_410,MAINTAIN_GONE_410,,,NONE+gone-paths.ts,Off-topic legacy niche (alcohol / pawn / home appliance) or thin archive
/รับซื้อเหล้า-เขตราชเทวี/,UNKNOWN,OFF_TOPIC,off_topic,UNKNOWN,,,,,,,10,0,D_RETIRE,GONE_410,MAINTAIN_GONE_410,,,NONE+gone-paths.ts,Off-topic legacy niche (alcohol / pawn / home appliance) or thin archive
/รับซื้อเหล้า-เขตราษฎร์บ/,UNKNOWN,OFF_TOPIC,off_topic,UNKNOWN,,,,,,,10,0,D_RETIRE,GONE_410,MAINTAIN_GONE_410,,,NONE+gone-paths.ts,Off-topic legacy niche (alcohol / pawn / home appliance) or thin archive
/รับซื้อเหล้า-เขตลาดกระบ/,UNKNOWN,OFF_TOPIC,off_topic,90_DAYS_PERFORMANCE_EXPORT,2026-04-07,2026-07-06,1,26,10.50,1,50,0,D_RETIRE,GONE_410,MAINTAIN_GONE_410,,,docs/gsc/rerubsue_gsc_recovery_plan_2026-07-06.xlsx+gone-paths.ts,Off-topic legacy niche (alcohol / pawn / home appliance) or thin archive
/รับซื้อเหล้า-เขตลาดพร้า/,UNKNOWN,OFF_TOPIC,off_topic,UNKNOWN,,,,,,,10,0,D_RETIRE,GONE_410,MAINTAIN_GONE_410,,,NONE+gone-paths.ts,Off-topic legacy niche (alcohol / pawn / home appliance) or thin archive
/รับซื้อเหล้า-เขตวัง%/,UNKNOWN,OFF_TOPIC,off_topic,90_DAYS_PERFORMANCE_EXPORT,2026-04-07,2026-07-06,0,0,0.00,0,20,0,D_RETIRE,UNREGISTERED_OR_PRIVATE,FUTURE_RETIREMENT_APPROVAL_REQUIRED,,NONE,docs/gsc/rerubsue_gsc_recovery_plan_2026-07-06.xlsx+NONE,Off-topic legacy niche (alcohol / pawn / home appliance) or thin archive
/รับซื้อเหล้า-เขตวังทองห/,UNKNOWN,OFF_TOPIC,off_topic,UNKNOWN,,,,,,,10,0,D_RETIRE,GONE_410,MAINTAIN_GONE_410,,,NONE+gone-paths.ts,Off-topic legacy niche (alcohol / pawn / home appliance) or thin archive
/รับซื้อเหล้า-เขตวัฒนา/,UNKNOWN,OFF_TOPIC,off_topic,UNKNOWN,,,,,,,10,0,D_RETIRE,GONE_410,MAINTAIN_GONE_410,,,NONE+gone-paths.ts,Off-topic legacy niche (alcohol / pawn / home appliance) or thin archive
/รับซื้อเหล้า-เขตสวนหลวง/,UNKNOWN,OFF_TOPIC,off_topic,UNKNOWN,,,,,,,10,0,D_RETIRE,GONE_410,MAINTAIN_GONE_410,,,NONE+gone-paths.ts,Off-topic legacy niche (alcohol / pawn / home appliance) or thin archive
/รับซื้อเหล้า-เขตสะพานสู/,UNKNOWN,OFF_TOPIC,off_topic,UNKNOWN,,,,,,,10,0,D_RETIRE,GONE_410,MAINTAIN_GONE_410,,,NONE+gone-paths.ts,Off-topic legacy niche (alcohol / pawn / home appliance) or thin archive
/รับซื้อเหล้า-เขตสัมพันธ/,UNKNOWN,OFF_TOPIC,off_topic,UNKNOWN,,,,,,,10,0,D_RETIRE,GONE_410,MAINTAIN_GONE_410,,,NONE+gone-paths.ts,Off-topic legacy niche (alcohol / pawn / home appliance) or thin archive
/รับซื้อเหล้า-เขตสาทร/,UNKNOWN,OFF_TOPIC,off_topic,UNKNOWN,,,,,,,10,0,D_RETIRE,GONE_410,MAINTAIN_GONE_410,,,NONE+gone-paths.ts,Off-topic legacy niche (alcohol / pawn / home appliance) or thin archive
/รับซื้อเหล้า-เขตสายไหม/,UNKNOWN,OFF_TOPIC,off_topic,90_DAYS_PERFORMANCE_EXPORT,2026-04-07,2026-07-06,32,613,8.34,32,90,0,D_RETIRE,GONE_410,MAINTAIN_GONE_410,,,docs/gsc/rerubsue_gsc_recovery_plan_2026-07-06.xlsx+gone-paths.ts,Off-topic legacy niche (alcohol / pawn / home appliance) or thin archive
/รับซื้อเหล้า-เขตหนองจอก/,UNKNOWN,OFF_TOPIC,off_topic,UNKNOWN,,,,,,,10,0,D_RETIRE,GONE_410,MAINTAIN_GONE_410,,,NONE+gone-paths.ts,Off-topic legacy niche (alcohol / pawn / home appliance) or thin archive
/รับซื้อเหล้า-เขตหนองแขม/,UNKNOWN,OFF_TOPIC,off_topic,90_DAYS_PERFORMANCE_EXPORT,2026-04-07,2026-07-06,3,55,8.15,3,60,0,D_RETIRE,GONE_410,MAINTAIN_GONE_410,,,docs/gsc/rerubsue_gsc_recovery_plan_2026-07-06.xlsx+gone-paths.ts,Off-topic legacy niche (alcohol / pawn / home appliance) or thin archive
/รับซื้อเหล้า-เขตหลักสี่/,UNKNOWN,OFF_TOPIC,off_topic,UNKNOWN,,,,,,,10,0,D_RETIRE,GONE_410,MAINTAIN_GONE_410,,,NONE+gone-paths.ts,Off-topic legacy niche (alcohol / pawn / home appliance) or thin archive
/รับซื้อเหล้า-เขตห้วยขวา/,UNKNOWN,OFF_TOPIC,off_topic,UNKNOWN,,,,,,,10,0,D_RETIRE,GONE_410,MAINTAIN_GONE_410,,,NONE+gone-paths.ts,Off-topic legacy niche (alcohol / pawn / home appliance) or thin archive
/รับซื้อเหล้า-ใกล้ฉัน/,UNKNOWN,OFF_TOPIC,off_topic,90_DAYS_PERFORMANCE_EXPORT,2026-04-07,2026-07-06,12,161,18.48,12,70,0,D_RETIRE,GONE_410,MAINTAIN_GONE_410,,,docs/gsc/rerubsue_gsc_recovery_plan_2026-07-06.xlsx+gone-paths.ts,Off-topic legacy niche (alcohol / pawn / home appliance) or thin archive
/รับซื้อเหล้า/,UNKNOWN,OFF_TOPIC,off_topic,90_DAYS_PERFORMANCE_EXPORT,2026-04-07,2026-07-06,10,223,11.49,10,70,0,D_RETIRE,GONE_410,MAINTAIN_GONE_410,,,docs/gsc/rerubsue_gsc_recovery_plan_2026-07-06.xlsx+gone-paths.ts,Off-topic legacy niche (alcohol / pawn / home appliance) or thin archive
/รับซื้อเหล้าซีวาส-chivas/,UNKNOWN,OFF_TOPIC,off_topic,90_DAYS_PERFORMANCE_EXPORT,2026-04-07,2026-07-06,2,42,15.45,2,50,0,D_RETIRE,GONE_410,MAINTAIN_GONE_410,,,docs/gsc/rerubsue_gsc_recovery_plan_2026-07-06.xlsx+gone-paths.ts,Off-topic legacy niche (alcohol / pawn / home appliance) or thin archive
/รับซื้อเหล้ารีเจนซี่/,UNKNOWN,OFF_TOPIC,off_topic,90_DAYS_PERFORMANCE_EXPORT,2026-04-07,2026-07-06,7,71,12.14,7,60,0,D_RETIRE,GONE_410,MAINTAIN_GONE_410,,,docs/gsc/rerubsue_gsc_recovery_plan_2026-07-06.xlsx+gone-paths.ts,Off-topic legacy niche (alcohol / pawn / home appliance) or thin archive
/รับซื้อเหล้าเก่า-รับซื้/,UNKNOWN,OFF_TOPIC,off_topic,90_DAYS_PERFORMANCE_EXPORT,2026-04-07,2026-07-06,73,1045,11.31,73,90,0,D_RETIRE,GONE_410,MAINTAIN_GONE_410,,,docs/gsc/rerubsue_gsc_recovery_plan_2026-07-06.xlsx+gone-paths.ts,Off-topic legacy niche (alcohol / pawn / home appliance) or thin archive
/รับซื้อเหล้าเรด-เลเบิ้ล/,UNKNOWN,OFF_TOPIC,off_topic,90_DAYS_PERFORMANCE_EXPORT,2026-04-07,2026-07-06,5,88,20.58,5,60,0,D_RETIRE,GONE_410,MAINTAIN_GONE_410,,,docs/gsc/rerubsue_gsc_recovery_plan_2026-07-06.xlsx+gone-paths.ts,Off-topic legacy niche (alcohol / pawn / home appliance) or thin archive
/รับซื้อเหล้าเฮนเนสซี่-hennessy/,UNKNOWN,OFF_TOPIC,off_topic,90_DAYS_PERFORMANCE_EXPORT,2026-04-07,2026-07-06,13,158,10.70,13,70,0,D_RETIRE,GONE_410,MAINTAIN_GONE_410,,,docs/gsc/rerubsue_gsc_recovery_plan_2026-07-06.xlsx+gone-paths.ts,Off-topic legacy niche (alcohol / pawn / home appliance) or thin archive
/รับซื้อแท็บเล็ต-android/,UNKNOWN,MONEY_HUB,ipad,UNKNOWN,,,,,,,10,85,D_RETIRE,UNREGISTERED_OR_PRIVATE,FUTURE_RETIREMENT_APPROVAL_REQUIRED,,NONE,NONE+NONE,Zero search equity thin duplicate post
/รับซื้อแท็บเล็ต-กระบี่/,หาร้านรับซื้อแท็บเล็ต กระบี่? เราให้ราคาสูงสุด มีบริการ On-Site โอนไวหน้างาน,MONEY_HUB,ipad,UNKNOWN,,,,,,,10,85,D_RETIRE,HOLD_NOINDEX_200,FUTURE_RETIREMENT_APPROVAL_REQUIRED,,,NONE+legacy-posts,Zero search equity thin duplicate post
/รับซื้อแท็บเล็ต-ขอนแก่น/,รับซื้อแท็บเล็ต ขอนแก่น ด่วนที่สุด ให้ราคาสูง รับถึงที่ จ่ายเงินสด 100%,LOCAL_MONEY,ipad,UNKNOWN,,,,,,,10,85,D_RETIRE,HOLD_NOINDEX_200,FUTURE_RETIREMENT_APPROVAL_REQUIRED,,,NONE+legacy-posts,Zero search equity thin duplicate post
/รับซื้อแท็บเล็ต-ชัยนาท/,ขายแท็บเล็ตด่วน ชัยนาท ที่ไหนดี? WE BUY ให้ราคาสูง จ่ายเงินสดทันใจ รับถึงหน้าบ้าน,MONEY_HUB,ipad,UNKNOWN,,,,,,,10,85,D_RETIRE,HOLD_NOINDEX_200,FUTURE_RETIREMENT_APPROVAL_REQUIRED,,,NONE+legacy-posts,Zero search equity thin duplicate post
/รับซื้อแท็บเล็ต-ตราด/,หาร้านรับซื้อแท็บเล็ต ตราด? เราให้ราคาสูงสุด มีบริการ On-Site โอนไวหน้างาน,MONEY_HUB,ipad,UNKNOWN,,,,,,,10,85,D_RETIRE,HOLD_NOINDEX_200,FUTURE_RETIREMENT_APPROVAL_REQUIRED,,,NONE+legacy-posts,Zero search equity thin duplicate post
/รับซื้อแท็บเล็ต-นครปฐม/,เปลี่ยนแท็บเล็ตเก่าเป็นเงินสดที่นครปฐม ตีราคาไว โอนเงินหน้างาน บริการรับถึงบ้าน,MONEY_HUB,ipad,UNKNOWN,,,,,,,10,85,D_RETIRE,HOLD_NOINDEX_200,FUTURE_RETIREMENT_APPROVAL_REQUIRED,,,NONE+legacy-posts,Zero search equity thin duplicate post
/รับซื้อแท็บเล็ต-นครพนม/,ขายแท็บเล็ตด่วน นครพนม ที่ไหนดี? WE BUY ให้ราคาสูง จ่ายเงินสดทันใจ รับถึงหน้าบ้าน,MONEY_HUB,ipad,UNKNOWN,,,,,,,10,85,D_RETIRE,HOLD_NOINDEX_200,FUTURE_RETIREMENT_APPROVAL_REQUIRED,,,NONE+legacy-posts,Zero search equity thin duplicate post
/รับซื้อแท็บเล็ต-นครสวรรค์/,หาร้านรับซื้อแท็บเล็ต นครสวรรค์? เราให้ราคาสูงสุด มีบริการ On-Site โอนไวหน้างาน,MONEY_HUB,ipad,UNKNOWN,,,,,,,10,85,D_RETIRE,HOLD_NOINDEX_200,FUTURE_RETIREMENT_APPROVAL_REQUIRED,,,NONE+legacy-posts,Zero search equity thin duplicate post
/รับซื้อแท็บเล็ต-น่าน/,รับซื้อแท็บเล็ต น่าน ด่วนที่สุด ให้ราคาสูง รับถึงที่ จ่ายเงินสด 100%,MONEY_HUB,ipad,UNKNOWN,,,,,,,10,85,D_RETIRE,HOLD_NOINDEX_200,FUTURE_RETIREMENT_APPROVAL_REQUIRED,,,NONE+legacy-posts,Zero search equity thin duplicate post
/รับซื้อแท็บเล็ต-ปทุมธานี/,หาร้านรับซื้อแท็บเล็ต ปทุมธานี? เราให้ราคาสูงสุด มีบริการ On-Site โอนไวหน้างาน,MONEY_HUB,ipad,UNKNOWN,,,,,,,10,85,D_RETIRE,HOLD_NOINDEX_200,FUTURE_RETIREMENT_APPROVAL_REQUIRED,,,NONE+legacy-posts,Zero search equity thin duplicate post
/รับซื้อแท็บเล็ต-พังงา/,ขายแท็บเล็ตด่วน พังงา ที่ไหนดี? WE BUY ให้ราคาสูง จ่ายเงินสดทันใจ รับถึงหน้าบ้าน,MONEY_HUB,ipad,UNKNOWN,,,,,,,10,85,D_RETIRE,HOLD_NOINDEX_200,FUTURE_RETIREMENT_APPROVAL_REQUIRED,,,NONE+legacy-posts,Zero search equity thin duplicate post
/รับซื้อแท็บเล็ต-พัทลุง/,ขายแท็บเล็ตด่วน พัทลุง ที่ไหนดี? WE BUY ให้ราคาสูง จ่ายเงินสดทันใจ รับถึงหน้าบ้าน,MONEY_HUB,ipad,UNKNOWN,,,,,,,10,85,D_RETIRE,HOLD_NOINDEX_200,FUTURE_RETIREMENT_APPROVAL_REQUIRED,,,NONE+legacy-posts,Zero search equity thin duplicate post
/รับซื้อแท็บเล็ต-ภูเก็ต/,ด่วน! รับซื้อแท็บเล็ตมือสองในเขตภูเก็ต เช็คราคาฟรี ได้เงินทันที สู้ทุกราคา,MONEY_HUB,ipad,UNKNOWN,,,,,,,10,85,D_RETIRE,HOLD_NOINDEX_200,FUTURE_RETIREMENT_APPROVAL_REQUIRED,,,NONE+legacy-posts,Zero search equity thin duplicate post
/รับซื้อแท็บเล็ต-มุกดาหาร/,เปลี่ยนแท็บเล็ตเก่าเป็นเงินสดที่มุกดาหาร ตีราคาไว โอนเงินหน้างาน บริการรับถึงบ้าน,MONEY_HUB,ipad,UNKNOWN,,,,,,,10,85,D_RETIRE,HOLD_NOINDEX_200,FUTURE_RETIREMENT_APPROVAL_REQUIRED,,,NONE+legacy-posts,Zero search equity thin duplicate post
/รับซื้อแท็บเล็ต-ยโสธร/,รับซื้อแท็บเล็ต ยโสธร ด่วนที่สุด ให้ราคาสูง รับถึงที่ จ่ายเงินสด 100%,LOCAL_MONEY,ipad,UNKNOWN,,,,,,,10,85,D_RETIRE,HOLD_NOINDEX_200,FUTURE_RETIREMENT_APPROVAL_REQUIRED,,,NONE+legacy-posts,Zero search equity thin duplicate post
/รับซื้อแท็บเล็ต-ร้อยเอ็ด/,ร้อยเอ็ด รับซื้อแท็บเล็ต สู้ทุกราคา บริการรับถึงที่ จ่ายสด ไม่กดราคา ปลอดภัย 100%,MONEY_HUB,ipad,UNKNOWN,,,,,,,10,85,D_RETIRE,HOLD_NOINDEX_200,FUTURE_RETIREMENT_APPROVAL_REQUIRED,,,NONE+legacy-posts,Zero search equity thin duplicate post
/รับซื้อแท็บเล็ต-ลพบุรี/,เปลี่ยนแท็บเล็ตเก่าเป็นเงินสดที่ลพบุรี ตีราคาไว โอนเงินหน้างาน บริการรับถึงบ้าน,MONEY_HUB,ipad,UNKNOWN,,,,,,,10,85,D_RETIRE,HOLD_NOINDEX_200,FUTURE_RETIREMENT_APPROVAL_REQUIRED,,,NONE+legacy-posts,Zero search equity thin duplicate post
/รับซื้อแท็บเล็ต-ศรีสะเกษ/,ศรีสะเกษ รับซื้อแท็บเล็ต สู้ทุกราคา บริการรับถึงที่ จ่ายสด ไม่กดราคา ปลอดภัย 100%,MONEY_HUB,ipad,UNKNOWN,,,,,,,10,85,D_RETIRE,HOLD_NOINDEX_200,FUTURE_RETIREMENT_APPROVAL_REQUIRED,,,NONE+legacy-posts,Zero search equity thin duplicate post
/รับซื้อแท็บเล็ต-สกลนคร/,หาร้านรับซื้อแท็บเล็ต สกลนคร? เราให้ราคาสูงสุด มีบริการ On-Site โอนไวหน้างาน,MONEY_HUB,ipad,UNKNOWN,,,,,,,10,85,D_RETIRE,HOLD_NOINDEX_200,FUTURE_RETIREMENT_APPROVAL_REQUIRED,,,NONE+legacy-posts,Zero search equity thin duplicate post
/รับซื้อแท็บเล็ต-สระบุรี/,สระบุรี รับซื้อแท็บเล็ต สู้ทุกราคา บริการรับถึงที่ จ่ายสด ไม่กดราคา ปลอดภัย 100%,MONEY_HUB,ipad,UNKNOWN,,,,,,,10,85,D_RETIRE,HOLD_NOINDEX_200,FUTURE_RETIREMENT_APPROVAL_REQUIRED,,,NONE+legacy-posts,Zero search equity thin duplicate post
/รับซื้อแท็บเล็ต-สุพรรณบุรี/,ด่วน! รับซื้อแท็บเล็ตมือสองในเขตสุพรรณบุรี เช็คราคาฟรี ได้เงินทันที สู้ทุกราคา,MONEY_HUB,ipad,UNKNOWN,,,,,,,10,85,D_RETIRE,HOLD_NOINDEX_200,FUTURE_RETIREMENT_APPROVAL_REQUIRED,,,NONE+legacy-posts,Zero search equity thin duplicate post
/รับซื้อแท็บเล็ต-หนองคาย/,รับซื้อแท็บเล็ต หนองคาย ด่วนที่สุด ให้ราคาสูง รับถึงที่ จ่ายเงินสด 100%,MONEY_HUB,ipad,UNKNOWN,,,,,,,10,85,D_RETIRE,HOLD_NOINDEX_200,FUTURE_RETIREMENT_APPROVAL_REQUIRED,,,NONE+legacy-posts,Zero search equity thin duplicate post
/รับซื้อแท็บเล็ต-อุตรดิตถ์/,ด่วน! รับซื้อแท็บเล็ตมือสองในเขตอุตรดิตถ์ เช็คราคาฟรี ได้เงินทันที สู้ทุกราคา,MONEY_HUB,ipad,UNKNOWN,,,,,,,10,85,D_RETIRE,HOLD_NOINDEX_200,FUTURE_RETIREMENT_APPROVAL_REQUIRED,,,NONE+legacy-posts,Zero search equity thin duplicate post
/รับซื้อแท็บเล็ต-อุทัยธานี/,เปลี่ยนแท็บเล็ตเก่าเป็นเงินสดที่อุทัยธานี ตีราคาไว โอนเงินหน้างาน บริการรับถึงบ้าน,MONEY_HUB,ipad,UNKNOWN,,,,,,,10,85,D_RETIRE,HOLD_NOINDEX_200,FUTURE_RETIREMENT_APPROVAL_REQUIRED,,,NONE+legacy-posts,Zero search equity thin duplicate post
/รับซื้อแท็บเล็ต/,รับซื้อแท็บเล็ต มือสอง ทุกรุ่น จ่ายสดทันที,MONEY_HUB,ipad,UNKNOWN,,,,,,,10,85,D_RETIRE,HOLD_NOINDEX_200,FUTURE_RETIREMENT_APPROVAL_REQUIRED,,,NONE+legacy-posts,Zero search equity thin duplicate post
/รับซื้อแท็บเล็ตยกล็อต/,รับซื้อแท็บเล็ตยกล็อต มือสอง ทุกรุ่น จ่ายสดทันที,MONEY_HUB,ipad,UNKNOWN,,,,,,,10,85,D_RETIRE,HOLD_NOINDEX_200,FUTURE_RETIREMENT_APPROVAL_REQUIRED,,,NONE+legacy-posts,Zero search equity thin duplicate post
/รับซื้อแท็บเล็ตองค์กร/,UNKNOWN,MONEY_HUB,ipad,UNKNOWN,,,,,,,10,85,D_RETIRE,UNREGISTERED_OR_PRIVATE,FUTURE_RETIREMENT_APPROVAL_REQUIRED,,NONE,NONE+NONE,Zero search equity thin duplicate post
/รับซื้อแท็บเล็ตโรงเรียน/,UNKNOWN,MONEY_HUB,ipad,UNKNOWN,,,,,,,10,85,D_RETIRE,UNREGISTERED_OR_PRIVATE,FUTURE_RETIREMENT_APPROVAL_REQUIRED,,NONE,NONE+NONE,Zero search equity thin duplicate post
/รับซื้อแท็บเล็ตใส่ซิม/,รับซื้อแท็บเล็ตใส่ซิม มือสอง ทุกรุ่น จ่ายสดทันที,MONEY_HUB,ipad,UNKNOWN,,,,,,,10,85,D_RETIRE,HOLD_NOINDEX_200,FUTURE_RETIREMENT_APPROVAL_REQUIRED,,,NONE+legacy-posts,Zero search equity thin duplicate post
/รับซื้อแบตเตอรี่-ups/,รับซื้อ แบตเตอรี่ UPS มือสอง ทุกรุ่น จ่ายสดทันที,MONEY_HUB,general_buyback,UNKNOWN,,,,,,,10,35,D_RETIRE,HOLD_NOINDEX_200,FUTURE_RETIREMENT_APPROVAL_REQUIRED,,,NONE+legacy-posts,Zero search equity thin duplicate post
/รับซื้อแมคบุ๊ค-macbook-ยโสธร/,รับซื้อแมคบุ๊ค Macbook ยโสธร บริการรับถึงที่ ให้ราคาดี,MONEY_HUB,macbook,UNKNOWN,,,,,,,30,85,C_301_CONSOLIDATE,ACTIVE_REDIRECT_301,MAINTAIN_ACTIVE_REDIRECT,/รับซื้อแมคบุ๊ค/,EXISTING_REDIRECT,NONE+redirects,Active migration redirect rule targeting /รับซื้อแมคบุ๊ค/
/รับซื้อแมคบุ๊ค-macbook/,รับซื้อแมคบุ๊ค Macbook,MONEY_HUB,macbook,UNKNOWN,,,,,,,30,85,C_301_CONSOLIDATE,ACTIVE_REDIRECT_301,MAINTAIN_ACTIVE_REDIRECT,/รับซื้อแมคบุ๊ค/,NEW_REDIRECT,NONE+redirects,Active migration redirect rule targeting /รับซื้อแมคบุ๊ค/
/รับซื้อแมคบุ๊ค-กาฬสินธุ์/,รับซื้อแมคบุ๊ค กาฬสินธุ์ ประเมินจากรุ่น ชิป รอบชาร์จ และสภาพจริงก่อนนัดรับ,MONEY_HUB,macbook,UNKNOWN,,,,,,,10,85,D_RETIRE,HOLD_NOINDEX_200,FUTURE_RETIREMENT_APPROVAL_REQUIRED,,,NONE+legacy-posts,Zero search equity thin duplicate post
/รับซื้อแมคบุ๊ค-ขอนแก่น/,UNKNOWN,LOCAL_MONEY,macbook,90_DAYS_PERFORMANCE_EXPORT,2026-04-07,2026-07-06,3,18,16.11,3,50,85,E_REVIEW,UNREGISTERED_OR_PRIVATE,OWNER_REVIEW_REQUIRED,,NONE,docs/gsc/rerubsue_gsc_recovery_plan_2026-07-06.xlsx+NONE,Residual historical traffic (3 clicks) requiring explicit stakeholder decision
/รับซื้อแมคบุ๊ค-ชัยภูมิ/,UNKNOWN,MONEY_HUB,macbook,UNKNOWN,,,,,,,10,85,D_RETIRE,UNREGISTERED_OR_PRIVATE,FUTURE_RETIREMENT_APPROVAL_REQUIRED,,NONE,NONE+NONE,Zero search equity thin duplicate post
/รับซื้อแมคบุ๊ค-นครพนม/,UNKNOWN,MONEY_HUB,macbook,UNKNOWN,,,,,,,10,85,D_RETIRE,UNREGISTERED_OR_PRIVATE,FUTURE_RETIREMENT_APPROVAL_REQUIRED,,NONE,NONE+NONE,Zero search equity thin duplicate post
/รับซื้อแมคบุ๊ค-บึงกาฬ/,UNKNOWN,MONEY_HUB,macbook,UNKNOWN,,,,,,,10,85,D_RETIRE,UNREGISTERED_OR_PRIVATE,FUTURE_RETIREMENT_APPROVAL_REQUIRED,,NONE,NONE+NONE,Zero search equity thin duplicate post
/รับซื้อแมคบุ๊ค-บุรีรัมย์/,รับซื้อแมคบุ๊ค บุรีรัมย์ ประเมินจากรุ่น ชิป รอบชาร์จ และสภาพจริงก่อนนัดรับ,MONEY_HUB,macbook,UNKNOWN,,,,,,,10,85,D_RETIRE,HOLD_NOINDEX_200,FUTURE_RETIREMENT_APPROVAL_REQUIRED,,,NONE+legacy-posts,Zero search equity thin duplicate post
/รับซื้อแมคบุ๊ค-มหาสารคาม/,รับซื้อแมคบุ๊ค มหาสารคาม ประเมินจากรุ่น ชิป รอบชาร์จ และสภาพจริงก่อนนัดรับ,LOCAL_MONEY,macbook,UNKNOWN,,,,,,,10,85,D_RETIRE,HOLD_NOINDEX_200,FUTURE_RETIREMENT_APPROVAL_REQUIRED,,,NONE+legacy-posts,Zero search equity thin duplicate post
/รับซื้อแมคบุ๊ค-มุกดาหาร/,UNKNOWN,MONEY_HUB,macbook,UNKNOWN,,,,,,,10,85,D_RETIRE,UNREGISTERED_OR_PRIVATE,FUTURE_RETIREMENT_APPROVAL_REQUIRED,,NONE,NONE+NONE,Zero search equity thin duplicate post
/รับซื้อแมคบุ๊ค-ยโสธร/,UNKNOWN,MONEY_HUB,macbook,UNKNOWN,,,,,,,10,85,D_RETIRE,UNREGISTERED_OR_PRIVATE,FUTURE_RETIREMENT_APPROVAL_REQUIRED,,NONE,NONE+NONE,Zero search equity thin duplicate post
/รับซื้อแมคบุ๊ค-ร้อยเอ็ด/,UNKNOWN,MONEY_HUB,macbook,UNKNOWN,,,,,,,10,85,D_RETIRE,UNREGISTERED_OR_PRIVATE,FUTURE_RETIREMENT_APPROVAL_REQUIRED,,NONE,NONE+NONE,Zero search equity thin duplicate post
/รับซื้อแมคบุ๊ค-ศรีสะเกษ/,UNKNOWN,MONEY_HUB,macbook,UNKNOWN,,,,,,,10,85,D_RETIRE,UNREGISTERED_OR_PRIVATE,FUTURE_RETIREMENT_APPROVAL_REQUIRED,,NONE,NONE+NONE,Zero search equity thin duplicate post
/รับซื้อแมคบุ๊ค-สกลนคร/,UNKNOWN,MONEY_HUB,macbook,UNKNOWN,,,,,,,10,85,D_RETIRE,UNREGISTERED_OR_PRIVATE,FUTURE_RETIREMENT_APPROVAL_REQUIRED,,NONE,NONE+NONE,Zero search equity thin duplicate post
/รับซื้อแมคบุ๊ค-สุรินทร์/,UNKNOWN,MONEY_HUB,macbook,UNKNOWN,,,,,,,10,85,D_RETIRE,UNREGISTERED_OR_PRIVATE,FUTURE_RETIREMENT_APPROVAL_REQUIRED,,NONE,NONE+NONE,Zero search equity thin duplicate post
/รับซื้อแมคบุ๊ค-หนองคาย/,UNKNOWN,MONEY_HUB,macbook,UNKNOWN,,,,,,,10,85,D_RETIRE,UNREGISTERED_OR_PRIVATE,FUTURE_RETIREMENT_APPROVAL_REQUIRED,,NONE,NONE+NONE,Zero search equity thin duplicate post
/รับซื้อแมคบุ๊ค-หนองบัวลำภู/,รับซื้อแมคบุ๊ค หนองบัวลำภู ประเมินจากรุ่น ชิป รอบชาร์จ และสภาพจริงก่อนนัดรับ,MONEY_HUB,macbook,UNKNOWN,,,,,,,10,85,D_RETIRE,HOLD_NOINDEX_200,FUTURE_RETIREMENT_APPROVAL_REQUIRED,,,NONE+legacy-posts,Zero search equity thin duplicate post
/รับซื้อแมคบุ๊ค-อำนาจเจริญ/,รับซื้อแมคบุ๊ค อำนาจเจริญ ประเมินจากรุ่น ชิป รอบชาร์จ และสภาพจริงก่อนนัดรับ,MONEY_HUB,macbook,UNKNOWN,,,,,,,10,85,D_RETIRE,HOLD_NOINDEX_200,FUTURE_RETIREMENT_APPROVAL_REQUIRED,,,NONE+legacy-posts,Zero search equity thin duplicate post
/รับซื้อแมคบุ๊ค-อุดรธานี/,UNKNOWN,LOCAL_MONEY,macbook,90_DAYS_PERFORMANCE_EXPORT,2026-04-07,2026-07-06,1,8,12.38,1,50,85,E_REVIEW,UNREGISTERED_OR_PRIVATE,OWNER_REVIEW_REQUIRED,,NONE,docs/gsc/rerubsue_gsc_recovery_plan_2026-07-06.xlsx+NONE,Residual historical traffic (1 clicks) requiring explicit stakeholder decision
/รับซื้อแมคบุ๊ค-อุบลราชธานี/,รับซื้อแมคบุ๊ค อุบลราชธานี ประเมินจากรุ่น ชิป รอบชาร์จ และสภาพจริงก่อนนัดรับ,LOCAL_MONEY,macbook,UNKNOWN,,,,,,,10,85,D_RETIRE,HOLD_NOINDEX_200,FUTURE_RETIREMENT_APPROVAL_REQUIRED,,,NONE+legacy-posts,Zero search equity thin duplicate post
/รับซื้อแมคบุ๊ค-เลย/,UNKNOWN,MONEY_HUB,macbook,UNKNOWN,,,,,,,10,85,D_RETIRE,UNREGISTERED_OR_PRIVATE,FUTURE_RETIREMENT_APPROVAL_REQUIRED,,NONE,NONE+NONE,Zero search equity thin duplicate post
/รับซื้อแมคบุ๊ค-โคราช/,UNKNOWN,MONEY_HUB,macbook,UNKNOWN,,,,,,,10,85,D_RETIRE,UNREGISTERED_OR_PRIVATE,FUTURE_RETIREMENT_APPROVAL_REQUIRED,,NONE,NONE+NONE,Zero search equity thin duplicate post
/รับซื้อแมคบุ๊ค-ใกล้ฉัน/,UNKNOWN,MONEY_HUB,macbook,UNKNOWN,,,,,,,30,85,C_301_CONSOLIDATE,ACTIVE_REDIRECT_301,MAINTAIN_ACTIVE_REDIRECT,/รับซื้อแมคบุ๊ค/,,NONE+redirects,Active migration redirect rule targeting /รับซื้อแมคบุ๊ค/
/รับซื้อแม็คบุ๊ค-macbook/,รับซื้อแม็คบุ๊ค Macbook ทุกรุ่น อุบลราชธานี ให้ราคาดีที่สุด,MONEY_HUB,macbook,90_DAYS_PERFORMANCE_EXPORT,2026-04-07,2026-07-06,4,43,8.70,4,60,85,C_301_CONSOLIDATE,ACTIVE_REDIRECT_301,MAINTAIN_ACTIVE_REDIRECT,/รับซื้อแมคบุ๊ค/,NEW_REDIRECT,docs/gsc/rerubsue_gsc_recovery_plan_2026-07-06.xlsx+survivor-hold,Active migration redirect rule targeting /รับซื้อแมคบุ๊ค/
/รับซื้อแม็คบุ๊ค-ใกล้ฉัน/,รับซื้อแม็คบุ๊ค ใกล้ฉัน ขอนแก่น,MONEY_HUB,macbook,UNKNOWN,,,,,,,10,85,D_RETIRE,HOLD_NOINDEX_200,FUTURE_RETIREMENT_APPROVAL_REQUIRED,,,NONE+legacy-posts,Zero search equity thin duplicate post
/รับซื้อแรม/,UNKNOWN,MONEY_HUB,general_buyback,UNKNOWN,,,,,,,10,35,D_RETIRE,UNREGISTERED_OR_PRIVATE,FUTURE_RETIREMENT_APPROVAL_REQUIRED,,NONE,NONE+NONE,Zero search equity thin duplicate post
/รับซื้อแอร์/,UNKNOWN,OFF_TOPIC,off_topic,UNKNOWN,,,,,,,10,0,D_RETIRE,UNREGISTERED_OR_PRIVATE,FUTURE_RETIREMENT_APPROVAL_REQUIRED,,NONE,NONE+NONE,Off-topic legacy niche (alcohol / pawn / home appliance) or thin archive
/รับซื้อแอร์อุบลราชธานี/,รับซื้อแอร์อุบลราชธานี,OFF_TOPIC,off_topic,UNKNOWN,,,,,,,10,0,D_RETIRE,UNREGISTERED_OR_PRIVATE,FUTURE_RETIREMENT_APPROVAL_REQUIRED,,NONE,NONE+NONE,Off-topic legacy niche (alcohol / pawn / home appliance) or thin archive
/รับซื้อโกสุมพิสัย/,UNKNOWN,MONEY_HUB,general_buyback,UNKNOWN,,,,,,,10,35,D_RETIRE,UNREGISTERED_OR_PRIVATE,FUTURE_RETIREMENT_APPROVAL_REQUIRED,,NONE,NONE+NONE,Zero search equity thin duplicate post
/รับซื้อโดรน-dji-drone/,UNKNOWN,MONEY_HUB,gadget,UNKNOWN,,,,,,,10,35,D_RETIRE,UNREGISTERED_OR_PRIVATE,FUTURE_RETIREMENT_APPROVAL_REQUIRED,,NONE,NONE+NONE,Zero search equity thin duplicate post
/รับซื้อโดรน/,UNKNOWN,MONEY_HUB,gadget,90_DAYS_PERFORMANCE_EXPORT,2026-04-07,2026-07-06,9,69,14.78,9,60,35,E_REVIEW,UNREGISTERED_OR_PRIVATE,OWNER_REVIEW_REQUIRED,,NONE,docs/gsc/rerubsue_gsc_recovery_plan_2026-07-06.xlsx+NONE,Residual historical traffic (9 clicks) requiring explicit stakeholder decision
/รับซื้อโต๊ะ-gaming/,UNKNOWN,MONEY_HUB,general_buyback,UNKNOWN,,,,,,,10,35,D_RETIRE,UNREGISTERED_OR_PRIVATE,FUTURE_RETIREMENT_APPROVAL_REQUIRED,,NONE,NONE+NONE,Zero search equity thin duplicate post
/รับซื้อโทรศัพท์-samsung-s24-ultra/,UNKNOWN,MONEY_HUB,iphone,UNKNOWN,,,,,,,10,85,D_RETIRE,UNREGISTERED_OR_PRIVATE,FUTURE_RETIREMENT_APPROVAL_REQUIRED,,NONE,NONE+NONE,Zero search equity thin duplicate post
/รับซื้อโทรศัพท์-มือถือ-ย/,UNKNOWN,MONEY_HUB,iphone,90_DAYS_PERFORMANCE_EXPORT,2026-04-07,2026-07-06,9,135,11.02,9,60,85,A_PRESERVE_REWRITE,GONE_410,PRESERVE_REWRITE_CONTENT,,,docs/gsc/rerubsue_gsc_recovery_plan_2026-07-06.xlsx+gone-paths.ts,High-equity historical IT search winner; keep exact public URL and rewrite content
/รับซื้อโทรศัพท์-มือถือ/,UNKNOWN,MONEY_HUB,iphone,UNKNOWN,,,,,,,10,85,D_RETIRE,UNREGISTERED_OR_PRIVATE,FUTURE_RETIREMENT_APPROVAL_REQUIRED,,NONE,NONE+NONE,Zero search equity thin duplicate post
/รับซื้อโทรศัพท์-อุบล/,UNKNOWN,LOCAL_MONEY,iphone,90_DAYS_PERFORMANCE_EXPORT,2026-04-07,2026-07-06,4,182,9.18,4,60,85,A_PRESERVE_REWRITE,UNREGISTERED_OR_PRIVATE,PRESERVE_REWRITE_CONTENT,,NONE,docs/gsc/rerubsue_gsc_recovery_plan_2026-07-06.xlsx+NONE,High-equity historical IT search winner; keep exact public URL and rewrite content
/รับซื้อโทรศัพท์มือถือ-จ/,รับซื้อโทรศัพท์มือถือ จังหวัดร้อยเอ็ด ให้ราคาสูงที่สุด ไปรับถึงที่,MONEY_HUB,iphone,90_DAYS_PERFORMANCE_EXPORT,2026-04-07,2026-07-06,25,746,9.13,25,90,90,A_PRESERVE_REWRITE,HOLD_NOINDEX_200,PRESERVE_REWRITE_CONTENT,,,docs/gsc/rerubsue_gsc_recovery_plan_2026-07-06.xlsx+legacy-posts,High-equity historical IT search winner; keep exact public URL and rewrite content
/รับซื้อโนนสูง/,UNKNOWN,MONEY_HUB,general_buyback,UNKNOWN,,,,,,,10,35,D_RETIRE,UNREGISTERED_OR_PRIVATE,FUTURE_RETIREMENT_APPROVAL_REQUIRED,,NONE,NONE+NONE,Zero search equity thin duplicate post
/รับซื้อโน๊ตบุ๊ค-acer-nitro-5/,รับซื้อโน๊ตบุ๊ค Acer Nitro 5 โน๊ตบุ๊คเกมมิ่ง รับทุกรุ่น ให้ราคาสูง,MONEY_HUB,notebook,UNKNOWN,,,,,,,10,85,D_RETIRE,HOLD_NOINDEX_200,FUTURE_RETIREMENT_APPROVAL_REQUIRED,,,NONE+legacy-posts,Zero search equity thin duplicate post
/รับซื้อโน๊ตบุ๊ค-acer-อุบลรา/,UNKNOWN,LOCAL_MONEY,notebook,UNKNOWN,,,,,,,10,85,D_RETIRE,UNREGISTERED_OR_PRIVATE,FUTURE_RETIREMENT_APPROVAL_REQUIRED,,NONE,NONE+NONE,Zero search equity thin duplicate post
/รับซื้อโน๊ตบุ๊ค-asus-rog-gaming/,รับซื้อโน๊ตบุ๊ค Asus ROG Gaming,MONEY_HUB,notebook,UNKNOWN,,,,,,,10,85,D_RETIRE,HOLD_NOINDEX_200,FUTURE_RETIREMENT_APPROVAL_REQUIRED,,,NONE+legacy-posts,Zero search equity thin duplicate post
/รับซื้อโน๊ตบุ๊ค-asus-tuf-gaming/,รับซื้อโน๊ตบุ๊ค Asus TUF Gaming ทุกรุ่น ให้ราคาสูงที่สุดแน่นอน,MONEY_HUB,notebook,UNKNOWN,,,,,,,10,85,D_RETIRE,HOLD_NOINDEX_200,FUTURE_RETIREMENT_APPROVAL_REQUIRED,,,NONE+legacy-posts,Zero search equity thin duplicate post
/รับซื้อโน๊ตบุ๊ค-asus-อุบลรา/,UNKNOWN,LOCAL_MONEY,notebook,UNKNOWN,,,,,,,10,85,D_RETIRE,UNREGISTERED_OR_PRIVATE,FUTURE_RETIREMENT_APPROVAL_REQUIRED,,NONE,NONE+NONE,Zero search equity thin duplicate post
/รับซื้อโน๊ตบุ๊ค-dell-อุบลรา/,UNKNOWN,LOCAL_MONEY,notebook,UNKNOWN,,,,,,,10,85,D_RETIRE,UNREGISTERED_OR_PRIVATE,FUTURE_RETIREMENT_APPROVAL_REQUIRED,,NONE,NONE+NONE,Zero search equity thin duplicate post
/รับซื้อโน๊ตบุ๊ค-hp-อุบลรา/,UNKNOWN,LOCAL_MONEY,notebook,UNKNOWN,,,,,,,10,85,D_RETIRE,UNREGISTERED_OR_PRIVATE,FUTURE_RETIREMENT_APPROVAL_REQUIRED,,NONE,NONE+NONE,Zero search equity thin duplicate post
/รับซื้อโน๊ตบุ๊ค-notebook-ยโสธร/,รับซื้อโน๊ตบุ๊ค ยโสธร,LOCAL_MONEY,notebook,90_DAYS_PERFORMANCE_EXPORT,2026-04-07,2026-07-06,10,76,6.03,10,80,90,A_PRESERVE_REWRITE,HOLD_NOINDEX_200,PRESERVE_REWRITE_CONTENT,,,docs/gsc/rerubsue_gsc_recovery_plan_2026-07-06.xlsx+legacy-posts,High-equity historical IT search winner; keep exact public URL and rewrite content
/รับซื้อโน๊ตบุ๊ค-notebook/,UNKNOWN,MONEY_HUB,notebook,90_DAYS_PERFORMANCE_EXPORT,2026-04-07,2026-07-06,4,102,40.28,4,50,85,A_PRESERVE_REWRITE,UNREGISTERED_OR_PRIVATE,PRESERVE_REWRITE_CONTENT,,NONE,docs/gsc/rerubsue_gsc_recovery_plan_2026-07-06.xlsx+NONE,High-equity historical IT search winner; keep exact public URL and rewrite content
/รับซื้อโน๊ตบุ๊ค-กระบี่/,หาร้านรับซื้อโน๊ตบุ๊ค กระบี่? เราให้ราคาสูงสุด มีบริการ On-Site โอนไวหน้างาน,MONEY_HUB,notebook,UNKNOWN,,,,,,,10,85,D_RETIRE,HOLD_NOINDEX_200,FUTURE_RETIREMENT_APPROVAL_REQUIRED,,,NONE+legacy-posts,Zero search equity thin duplicate post
/รับซื้อโน๊ตบุ๊ค-กาฬสินธ/,รับซื้อโน๊ตบุ๊ค กาฬสินธุ์ บริการรับซื้อถึงที่ ให้ราคาสูงที่สุด,MONEY_HUB,notebook,90_DAYS_PERFORMANCE_EXPORT,2026-04-07,2026-07-06,9,247,8.06,9,70,85,A_PRESERVE_REWRITE,HOLD_NOINDEX_200,PRESERVE_REWRITE_CONTENT,,,docs/gsc/rerubsue_gsc_recovery_plan_2026-07-06.xlsx+legacy-posts,High-equity historical IT search winner; keep exact public URL and rewrite content
/รับซื้อโน๊ตบุ๊ค-กาฬสินธุ์/,เปลี่ยนโน๊ตบุ๊คเก่าเป็นเงินสดที่กาฬสินธุ์ ตีราคาไว โอนเงินหน้างาน บริการรับถึงบ้าน,LOCAL_MONEY,notebook,UNKNOWN,,,,,,,10,85,D_RETIRE,HOLD_NOINDEX_200,FUTURE_RETIREMENT_APPROVAL_REQUIRED,,,NONE+legacy-posts,Zero search equity thin duplicate post
/รับซื้อโน๊ตบุ๊ค-ขอนแก่น/,รับซื้อโน๊ตบุ๊ค ขอนแก่น บริการรับซื้อถึงที่ ให้ราคาสูงที่สุด รับซื้อโน๊ตบุ๊คมือสอง,LOCAL_MONEY,notebook,90_DAYS_PERFORMANCE_EXPORT,2026-04-07,2026-07-06,9,506,14.47,9,60,85,A_PRESERVE_REWRITE,HOLD_NOINDEX_200,PRESERVE_REWRITE_CONTENT,,,docs/gsc/rerubsue_gsc_recovery_plan_2026-07-06.xlsx+legacy-posts,High-equity historical IT search winner; keep exact public URL and rewrite content
/รับซื้อโน๊ตบุ๊ค-จังหวัด/,รับซื้อโน๊ตบุ๊ค จังหวัดหนองคาย บริการรับซื้อถึงที่ ให้ราคาสูงที่สุด รับซื้อโน๊ตบุ๊คมือสอง,MONEY_HUB,notebook,90_DAYS_PERFORMANCE_EXPORT,2026-04-07,2026-07-06,6,95,8.47,6,70,85,A_PRESERVE_REWRITE,HOLD_NOINDEX_200,PRESERVE_REWRITE_CONTENT,,,docs/gsc/rerubsue_gsc_recovery_plan_2026-07-06.xlsx+legacy-posts,High-equity historical IT search winner; keep exact public URL and rewrite content
/รับซื้อโน๊ตบุ๊ค-ชลบุรี/,ด่วน! รับซื้อโน๊ตบุ๊คมือสองในเขตชลบุรี เช็คราคาฟรี ได้เงินทันที สู้ทุกราคา,MONEY_HUB,notebook,UNKNOWN,,,,,,,10,85,D_RETIRE,HOLD_NOINDEX_200,FUTURE_RETIREMENT_APPROVAL_REQUIRED,,,NONE+legacy-posts,Zero search equity thin duplicate post
/รับซื้อโน๊ตบุ๊ค-ชัยนาท/,ขายโน๊ตบุ๊คด่วน ชัยนาท ที่ไหนดี? WE BUY ให้ราคาสูง จ่ายเงินสดทันใจ รับถึงหน้าบ้าน,MONEY_HUB,notebook,UNKNOWN,,,,,,,10,85,D_RETIRE,HOLD_NOINDEX_200,FUTURE_RETIREMENT_APPROVAL_REQUIRED,,,NONE+legacy-posts,Zero search equity thin duplicate post
/รับซื้อโน๊ตบุ๊ค-ชัยภูมิ/,รับซื้อโน๊ตบุ๊ค ชัยภูมิ,LOCAL_MONEY,notebook,90_DAYS_PERFORMANCE_EXPORT,2026-04-07,2026-07-06,15,320,8.23,15,80,90,A_PRESERVE_REWRITE,UNREGISTERED_OR_PRIVATE,PRESERVE_REWRITE_CONTENT,,NONE,docs/gsc/rerubsue_gsc_recovery_plan_2026-07-06.xlsx+NONE,High-equity historical IT search winner; keep exact public URL and rewrite content
/รับซื้อโน๊ตบุ๊ค-ชุมพร/,ขายโน๊ตบุ๊คด่วน ชุมพร ที่ไหนดี? WE BUY ให้ราคาสูง จ่ายเงินสดทันใจ รับถึงหน้าบ้าน,MONEY_HUB,notebook,UNKNOWN,,,,,,,10,85,D_RETIRE,HOLD_NOINDEX_200,FUTURE_RETIREMENT_APPROVAL_REQUIRED,,,NONE+legacy-posts,Zero search equity thin duplicate post
/รับซื้อโน๊ตบุ๊ค-ตรัง/,เปลี่ยนโน๊ตบุ๊คเก่าเป็นเงินสดที่ตรัง ตีราคาไว โอนเงินหน้างาน บริการรับถึงบ้าน,MONEY_HUB,notebook,UNKNOWN,,,,,,,10,85,D_RETIRE,HOLD_NOINDEX_200,FUTURE_RETIREMENT_APPROVAL_REQUIRED,,,NONE+legacy-posts,Zero search equity thin duplicate post
/รับซื้อโน๊ตบุ๊ค-นครพนม/,รับซื้อโน๊ตบุ๊ค นครพนม,LOCAL_MONEY,notebook,90_DAYS_PERFORMANCE_EXPORT,2026-04-07,2026-07-06,12,128,7.66,12,80,90,A_PRESERVE_REWRITE,UNREGISTERED_OR_PRIVATE,PRESERVE_REWRITE_CONTENT,,NONE,docs/gsc/rerubsue_gsc_recovery_plan_2026-07-06.xlsx+NONE,High-equity historical IT search winner; keep exact public URL and rewrite content
/รับซื้อโน๊ตบุ๊ค-นครราชส/,รับซื้อโน๊ตบุ๊ค จังหวัด นครราชสีมา บริการรับซื้อถึงที่ ให้ราคาสูงที่สุด รับซื้อโน๊ตบุ๊คมือสอง,MONEY_HUB,notebook,90_DAYS_PERFORMANCE_EXPORT,2026-04-07,2026-07-06,11,296,9.52,11,80,90,A_PRESERVE_REWRITE,HOLD_NOINDEX_200,PRESERVE_REWRITE_CONTENT,,,docs/gsc/rerubsue_gsc_recovery_plan_2026-07-06.xlsx+legacy-posts,High-equity historical IT search winner; keep exact public URL and rewrite content
/รับซื้อโน๊ตบุ๊ค-นครสวรรค์/,ขายโน๊ตบุ๊คด่วน นครสวรรค์ ที่ไหนดี? WE BUY ให้ราคาสูง จ่ายเงินสดทันใจ รับถึงหน้าบ้าน,MONEY_HUB,notebook,UNKNOWN,,,,,,,10,85,D_RETIRE,HOLD_NOINDEX_200,FUTURE_RETIREMENT_APPROVAL_REQUIRED,,,NONE+legacy-posts,Zero search equity thin duplicate post
/รับซื้อโน๊ตบุ๊ค-นนทบุรี/,UNKNOWN,MONEY_HUB,notebook,UNKNOWN,,,,,,,10,85,D_RETIRE,UNREGISTERED_OR_PRIVATE,FUTURE_RETIREMENT_APPROVAL_REQUIRED,,NONE,NONE+NONE,Zero search equity thin duplicate post
/รับซื้อโน๊ตบุ๊ค-นราธิวาส/,นราธิวาส รับซื้อโน๊ตบุ๊ค สู้ทุกราคา บริการรับถึงที่ จ่ายสด ไม่กดราคา ปลอดภัย 100%,MONEY_HUB,notebook,UNKNOWN,,,,,,,10,85,D_RETIRE,HOLD_NOINDEX_200,FUTURE_RETIREMENT_APPROVAL_REQUIRED,,,NONE+legacy-posts,Zero search equity thin duplicate post
/รับซื้อโน๊ตบุ๊ค-บึงกาฬ/,บึงกาฬ รับซื้อโน๊ตบุ๊ค สู้ทุกราคา บริการรับถึงที่ จ่ายสด ไม่กดราคา ปลอดภัย 100%,MONEY_HUB,notebook,90_DAYS_PERFORMANCE_EXPORT,2026-04-07,2026-07-06,7,97,7.10,7,70,85,A_PRESERVE_REWRITE,HOLD_NOINDEX_200,PRESERVE_REWRITE_CONTENT,,,docs/gsc/rerubsue_gsc_recovery_plan_2026-07-06.xlsx+legacy-posts,High-equity historical IT search winner; keep exact public URL and rewrite content
/รับซื้อโน๊ตบุ๊ค-บุรีรัม/,รับซื้อโน๊ตบุ๊ค บุรีรัมย์ บริการรับซื้อถึงที่ ให้ราคาสูงที่สุด รับซื้อโน๊ตบุ๊คมือสอง,MONEY_HUB,notebook,90_DAYS_PERFORMANCE_EXPORT,2026-04-07,2026-07-06,20,240,7.67,20,90,90,A_PRESERVE_REWRITE,HOLD_NOINDEX_200,PRESERVE_REWRITE_CONTENT,,,docs/gsc/rerubsue_gsc_recovery_plan_2026-07-06.xlsx+legacy-posts,High-equity historical IT search winner; keep exact public URL and rewrite content
/รับซื้อโน๊ตบุ๊ค-บุรีรัมย์/,UNKNOWN,LOCAL_MONEY,notebook,UNKNOWN,,,,,,,10,85,D_RETIRE,UNREGISTERED_OR_PRIVATE,FUTURE_RETIREMENT_APPROVAL_REQUIRED,,NONE,NONE+NONE,Zero search equity thin duplicate post
/รับซื้อโน๊ตบุ๊ค-พิษณุโลก/,UNKNOWN,MONEY_HUB,notebook,UNKNOWN,,,,,,,10,85,D_RETIRE,UNREGISTERED_OR_PRIVATE,FUTURE_RETIREMENT_APPROVAL_REQUIRED,,NONE,NONE+NONE,Zero search equity thin duplicate post
/รับซื้อโน๊ตบุ๊ค-ภูเก็ต/,UNKNOWN,MONEY_HUB,notebook,UNKNOWN,,,,,,,10,85,D_RETIRE,UNREGISTERED_OR_PRIVATE,FUTURE_RETIREMENT_APPROVAL_REQUIRED,,NONE,NONE+NONE,Zero search equity thin duplicate post
/รับซื้อโน๊ตบุ๊ค-มหาสาร-2/,รับซื้อโน๊ตบุ๊คในมหาสารคาม ราคาสูง พร้อมบริการถึงบ้าน,MONEY_HUB,notebook,UNKNOWN,,,,,,,10,85,D_RETIRE,HOLD_NOINDEX_200,FUTURE_RETIREMENT_APPROVAL_REQUIRED,,,NONE+legacy-posts,Zero search equity thin duplicate post
/รับซื้อโน๊ตบุ๊ค-มหาสารค/,รับซื้อโน๊ตบุ๊ค มหาสารคาม Notebook มือสอง ให้ราคาสูง มีบริการไปรับถึงที่,MONEY_HUB,notebook,90_DAYS_PERFORMANCE_EXPORT,2026-04-07,2026-07-06,3,93,10.16,3,50,85,E_REVIEW,HOLD_NOINDEX_200,OWNER_REVIEW_REQUIRED,,,docs/gsc/rerubsue_gsc_recovery_plan_2026-07-06.xlsx+legacy-posts,Residual historical traffic (3 clicks) requiring explicit stakeholder decision
/รับซื้อโน๊ตบุ๊ค-มหาสารคาม/,UNKNOWN,MONEY_HUB,notebook,UNKNOWN,,,,,,,10,85,D_RETIRE,UNREGISTERED_OR_PRIVATE,FUTURE_RETIREMENT_APPROVAL_REQUIRED,,NONE,NONE+NONE,Zero search equity thin duplicate post
/รับซื้อโน๊ตบุ๊ค-มุกดาหา/,รับซื้อโน๊ตบุ๊ค มุกดาหาร,MONEY_HUB,notebook,UNKNOWN,,,,,,,10,85,D_RETIRE,HOLD_NOINDEX_200,FUTURE_RETIREMENT_APPROVAL_REQUIRED,,,NONE+legacy-posts,Zero search equity thin duplicate post
/รับซื้อโน๊ตบุ๊ค-มุกดาหาร/,UNKNOWN,MONEY_HUB,notebook,UNKNOWN,,,,,,,10,85,D_RETIRE,UNREGISTERED_OR_PRIVATE,FUTURE_RETIREMENT_APPROVAL_REQUIRED,,NONE,NONE+NONE,Zero search equity thin duplicate post
/รับซื้อโน๊ตบุ๊ค-ยโสธร/,UNKNOWN,LOCAL_MONEY,notebook,UNKNOWN,,,,,,,10,85,D_RETIRE,UNREGISTERED_OR_PRIVATE,FUTURE_RETIREMENT_APPROVAL_REQUIRED,,NONE,NONE+NONE,Zero search equity thin duplicate post
/รับซื้อโน๊ตบุ๊ค-ระยอง/,UNKNOWN,MONEY_HUB,notebook,UNKNOWN,,,,,,,10,85,D_RETIRE,UNREGISTERED_OR_PRIVATE,FUTURE_RETIREMENT_APPROVAL_REQUIRED,,NONE,NONE+NONE,Zero search equity thin duplicate post
/รับซื้อโน๊ตบุ๊ค-ร้อยเอ็/,รับซื้อโน๊ตบุ๊ค ร้อยเอ็ด Notebook Roi-et มีบริการรับซื้อถึงบ้าน,MONEY_HUB,notebook,90_DAYS_PERFORMANCE_EXPORT,2026-04-07,2026-07-06,6,187,7.35,6,70,85,A_PRESERVE_REWRITE,HOLD_NOINDEX_200,PRESERVE_REWRITE_CONTENT,,,docs/gsc/rerubsue_gsc_recovery_plan_2026-07-06.xlsx+legacy-posts,High-equity historical IT search winner; keep exact public URL and rewrite content
/รับซื้อโน๊ตบุ๊ค-ร้อยเอ็ด/,หาร้านรับซื้อโน๊ตบุ๊ค ร้อยเอ็ด? เราให้ราคาสูงสุด มีบริการ On-Site โอนไวหน้างาน,LOCAL_MONEY,notebook,UNKNOWN,,,,,,,10,85,D_RETIRE,HOLD_NOINDEX_200,FUTURE_RETIREMENT_APPROVAL_REQUIRED,,,NONE+legacy-posts,Zero search equity thin duplicate post
/รับซื้อโน๊ตบุ๊ค-ลพบุรี/,ขายโน๊ตบุ๊คด่วน ลพบุรี ที่ไหนดี? WE BUY ให้ราคาสูง จ่ายเงินสดทันใจ รับถึงหน้าบ้าน,MONEY_HUB,notebook,UNKNOWN,,,,,,,10,85,D_RETIRE,HOLD_NOINDEX_200,FUTURE_RETIREMENT_APPROVAL_REQUIRED,,,NONE+legacy-posts,Zero search equity thin duplicate post
/รับซื้อโน๊ตบุ๊ค-ลำพูน/,เปลี่ยนโน๊ตบุ๊คเก่าเป็นเงินสดที่ลำพูน ตีราคาไว โอนเงินหน้างาน บริการรับถึงบ้าน,MONEY_HUB,notebook,UNKNOWN,,,,,,,10,85,D_RETIRE,HOLD_NOINDEX_200,FUTURE_RETIREMENT_APPROVAL_REQUIRED,,,NONE+legacy-posts,Zero search equity thin duplicate post
/รับซื้อโน๊ตบุ๊ค-ศรีสะเ-2/,รับซื้อโน๊ตบุ๊ค ศรีสะเกษ,MONEY_HUB,notebook,90_DAYS_PERFORMANCE_EXPORT,2026-04-07,2026-07-06,4,70,7.07,4,60,85,A_PRESERVE_REWRITE,HOLD_NOINDEX_200,PRESERVE_REWRITE_CONTENT,,,docs/gsc/rerubsue_gsc_recovery_plan_2026-07-06.xlsx+legacy-posts,High-equity historical IT search winner; keep exact public URL and rewrite content
/รับซื้อโน๊ตบุ๊ค-ศรีสะเก/,UNKNOWN,MONEY_HUB,notebook,UNKNOWN,,,,,,,30,85,C_301_CONSOLIDATE,ACTIVE_REDIRECT_301,MAINTAIN_ACTIVE_REDIRECT,/รับซื้อโน๊ตบุ๊ค/,,NONE+redirects,Active migration redirect rule targeting /รับซื้อโน๊ตบุ๊ค/
/รับซื้อโน๊ตบุ๊ค-ศรีสะเกษ/,UNKNOWN,LOCAL_MONEY,notebook,UNKNOWN,,,,,,,10,85,D_RETIRE,UNREGISTERED_OR_PRIVATE,FUTURE_RETIREMENT_APPROVAL_REQUIRED,,NONE,NONE+NONE,Zero search equity thin duplicate post
/รับซื้อโน๊ตบุ๊ค-สกลนคร/,รับซื้อโน๊ตบุ๊ค สกลนคร,LOCAL_MONEY,notebook,90_DAYS_PERFORMANCE_EXPORT,2026-04-07,2026-07-06,12,276,9.07,12,80,90,A_PRESERVE_REWRITE,UNREGISTERED_OR_PRIVATE,PRESERVE_REWRITE_CONTENT,,NONE,docs/gsc/rerubsue_gsc_recovery_plan_2026-07-06.xlsx+NONE,High-equity historical IT search winner; keep exact public URL and rewrite content
/รับซื้อโน๊ตบุ๊ค-สระบุรี/,สระบุรี รับซื้อโน๊ตบุ๊ค สู้ทุกราคา บริการรับถึงที่ จ่ายสด ไม่กดราคา ปลอดภัย 100%,MONEY_HUB,notebook,UNKNOWN,,,,,,,10,85,D_RETIRE,HOLD_NOINDEX_200,FUTURE_RETIREMENT_APPROVAL_REQUIRED,,,NONE+legacy-posts,Zero search equity thin duplicate post
/รับซื้อโน๊ตบุ๊ค-สระแก้ว/,หาร้านรับซื้อโน๊ตบุ๊ค สระแก้ว? เราให้ราคาสูงสุด มีบริการ On-Site โอนไวหน้างาน,MONEY_HUB,notebook,UNKNOWN,,,,,,,10,85,D_RETIRE,HOLD_NOINDEX_200,FUTURE_RETIREMENT_APPROVAL_REQUIRED,,,NONE+legacy-posts,Zero search equity thin duplicate post
/รับซื้อโน๊ตบุ๊ค-สุรินทร/,รับซื้อโน๊ตบุ๊ค สุรินทร์ บริการรับซื้อถึงที่ ให้ราคาสูงที่สุด รับซื้อโน๊ตบุ๊คมือสอง,MONEY_HUB,notebook,90_DAYS_PERFORMANCE_EXPORT,2026-04-07,2026-07-06,2,102,11.34,2,50,85,E_REVIEW,HOLD_NOINDEX_200,OWNER_REVIEW_REQUIRED,,,docs/gsc/rerubsue_gsc_recovery_plan_2026-07-06.xlsx+legacy-posts,Residual historical traffic (2 clicks) requiring explicit stakeholder decision
/รับซื้อโน๊ตบุ๊ค-สุรินทร์/,UNKNOWN,MONEY_HUB,notebook,UNKNOWN,,,,,,,10,85,D_RETIRE,UNREGISTERED_OR_PRIVATE,FUTURE_RETIREMENT_APPROVAL_REQUIRED,,NONE,NONE+NONE,Zero search equity thin duplicate post
/รับซื้อโน๊ตบุ๊ค-หนองคาย/,UNKNOWN,MONEY_HUB,notebook,UNKNOWN,,,,,,,10,85,D_RETIRE,UNREGISTERED_OR_PRIVATE,FUTURE_RETIREMENT_APPROVAL_REQUIRED,,NONE,NONE+NONE,Zero search equity thin duplicate post
/รับซื้อโน๊ตบุ๊ค-หนองบัว/,รับซื้อโน๊ตบุ๊ค หนองบัวลำภู บริการรับซื้อถึงที่ ให้ราคาสูงที่สุด,LOCAL_MONEY,notebook,90_DAYS_PERFORMANCE_EXPORT,2026-04-07,2026-07-06,6,61,7.18,6,70,85,A_PRESERVE_REWRITE,HOLD_NOINDEX_200,PRESERVE_REWRITE_CONTENT,,,docs/gsc/rerubsue_gsc_recovery_plan_2026-07-06.xlsx+legacy-posts,High-equity historical IT search winner; keep exact public URL and rewrite content
/รับซื้อโน๊ตบุ๊ค-หนองบัวลำภู/,UNKNOWN,LOCAL_MONEY,notebook,UNKNOWN,,,,,,,10,85,D_RETIRE,UNREGISTERED_OR_PRIVATE,FUTURE_RETIREMENT_APPROVAL_REQUIRED,,NONE,NONE+NONE,Zero search equity thin duplicate post
/รับซื้อโน๊ตบุ๊ค-หาดใหญ่/,UNKNOWN,MONEY_HUB,notebook,UNKNOWN,,,,,,,10,85,D_RETIRE,UNREGISTERED_OR_PRIVATE,FUTURE_RETIREMENT_APPROVAL_REQUIRED,,NONE,NONE+NONE,Zero search equity thin duplicate post
/รับซื้อโน๊ตบุ๊ค-อำนาจเจ/,UNKNOWN,MONEY_HUB,notebook,90_DAYS_PERFORMANCE_EXPORT,2026-04-07,2026-07-06,2,35,7.06,2,60,85,E_REVIEW,UNREGISTERED_OR_PRIVATE,OWNER_REVIEW_REQUIRED,,NONE,docs/gsc/rerubsue_gsc_recovery_plan_2026-07-06.xlsx+NONE,Residual historical traffic (2 clicks) requiring explicit stakeholder decision
/รับซื้อโน๊ตบุ๊ค-อำนาจเจริญ/,หาร้านรับซื้อโน๊ตบุ๊ค อำนาจเจริญ? เราให้ราคาสูงสุด มีบริการ On-Site โอนไวหน้างาน,MONEY_HUB,notebook,UNKNOWN,,,,,,,10,85,D_RETIRE,HOLD_NOINDEX_200,FUTURE_RETIREMENT_APPROVAL_REQUIRED,,,NONE+legacy-posts,Zero search equity thin duplicate post
/รับซื้อโน๊ตบุ๊ค-อุดรธาน/,รับซื้อโน๊ตบุ๊ค อุดรธานี บริการรับซื้อถึงที่ ให้ราคาสูงที่สุด รับซื้อโน๊ตบุ๊คมือสอง,LOCAL_MONEY,notebook,90_DAYS_PERFORMANCE_EXPORT,2026-04-07,2026-07-06,5,86,9.09,5,70,85,A_PRESERVE_REWRITE,HOLD_NOINDEX_200,PRESERVE_REWRITE_CONTENT,,,docs/gsc/rerubsue_gsc_recovery_plan_2026-07-06.xlsx+legacy-posts,High-equity historical IT search winner; keep exact public URL and rewrite content
/รับซื้อโน๊ตบุ๊ค-อุดรธานี/,อุดรธานี รับซื้อโน๊ตบุ๊ค สู้ทุกราคา บริการรับถึงที่ จ่ายสด ไม่กดราคา ปลอดภัย 100%,LOCAL_MONEY,notebook,UNKNOWN,,,,,,,10,85,D_RETIRE,HOLD_NOINDEX_200,FUTURE_RETIREMENT_APPROVAL_REQUIRED,,,NONE+legacy-posts,Zero search equity thin duplicate post
/รับซื้อโน๊ตบุ๊ค-อุบล/,UNKNOWN,LOCAL_MONEY,notebook,UNKNOWN,,,,,,,10,85,D_RETIRE,UNREGISTERED_OR_PRIVATE,FUTURE_RETIREMENT_APPROVAL_REQUIRED,,NONE,NONE+NONE,Zero search equity thin duplicate post
/รับซื้อโน๊ตบุ๊ค-เชียงราย/,UNKNOWN,MONEY_HUB,notebook,UNKNOWN,,,,,,,10,85,D_RETIRE,UNREGISTERED_OR_PRIVATE,FUTURE_RETIREMENT_APPROVAL_REQUIRED,,NONE,NONE+NONE,Zero search equity thin duplicate post
/รับซื้อโน๊ตบุ๊ค-เชียงใหม่/,UNKNOWN,MONEY_HUB,notebook,UNKNOWN,,,,,,,10,85,D_RETIRE,UNREGISTERED_OR_PRIVATE,FUTURE_RETIREMENT_APPROVAL_REQUIRED,,NONE,NONE+NONE,Zero search equity thin duplicate post
/รับซื้อโน๊ตบุ๊ค-เพชรบุรี/,รับซื้อโน๊ตบุ๊ค เพชรบุรี ด่วนที่สุด ให้ราคาสูง รับถึงที่ จ่ายเงินสด 100%,MONEY_HUB,notebook,UNKNOWN,,,,,,,10,85,D_RETIRE,HOLD_NOINDEX_200,FUTURE_RETIREMENT_APPROVAL_REQUIRED,,,NONE+legacy-posts,Zero search equity thin duplicate post
/รับซื้อโน๊ตบุ๊ค-เลย/,รับซื้อโน๊ตบุ๊ค จังหวัดเลย,LOCAL_MONEY,notebook,90_DAYS_PERFORMANCE_EXPORT,2026-04-07,2026-07-06,20,164,9.34,20,90,90,A_PRESERVE_REWRITE,UNREGISTERED_OR_PRIVATE,PRESERVE_REWRITE_CONTENT,,NONE,docs/gsc/rerubsue_gsc_recovery_plan_2026-07-06.xlsx+NONE,High-equity historical IT search winner; keep exact public URL and rewrite content
/รับซื้อโน๊ตบุ๊ค-ใกล้ฉัน/,UNKNOWN,MONEY_HUB,notebook,UNKNOWN,,,,,,,30,85,C_301_CONSOLIDATE,ACTIVE_REDIRECT_301,MAINTAIN_ACTIVE_REDIRECT,/รับซื้อโน๊ตบุ๊ค/,,NONE+redirects,Active migration redirect rule targeting /รับซื้อโน๊ตบุ๊ค/
/รับซื้อโน๊ตบุ๊ค/,UNKNOWN,MONEY_HUB,notebook,90_DAYS_PERFORMANCE_EXPORT,2026-04-07,2026-07-06,4,330,22.68,4,50,100,B_PRESERVE_IMPROVE,UNREGISTERED_OR_PRIVATE,PRESERVE_AND_REBUILD_CORE_HUB,,NONE,docs/gsc/rerubsue_gsc_recovery_plan_2026-07-06.xlsx+NONE,Foundational IT category money hub
/รับซื้อโน๊ตบุ๊คจอแตก/,UNKNOWN,MONEY_HUB,notebook,UNKNOWN,,,,,,,10,85,D_RETIRE,UNREGISTERED_OR_PRIVATE,FUTURE_RETIREMENT_APPROVAL_REQUIRED,,NONE,NONE+NONE,Zero search equity thin duplicate post
/รับซื้อโน๊ตบุ๊คจังหวัด/,รับซื้อโน๊ตบุ๊คจังหวัดศรีสะเกษ ให้ราคาดีแน่นอน,MONEY_HUB,notebook,90_DAYS_PERFORMANCE_EXPORT,2026-04-07,2026-07-06,3,86,10.23,3,50,85,E_REVIEW,HOLD_NOINDEX_200,OWNER_REVIEW_REQUIRED,,,docs/gsc/rerubsue_gsc_recovery_plan_2026-07-06.xlsx+legacy-posts,Residual historical traffic (3 clicks) requiring explicit stakeholder decision
/รับซื้อโน๊ตบุ๊คบริษัท/,UNKNOWN,MONEY_HUB,notebook,UNKNOWN,,,,,,,10,85,D_RETIRE,UNREGISTERED_OR_PRIVATE,FUTURE_RETIREMENT_APPROVAL_REQUIRED,,NONE,NONE+NONE,Zero search equity thin duplicate post
/รับซื้อโน๊ตบุ๊คมือสอง-อ/,UNKNOWN,MONEY_HUB,notebook,UNKNOWN,,,,,,,10,85,D_RETIRE,GONE_410,MAINTAIN_GONE_410,,,NONE+gone-paths.ts,Authoritative runtime GONE 410 route
/รับซื้อโน๊ตบุ๊คยกล็อต/,UNKNOWN,MONEY_HUB,notebook,UNKNOWN,,,,,,,10,85,D_RETIRE,UNREGISTERED_OR_PRIVATE,FUTURE_RETIREMENT_APPROVAL_REQUIRED,,NONE,NONE+NONE,Zero search equity thin duplicate post
/รับซื้อโน๊ตบุ๊คอุบล-notebook-laptop-จ/,UNKNOWN,LOCAL_MONEY,notebook,90_DAYS_PERFORMANCE_EXPORT,2026-04-07,2026-07-06,75,973,7.59,75,100,90,A_PRESERVE_REWRITE,GONE_410,PRESERVE_REWRITE_CONTENT,,,docs/gsc/rerubsue_gsc_recovery_plan_2026-07-06.xlsx+gone-paths.ts,High-equity historical IT search winner; keep exact public URL and rewrite content
/รับซื้อโน๊ตบุ๊คเกมมิ่ง/,รับซื้อโน๊ตบุ๊คเกมมิ่ง Notebook Gaming ทุกยี่ห้อ,MONEY_HUB,notebook,UNKNOWN,,,,,,,10,85,D_RETIRE,UNREGISTERED_OR_PRIVATE,FUTURE_RETIREMENT_APPROVAL_REQUIRED,,NONE,NONE+NONE,Zero search equity thin duplicate post
/รับซื้อโน๊ตบุ๊คเขต%e/,UNKNOWN,MONEY_HUB,notebook,90_DAYS_PERFORMANCE_EXPORT,2026-04-07,2026-07-06,0,0,0.00,0,20,85,D_RETIRE,UNREGISTERED_OR_PRIVATE,FUTURE_RETIREMENT_APPROVAL_REQUIRED,,NONE,docs/gsc/rerubsue_gsc_recovery_plan_2026-07-06.xlsx+NONE,Zero search equity thin duplicate post
/รับซื้อโน๊ตบุ๊คเสีย/,UNKNOWN,MONEY_HUB,notebook,UNKNOWN,,,,,,,10,85,D_RETIRE,UNREGISTERED_OR_PRIVATE,FUTURE_RETIREMENT_APPROVAL_REQUIRED,,NONE,NONE+NONE,Zero search equity thin duplicate post
/รับซื้อโพนทอง/,UNKNOWN,MONEY_HUB,general_buyback,UNKNOWN,,,,,,,10,35,D_RETIRE,UNREGISTERED_OR_PRIVATE,FUTURE_RETIREMENT_APPROVAL_REQUIRED,,NONE,NONE+NONE,Zero search equity thin duplicate post
/รับซื้อโมเดล-อุบล-รับซื้/,UNKNOWN,MONEY_HUB,general_buyback,UNKNOWN,,,,,,,10,35,D_RETIRE,GONE_410,MAINTAIN_GONE_410,,,NONE+gone-paths.ts,Authoritative runtime GONE 410 route
/รับซื้อไดสัน/,UNKNOWN,MONEY_HUB,general_buyback,UNKNOWN,,,,,,,10,35,D_RETIRE,UNREGISTERED_OR_PRIVATE,FUTURE_RETIREMENT_APPROVAL_REQUIRED,,NONE,NONE+NONE,Zero search equity thin duplicate post
/รับซื้อไมโครติก/,รับซื้อ ไมโครติก (Mikrotik) มือสอง ทุกรุ่น จ่ายสดทันที,MONEY_HUB,general_buyback,UNKNOWN,,,,,,,10,35,D_RETIRE,HOLD_NOINDEX_200,FUTURE_RETIREMENT_APPROVAL_REQUIRED,,,NONE+legacy-posts,Zero search equity thin duplicate post
/รับซื้อไอแพด-กาญจนบุรี/,รับซื้อไอแพด กาญจนบุรี ด่วนที่สุด ให้ราคาสูง รับถึงที่ จ่ายเงินสด 100%,MONEY_HUB,ipad,UNKNOWN,,,,,,,10,85,D_RETIRE,HOLD_NOINDEX_200,FUTURE_RETIREMENT_APPROVAL_REQUIRED,,,NONE+legacy-posts,Zero search equity thin duplicate post
/รับซื้อไอแพด-กาฬสินธุ์/,UNKNOWN,MONEY_HUB,ipad,UNKNOWN,,,,,,,10,85,D_RETIRE,UNREGISTERED_OR_PRIVATE,FUTURE_RETIREMENT_APPROVAL_REQUIRED,,NONE,NONE+NONE,Zero search equity thin duplicate post
/รับซื้อไอแพด-กำแพงเพชร/,รับซื้อไอแพด กำแพงเพชร ด่วนที่สุด ให้ราคาสูง รับถึงที่ จ่ายเงินสด 100%,MONEY_HUB,ipad,UNKNOWN,,,,,,,10,85,D_RETIRE,HOLD_NOINDEX_200,FUTURE_RETIREMENT_APPROVAL_REQUIRED,,,NONE+legacy-posts,Zero search equity thin duplicate post
/รับซื้อไอแพด-ขอนแก่น-ipad/,รับซื้อไอแพด ขอนแก่น iPad,LOCAL_MONEY,ipad,UNKNOWN,,,,,,,10,85,A_PRESERVE_REWRITE,UNREGISTERED_OR_PRIVATE,PRESERVE_REWRITE_CONTENT,,NONE,NONE+NONE,High-equity historical IT search winner; keep exact public URL and rewrite content
/รับซื้อไอแพด-ขอนแก่น/,UNKNOWN,LOCAL_MONEY,ipad,90_DAYS_PERFORMANCE_EXPORT,2026-04-07,2026-07-06,2,27,12.48,2,50,85,E_REVIEW,UNREGISTERED_OR_PRIVATE,OWNER_REVIEW_REQUIRED,,NONE,docs/gsc/rerubsue_gsc_recovery_plan_2026-07-06.xlsx+NONE,Residual historical traffic (2 clicks) requiring explicit stakeholder decision
/รับซื้อไอแพด-ฉะเชิงเทรา/,ฉะเชิงเทรา รับซื้อไอแพด สู้ทุกราคา บริการรับถึงที่ จ่ายสด ไม่กดราคา ปลอดภัย 100%,MONEY_HUB,ipad,UNKNOWN,,,,,,,10,85,D_RETIRE,HOLD_NOINDEX_200,FUTURE_RETIREMENT_APPROVAL_REQUIRED,,,NONE+legacy-posts,Zero search equity thin duplicate post
/รับซื้อไอแพด-ชลบุรี/,ขายไอแพดด่วน ชลบุรี ที่ไหนดี? WE BUY ให้ราคาสูง จ่ายเงินสดทันใจ รับถึงหน้าบ้าน,MONEY_HUB,ipad,UNKNOWN,,,,,,,10,85,D_RETIRE,HOLD_NOINDEX_200,FUTURE_RETIREMENT_APPROVAL_REQUIRED,,,NONE+legacy-posts,Zero search equity thin duplicate post
/รับซื้อไอแพด-ชัยภูมิ/,UNKNOWN,MONEY_HUB,ipad,UNKNOWN,,,,,,,10,85,D_RETIRE,UNREGISTERED_OR_PRIVATE,FUTURE_RETIREMENT_APPROVAL_REQUIRED,,NONE,NONE+NONE,Zero search equity thin duplicate post
/รับซื้อไอแพด-ตรัง/,ขายไอแพดด่วน ตรัง ที่ไหนดี? WE BUY ให้ราคาสูง จ่ายเงินสดทันใจ รับถึงหน้าบ้าน,MONEY_HUB,ipad,UNKNOWN,,,,,,,10,85,D_RETIRE,HOLD_NOINDEX_200,FUTURE_RETIREMENT_APPROVAL_REQUIRED,,,NONE+legacy-posts,Zero search equity thin duplicate post
/รับซื้อไอแพด-ตาก/,ตาก รับซื้อไอแพด สู้ทุกราคา บริการรับถึงที่ จ่ายสด ไม่กดราคา ปลอดภัย 100%,MONEY_HUB,ipad,UNKNOWN,,,,,,,10,85,D_RETIRE,HOLD_NOINDEX_200,FUTURE_RETIREMENT_APPROVAL_REQUIRED,,,NONE+legacy-posts,Zero search equity thin duplicate post
/รับซื้อไอแพด-นครพนม/,UNKNOWN,MONEY_HUB,ipad,UNKNOWN,,,,,,,10,85,D_RETIRE,UNREGISTERED_OR_PRIVATE,FUTURE_RETIREMENT_APPROVAL_REQUIRED,,NONE,NONE+NONE,Zero search equity thin duplicate post
/รับซื้อไอแพด-นครราชสีมา/,รับซื้อไอแพด นครราชสีมา ด่วนที่สุด ให้ราคาสูง รับถึงที่ จ่ายเงินสด 100%,MONEY_HUB,ipad,UNKNOWN,,,,,,,10,85,D_RETIRE,HOLD_NOINDEX_200,FUTURE_RETIREMENT_APPROVAL_REQUIRED,,,NONE+legacy-posts,Zero search equity thin duplicate post
/รับซื้อไอแพด-นครสวรรค์/,นครสวรรค์ รับซื้อไอแพด สู้ทุกราคา บริการรับถึงที่ จ่ายสด ไม่กดราคา ปลอดภัย 100%,MONEY_HUB,ipad,UNKNOWN,,,,,,,10,85,D_RETIRE,HOLD_NOINDEX_200,FUTURE_RETIREMENT_APPROVAL_REQUIRED,,,NONE+legacy-posts,Zero search equity thin duplicate post
/รับซื้อไอแพด-นราธิวาส/,ขายไอแพดด่วน นราธิวาส ที่ไหนดี? WE BUY ให้ราคาสูง จ่ายเงินสดทันใจ รับถึงหน้าบ้าน,MONEY_HUB,ipad,UNKNOWN,,,,,,,10,85,D_RETIRE,HOLD_NOINDEX_200,FUTURE_RETIREMENT_APPROVAL_REQUIRED,,,NONE+legacy-posts,Zero search equity thin duplicate post
/รับซื้อไอแพด-น่าน/,เปลี่ยนไอแพดเก่าเป็นเงินสดที่น่าน ตีราคาไว โอนเงินหน้างาน บริการรับถึงบ้าน,MONEY_HUB,ipad,UNKNOWN,,,,,,,10,85,D_RETIRE,HOLD_NOINDEX_200,FUTURE_RETIREMENT_APPROVAL_REQUIRED,,,NONE+legacy-posts,Zero search equity thin duplicate post
/รับซื้อไอแพด-บึงกาฬ/,UNKNOWN,MONEY_HUB,ipad,UNKNOWN,,,,,,,10,85,D_RETIRE,UNREGISTERED_OR_PRIVATE,FUTURE_RETIREMENT_APPROVAL_REQUIRED,,NONE,NONE+NONE,Zero search equity thin duplicate post
/รับซื้อไอแพด-บุรีรัมย์/,UNKNOWN,MONEY_HUB,ipad,UNKNOWN,,,,,,,10,85,D_RETIRE,UNREGISTERED_OR_PRIVATE,FUTURE_RETIREMENT_APPROVAL_REQUIRED,,NONE,NONE+NONE,Zero search equity thin duplicate post
/รับซื้อไอแพด-ปราจีนบุรี/,หาร้านรับซื้อไอแพด ปราจีนบุรี? เราให้ราคาสูงสุด มีบริการ On-Site โอนไวหน้างาน,MONEY_HUB,ipad,UNKNOWN,,,,,,,10,85,D_RETIRE,HOLD_NOINDEX_200,FUTURE_RETIREMENT_APPROVAL_REQUIRED,,,NONE+legacy-posts,Zero search equity thin duplicate post
/รับซื้อไอแพด-พะเยา/,รับซื้อไอแพด พะเยา ด่วนที่สุด ให้ราคาสูง รับถึงที่ จ่ายเงินสด 100%,MONEY_HUB,ipad,UNKNOWN,,,,,,,10,85,D_RETIRE,HOLD_NOINDEX_200,FUTURE_RETIREMENT_APPROVAL_REQUIRED,,,NONE+legacy-posts,Zero search equity thin duplicate post
/รับซื้อไอแพด-พัทลุง/,เปลี่ยนไอแพดเก่าเป็นเงินสดที่พัทลุง ตีราคาไว โอนเงินหน้างาน บริการรับถึงบ้าน,MONEY_HUB,ipad,UNKNOWN,,,,,,,10,85,D_RETIRE,HOLD_NOINDEX_200,FUTURE_RETIREMENT_APPROVAL_REQUIRED,,,NONE+legacy-posts,Zero search equity thin duplicate post
/รับซื้อไอแพด-พิจิตร/,พิจิตร รับซื้อไอแพด สู้ทุกราคา บริการรับถึงที่ จ่ายสด ไม่กดราคา ปลอดภัย 100%,MONEY_HUB,ipad,UNKNOWN,,,,,,,10,85,D_RETIRE,HOLD_NOINDEX_200,FUTURE_RETIREMENT_APPROVAL_REQUIRED,,,NONE+legacy-posts,Zero search equity thin duplicate post
/รับซื้อไอแพด-มหาสารคาม/,ขายไอแพดด่วน มหาสารคาม ที่ไหนดี? WE BUY ให้ราคาสูง จ่ายเงินสดทันใจ รับถึงหน้าบ้าน,MONEY_HUB,ipad,90_DAYS_PERFORMANCE_EXPORT,2026-04-07,2026-07-06,2,44,9.00,2,60,85,E_REVIEW,HOLD_NOINDEX_200,OWNER_REVIEW_REQUIRED,,,docs/gsc/rerubsue_gsc_recovery_plan_2026-07-06.xlsx+legacy-posts,Residual historical traffic (2 clicks) requiring explicit stakeholder decision
/รับซื้อไอแพด-มุกดาหาร/,UNKNOWN,MONEY_HUB,ipad,UNKNOWN,,,,,,,10,85,D_RETIRE,UNREGISTERED_OR_PRIVATE,FUTURE_RETIREMENT_APPROVAL_REQUIRED,,NONE,NONE+NONE,Zero search equity thin duplicate post
/รับซื้อไอแพด-ยโสธร-ipad/,รับซื้อไอแพด ยโสธร iPad มือสอง รับถึงที่ เราให้ราคาสูงที่สุด,LOCAL_MONEY,ipad,90_DAYS_PERFORMANCE_EXPORT,2026-04-07,2026-07-06,3,24,11.67,3,50,85,A_PRESERVE_REWRITE,UNREGISTERED_OR_PRIVATE,PRESERVE_REWRITE_CONTENT,,REBUILD_INDEX,docs/gsc/rerubsue_gsc_recovery_plan_2026-07-06.xlsx+survivor-rebuild,High-equity historical IT search winner; keep exact public URL and rewrite content
/รับซื้อไอแพด-ยโสธร/,ยโสธร รับซื้อไอแพด สู้ทุกราคา บริการรับถึงที่ จ่ายสด ไม่กดราคา ปลอดภัย 100%,LOCAL_MONEY,ipad,UNKNOWN,,,,,,,10,85,D_RETIRE,HOLD_NOINDEX_200,FUTURE_RETIREMENT_APPROVAL_REQUIRED,,,NONE+legacy-posts,Zero search equity thin duplicate post
/รับซื้อไอแพด-ราชบุรี/,ขายไอแพดด่วน ราชบุรี ที่ไหนดี? WE BUY ให้ราคาสูง จ่ายเงินสดทันใจ รับถึงหน้าบ้าน,MONEY_HUB,ipad,UNKNOWN,,,,,,,10,85,D_RETIRE,HOLD_NOINDEX_200,FUTURE_RETIREMENT_APPROVAL_REQUIRED,,,NONE+legacy-posts,Zero search equity thin duplicate post
/รับซื้อไอแพด-ร้อยเอ็ด/,รับซื้อไอแพด ร้อยเอ็ด iPad ให้ราคาสูงที่สุด มีบริการรับถึงที่,MONEY_HUB,ipad,UNKNOWN,,,,,,,10,85,D_RETIRE,UNREGISTERED_OR_PRIVATE,FUTURE_RETIREMENT_APPROVAL_REQUIRED,,NONE,NONE+NONE,Zero search equity thin duplicate post
/รับซื้อไอแพด-ลพบุรี/,ลพบุรี รับซื้อไอแพด สู้ทุกราคา บริการรับถึงที่ จ่ายสด ไม่กดราคา ปลอดภัย 100%,MONEY_HUB,ipad,UNKNOWN,,,,,,,10,85,D_RETIRE,HOLD_NOINDEX_200,FUTURE_RETIREMENT_APPROVAL_REQUIRED,,,NONE+legacy-posts,Zero search equity thin duplicate post
/รับซื้อไอแพด-ศรีสะเกษ/,รับซื้อไอแพด ศรีสะเกษ ด่วนที่สุด ให้ราคาสูง รับถึงที่ จ่ายเงินสด 100%,MONEY_HUB,ipad,UNKNOWN,,,,,,,10,85,D_RETIRE,HOLD_NOINDEX_200,FUTURE_RETIREMENT_APPROVAL_REQUIRED,,,NONE+legacy-posts,Zero search equity thin duplicate post
/รับซื้อไอแพด-สกลนคร/,UNKNOWN,MONEY_HUB,ipad,UNKNOWN,,,,,,,10,85,D_RETIRE,UNREGISTERED_OR_PRIVATE,FUTURE_RETIREMENT_APPROVAL_REQUIRED,,NONE,NONE+NONE,Zero search equity thin duplicate post
/รับซื้อไอแพด-สตูล/,เปลี่ยนไอแพดเก่าเป็นเงินสดที่สตูล ตีราคาไว โอนเงินหน้างาน บริการรับถึงบ้าน,MONEY_HUB,ipad,UNKNOWN,,,,,,,10,85,D_RETIRE,HOLD_NOINDEX_200,FUTURE_RETIREMENT_APPROVAL_REQUIRED,,,NONE+legacy-posts,Zero search equity thin duplicate post
/รับซื้อไอแพด-สระบุรี/,รับซื้อไอแพด สระบุรี ด่วนที่สุด ให้ราคาสูง รับถึงที่ จ่ายเงินสด 100%,MONEY_HUB,ipad,UNKNOWN,,,,,,,10,85,D_RETIRE,HOLD_NOINDEX_200,FUTURE_RETIREMENT_APPROVAL_REQUIRED,,,NONE+legacy-posts,Zero search equity thin duplicate post
/รับซื้อไอแพด-สระแก้ว/,ขายไอแพดด่วน สระแก้ว ที่ไหนดี? WE BUY ให้ราคาสูง จ่ายเงินสดทันใจ รับถึงหน้าบ้าน,MONEY_HUB,ipad,UNKNOWN,,,,,,,10,85,D_RETIRE,HOLD_NOINDEX_200,FUTURE_RETIREMENT_APPROVAL_REQUIRED,,,NONE+legacy-posts,Zero search equity thin duplicate post
/รับซื้อไอแพด-สิงห์บุรี/,UNKNOWN,MONEY_HUB,ipad,90_DAYS_PERFORMANCE_EXPORT,2026-04-07,2026-07-06,2,8,7.38,2,60,85,E_REVIEW,UNREGISTERED_OR_PRIVATE,OWNER_REVIEW_REQUIRED,,NONE,docs/gsc/rerubsue_gsc_recovery_plan_2026-07-06.xlsx+NONE,Residual historical traffic (2 clicks) requiring explicit stakeholder decision
/รับซื้อไอแพด-สุราษฎร์ธานี/,รับซื้อไอแพด สุราษฎร์ธานี ด่วนที่สุด ให้ราคาสูง รับถึงที่ จ่ายเงินสด 100%,MONEY_HUB,ipad,UNKNOWN,,,,,,,10,85,D_RETIRE,HOLD_NOINDEX_200,FUTURE_RETIREMENT_APPROVAL_REQUIRED,,,NONE+legacy-posts,Zero search equity thin duplicate post
/รับซื้อไอแพด-สุรินทร์/,UNKNOWN,MONEY_HUB,ipad,UNKNOWN,,,,,,,10,85,D_RETIRE,UNREGISTERED_OR_PRIVATE,FUTURE_RETIREMENT_APPROVAL_REQUIRED,,NONE,NONE+NONE,Zero search equity thin duplicate post
/รับซื้อไอแพด-หนองคาย/,UNKNOWN,MONEY_HUB,ipad,UNKNOWN,,,,,,,10,85,D_RETIRE,UNREGISTERED_OR_PRIVATE,FUTURE_RETIREMENT_APPROVAL_REQUIRED,,NONE,NONE+NONE,Zero search equity thin duplicate post
/รับซื้อไอแพด-หนองบัวลำภู/,UNKNOWN,MONEY_HUB,ipad,UNKNOWN,,,,,,,10,85,D_RETIRE,UNREGISTERED_OR_PRIVATE,FUTURE_RETIREMENT_APPROVAL_REQUIRED,,NONE,NONE+NONE,Zero search equity thin duplicate post
/รับซื้อไอแพด-อำนาจเจริญ/,ขายไอแพดด่วน อำนาจเจริญ ที่ไหนดี? WE BUY ให้ราคาสูง จ่ายเงินสดทันใจ รับถึงหน้าบ้าน,MONEY_HUB,ipad,UNKNOWN,,,,,,,10,85,D_RETIRE,HOLD_NOINDEX_200,FUTURE_RETIREMENT_APPROVAL_REQUIRED,,,NONE+legacy-posts,Zero search equity thin duplicate post
/รับซื้อไอแพด-อุดรธานี/,รับซื้อไอแพด อุดรธานี ด่วนที่สุด ให้ราคาสูง รับถึงที่ จ่ายเงินสด 100%,LOCAL_MONEY,ipad,UNKNOWN,,,,,,,10,85,D_RETIRE,HOLD_NOINDEX_200,FUTURE_RETIREMENT_APPROVAL_REQUIRED,,,NONE+legacy-posts,Zero search equity thin duplicate post
/รับซื้อไอแพด-อุบล/,UNKNOWN,LOCAL_MONEY,ipad,90_DAYS_PERFORMANCE_EXPORT,2026-04-07,2026-07-06,7,68,13.24,7,60,85,A_PRESERVE_REWRITE,UNREGISTERED_OR_PRIVATE,PRESERVE_REWRITE_CONTENT,,NONE,docs/gsc/rerubsue_gsc_recovery_plan_2026-07-06.xlsx+NONE,High-equity historical IT search winner; keep exact public URL and rewrite content
/รับซื้อไอแพด-อ่างทอง/,รับซื้อไอแพด อ่างทอง ด่วนที่สุด ให้ราคาสูง รับถึงที่ จ่ายเงินสด 100%,MONEY_HUB,ipad,UNKNOWN,,,,,,,10,85,D_RETIRE,HOLD_NOINDEX_200,FUTURE_RETIREMENT_APPROVAL_REQUIRED,,,NONE+legacy-posts,Zero search equity thin duplicate post
/รับซื้อไอแพด-เลย/,เปลี่ยนไอแพดเก่าเป็นเงินสดที่เลย ตีราคาไว โอนเงินหน้างาน บริการรับถึงบ้าน,MONEY_HUB,ipad,UNKNOWN,,,,,,,10,85,D_RETIRE,HOLD_NOINDEX_200,FUTURE_RETIREMENT_APPROVAL_REQUIRED,,,NONE+legacy-posts,Zero search equity thin duplicate post
/รับซื้อไอแพด-แพร่/,หาร้านรับซื้อไอแพด แพร่? เราให้ราคาสูงสุด มีบริการ On-Site โอนไวหน้างาน,MONEY_HUB,ipad,UNKNOWN,,,,,,,10,85,D_RETIRE,HOLD_NOINDEX_200,FUTURE_RETIREMENT_APPROVAL_REQUIRED,,,NONE+legacy-posts,Zero search equity thin duplicate post
/รับซื้อไอแพด-แม่ฮ่องสอน/,แม่ฮ่องสอน รับซื้อไอแพด สู้ทุกราคา บริการรับถึงที่ จ่ายสด ไม่กดราคา ปลอดภัย 100%,MONEY_HUB,ipad,UNKNOWN,,,,,,,10,85,D_RETIRE,HOLD_NOINDEX_200,FUTURE_RETIREMENT_APPROVAL_REQUIRED,,,NONE+legacy-posts,Zero search equity thin duplicate post
/รับซื้อไอแพด-แอร์-6-ipad-air-6-อุบล/,UNKNOWN,OFF_TOPIC,off_topic,90_DAYS_PERFORMANCE_EXPORT,2026-04-07,2026-07-06,0,5,61.80,0,20,0,D_RETIRE,UNREGISTERED_OR_PRIVATE,FUTURE_RETIREMENT_APPROVAL_REQUIRED,,NONE,docs/gsc/rerubsue_gsc_recovery_plan_2026-07-06.xlsx+NONE,Off-topic legacy niche (alcohol / pawn / home appliance) or thin archive
/รับซื้อไอแพด-โคราช/,UNKNOWN,MONEY_HUB,ipad,UNKNOWN,,,,,,,10,85,D_RETIRE,UNREGISTERED_OR_PRIVATE,FUTURE_RETIREMENT_APPROVAL_REQUIRED,,NONE,NONE+NONE,Zero search equity thin duplicate post
/รับซื้อไอแพด-ใกล้ฉัน/,UNKNOWN,MONEY_HUB,ipad,UNKNOWN,,,,,,,30,85,C_301_CONSOLIDATE,ACTIVE_REDIRECT_301,MAINTAIN_ACTIVE_REDIRECT,/รับซื้อไอแพด/,,NONE+redirects,Active migration redirect rule targeting /รับซื้อไอแพด/
/รับซื้อไอแมค/,รับซื้อ iMac มือสอง ทุกรุ่น จ่ายสดทันที,MONEY_HUB,macbook,UNKNOWN,,,,,,,10,85,D_RETIRE,HOLD_NOINDEX_200,FUTURE_RETIREMENT_APPROVAL_REQUIRED,,,NONE+legacy-posts,Zero search equity thin duplicate post
/รับซื้อไอโฟน-15-iphone-15/,รับซื้อไอโฟน 15 iphone 15,MONEY_HUB,iphone,UNKNOWN,,,,,,,40,85,D_RETIRE,UNREGISTERED_OR_PRIVATE,FUTURE_RETIREMENT_APPROVAL_REQUIRED,,HOLD_NOINDEX,NONE+redirects,Thin secondary survivor without standalone demand; planned for retirement
/รับซื้อไอโฟน-iphone-ร้อยเอ็ด/,รับซื้อไอโฟน iphone ร้อยเอ็ด ให้ราคาสูงที่สุด ไปรับถึงที่,LOCAL_MONEY,iphone,90_DAYS_PERFORMANCE_EXPORT,2026-04-07,2026-07-06,5,174,10.16,5,60,85,A_PRESERVE_REWRITE,UNREGISTERED_OR_PRIVATE,PRESERVE_REWRITE_CONTENT,,REBUILD_INDEX,docs/gsc/rerubsue_gsc_recovery_plan_2026-07-06.xlsx+redirects,High-equity historical IT search winner; keep exact public URL and rewrite content
/รับซื้อไอโฟน-iphone-อุบล/,รับซื้อไอโฟน iphone อุบล ร้านรับซื้ออุบล ร้านรับซื้อไอโฟนอุบล ใกล้ฉัน,LOCAL_MONEY,iphone,UNKNOWN,,,,,,,40,85,D_RETIRE,UNREGISTERED_OR_PRIVATE,FUTURE_RETIREMENT_APPROVAL_REQUIRED,,HOLD_NOINDEX,NONE+redirects,Thin secondary survivor without standalone demand; planned for retirement
/รับซื้อไอโฟน-กระบี่/,กระบี่ รับซื้อไอโฟน สู้ทุกราคา บริการรับถึงที่ จ่ายสด ไม่กดราคา ปลอดภัย 100%,MONEY_HUB,iphone,UNKNOWN,,,,,,,10,85,D_RETIRE,HOLD_NOINDEX_200,FUTURE_RETIREMENT_APPROVAL_REQUIRED,,,NONE+legacy-posts,Zero search equity thin duplicate post
/รับซื้อไอโฟน-กรุงเทพมหานคร/,ขายไอโฟนด่วน กรุงเทพมหานคร ที่ไหนดี? WE BUY ให้ราคาสูง จ่ายเงินสดทันใจ รับถึงหน้าบ้าน,MONEY_HUB,iphone,UNKNOWN,,,,,,,10,85,D_RETIRE,HOLD_NOINDEX_200,FUTURE_RETIREMENT_APPROVAL_REQUIRED,,,NONE+legacy-posts,Zero search equity thin duplicate post
/รับซื้อไอโฟน-กาฬสินธุ์/,เปลี่ยนไอโฟนเก่าเป็นเงินสดที่กาฬสินธุ์ ตีราคาไว โอนเงินหน้างาน บริการรับถึงบ้าน,MONEY_HUB,iphone,UNKNOWN,,,,,,,10,85,D_RETIRE,HOLD_NOINDEX_200,FUTURE_RETIREMENT_APPROVAL_REQUIRED,,,NONE+legacy-posts,Zero search equity thin duplicate post
/รับซื้อไอโฟน-ขอนแก่น/,รับซื้อไอโฟน ขอนแก่น ส่งรูปเช็กราคาก่อนขายได้,LOCAL_MONEY,iphone,90_DAYS_PERFORMANCE_EXPORT,2026-04-07,2026-07-06,2,100,16.88,2,50,85,A_PRESERVE_REWRITE,UNREGISTERED_OR_PRIVATE,PRESERVE_REWRITE_CONTENT,,REBUILD_INDEX,docs/gsc/rerubsue_gsc_recovery_plan_2026-07-06.xlsx+survivor-rebuild,Approved survivor candidate designated for full V2 content rebuild
/รับซื้อไอโฟน-จังหวัดอุด/,รับซื้อไอโฟน iPhone ใกล้ฉัน จังหวัดอุดรธานี ให้ราคาสูงกว่าร้านทั่วไป รับซื้อไอโฟนอุดร,MONEY_HUB,iphone,90_DAYS_PERFORMANCE_EXPORT,2026-04-07,2026-07-06,3,159,11.17,3,50,85,A_PRESERVE_REWRITE,HOLD_NOINDEX_200,PRESERVE_REWRITE_CONTENT,,REBUILD_INDEX,docs/gsc/rerubsue_gsc_recovery_plan_2026-07-06.xlsx+survivor-hold,Approved survivor candidate designated for full V2 content rebuild
/รับซื้อไอโฟน-ชัยนาท/,ขายไอโฟนด่วน ชัยนาท ที่ไหนดี? WE BUY ให้ราคาสูง จ่ายเงินสดทันใจ รับถึงหน้าบ้าน,MONEY_HUB,iphone,UNKNOWN,,,,,,,10,85,D_RETIRE,HOLD_NOINDEX_200,FUTURE_RETIREMENT_APPROVAL_REQUIRED,,,NONE+legacy-posts,Zero search equity thin duplicate post
/รับซื้อไอโฟน-ชัยภูมิ/,ชัยภูมิ รับซื้อไอโฟน สู้ทุกราคา บริการรับถึงที่ จ่ายสด ไม่กดราคา ปลอดภัย 100%,MONEY_HUB,iphone,UNKNOWN,,,,,,,10,85,D_RETIRE,HOLD_NOINDEX_200,FUTURE_RETIREMENT_APPROVAL_REQUIRED,,,NONE+legacy-posts,Zero search equity thin duplicate post
/รับซื้อไอโฟน-ชุมพร/,หาร้านรับซื้อไอโฟน ชุมพร? เราให้ราคาสูงสุด มีบริการ On-Site โอนไวหน้างาน,MONEY_HUB,iphone,UNKNOWN,,,,,,,10,85,D_RETIRE,HOLD_NOINDEX_200,FUTURE_RETIREMENT_APPROVAL_REQUIRED,,,NONE+legacy-posts,Zero search equity thin duplicate post
/รับซื้อไอโฟน-ตรัง/,ตรัง รับซื้อไอโฟน สู้ทุกราคา บริการรับถึงที่ จ่ายสด ไม่กดราคา ปลอดภัย 100%,MONEY_HUB,iphone,UNKNOWN,,,,,,,10,85,D_RETIRE,HOLD_NOINDEX_200,FUTURE_RETIREMENT_APPROVAL_REQUIRED,,,NONE+legacy-posts,Zero search equity thin duplicate post
/รับซื้อไอโฟน-ตาก/,ขายไอโฟนด่วน ตาก ที่ไหนดี? WE BUY ให้ราคาสูง จ่ายเงินสดทันใจ รับถึงหน้าบ้าน,MONEY_HUB,iphone,UNKNOWN,,,,,,,10,85,D_RETIRE,HOLD_NOINDEX_200,FUTURE_RETIREMENT_APPROVAL_REQUIRED,,,NONE+legacy-posts,Zero search equity thin duplicate post
/รับซื้อไอโฟน-นครปฐม/,เปลี่ยนไอโฟนเก่าเป็นเงินสดที่นครปฐม ตีราคาไว โอนเงินหน้างาน บริการรับถึงบ้าน,MONEY_HUB,iphone,UNKNOWN,,,,,,,10,85,D_RETIRE,HOLD_NOINDEX_200,FUTURE_RETIREMENT_APPROVAL_REQUIRED,,,NONE+legacy-posts,Zero search equity thin duplicate post
/รับซื้อไอโฟน-นครพนม/,ด่วน! รับซื้อไอโฟนมือสองในเขตนครพนม เช็คราคาฟรี ได้เงินทันที สู้ทุกราคา,MONEY_HUB,iphone,UNKNOWN,,,,,,,10,85,D_RETIRE,HOLD_NOINDEX_200,FUTURE_RETIREMENT_APPROVAL_REQUIRED,,,NONE+legacy-posts,Zero search equity thin duplicate post
/รับซื้อไอโฟน-นครสวรรค์/,เปลี่ยนไอโฟนเก่าเป็นเงินสดที่นครสวรรค์ ตีราคาไว โอนเงินหน้างาน บริการรับถึงบ้าน,MONEY_HUB,iphone,UNKNOWN,,,,,,,10,85,D_RETIRE,HOLD_NOINDEX_200,FUTURE_RETIREMENT_APPROVAL_REQUIRED,,,NONE+legacy-posts,Zero search equity thin duplicate post
/รับซื้อไอโฟน-น่าน/,ขายไอโฟนด่วน น่าน ที่ไหนดี? WE BUY ให้ราคาสูง จ่ายเงินสดทันใจ รับถึงหน้าบ้าน,MONEY_HUB,iphone,UNKNOWN,,,,,,,10,85,D_RETIRE,HOLD_NOINDEX_200,FUTURE_RETIREMENT_APPROVAL_REQUIRED,,,NONE+legacy-posts,Zero search equity thin duplicate post
/รับซื้อไอโฟน-บึงกาฬ/,บึงกาฬ รับซื้อไอโฟน สู้ทุกราคา บริการรับถึงที่ จ่ายสด ไม่กดราคา ปลอดภัย 100%,MONEY_HUB,iphone,UNKNOWN,,,,,,,10,85,D_RETIRE,HOLD_NOINDEX_200,FUTURE_RETIREMENT_APPROVAL_REQUIRED,,,NONE+legacy-posts,Zero search equity thin duplicate post
/รับซื้อไอโฟน-บุรีรัมย์/,รับซื้อไอโฟน บุรีรัมย์ ด่วนที่สุด ให้ราคาสูง รับถึงที่ จ่ายเงินสด 100%,MONEY_HUB,iphone,UNKNOWN,,,,,,,10,85,D_RETIRE,HOLD_NOINDEX_200,FUTURE_RETIREMENT_APPROVAL_REQUIRED,,,NONE+legacy-posts,Zero search equity thin duplicate post
/รับซื้อไอโฟน-พะเยา/,หาร้านรับซื้อไอโฟน พะเยา? เราให้ราคาสูงสุด มีบริการ On-Site โอนไวหน้างาน,MONEY_HUB,iphone,UNKNOWN,,,,,,,10,85,D_RETIRE,HOLD_NOINDEX_200,FUTURE_RETIREMENT_APPROVAL_REQUIRED,,,NONE+legacy-posts,Zero search equity thin duplicate post
/รับซื้อไอโฟน-พังงา/,หาร้านรับซื้อไอโฟน พังงา? เราให้ราคาสูงสุด มีบริการ On-Site โอนไวหน้างาน,MONEY_HUB,iphone,UNKNOWN,,,,,,,10,85,D_RETIRE,HOLD_NOINDEX_200,FUTURE_RETIREMENT_APPROVAL_REQUIRED,,,NONE+legacy-posts,Zero search equity thin duplicate post
/รับซื้อไอโฟน-มหาสารคาม/,รับซื้อไอโฟน มหาสารคาม ด่วนที่สุด ให้ราคาสูง รับถึงที่ จ่ายเงินสด 100%,LOCAL_MONEY,iphone,90_DAYS_PERFORMANCE_EXPORT,2026-04-07,2026-07-06,14,346,9.56,14,80,90,A_PRESERVE_REWRITE,HOLD_NOINDEX_200,PRESERVE_REWRITE_CONTENT,,,docs/gsc/rerubsue_gsc_recovery_plan_2026-07-06.xlsx+legacy-posts,High-equity historical IT search winner; keep exact public URL and rewrite content
/รับซื้อไอโฟน-มุกดาหาร/,ด่วน! รับซื้อไอโฟนมือสองในเขตมุกดาหาร เช็คราคาฟรี ได้เงินทันที สู้ทุกราคา,MONEY_HUB,iphone,UNKNOWN,,,,,,,10,85,D_RETIRE,HOLD_NOINDEX_200,FUTURE_RETIREMENT_APPROVAL_REQUIRED,,,NONE+legacy-posts,Zero search equity thin duplicate post
/รับซื้อไอโฟน-ยะลา/,หาร้านรับซื้อไอโฟน ยะลา? เราให้ราคาสูงสุด มีบริการ On-Site โอนไวหน้างาน,MONEY_HUB,iphone,UNKNOWN,,,,,,,10,85,D_RETIRE,HOLD_NOINDEX_200,FUTURE_RETIREMENT_APPROVAL_REQUIRED,,,NONE+legacy-posts,Zero search equity thin duplicate post
/รับซื้อไอโฟน-ยโสธร/,รับซื้อไอโฟน ยโสธร iPhoneมือสอง รับถึงบ้าน,LOCAL_MONEY,iphone,UNKNOWN,,,,,,,40,85,A_PRESERVE_REWRITE,UNREGISTERED_OR_PRIVATE,PRESERVE_REWRITE_CONTENT,,REBUILD_INDEX,NONE+survivor-rebuild,Approved survivor candidate designated for full V2 content rebuild
/รับซื้อไอโฟน-ระนอง/,หาร้านรับซื้อไอโฟน ระนอง? เราให้ราคาสูงสุด มีบริการ On-Site โอนไวหน้างาน,MONEY_HUB,iphone,UNKNOWN,,,,,,,10,85,D_RETIRE,HOLD_NOINDEX_200,FUTURE_RETIREMENT_APPROVAL_REQUIRED,,,NONE+legacy-posts,Zero search equity thin duplicate post
/รับซื้อไอโฟน-ระยอง/,รับซื้อไอโฟน ระยอง ด่วนที่สุด ให้ราคาสูง รับถึงที่ จ่ายเงินสด 100%,MONEY_HUB,iphone,UNKNOWN,,,,,,,10,85,D_RETIRE,HOLD_NOINDEX_200,FUTURE_RETIREMENT_APPROVAL_REQUIRED,,,NONE+legacy-posts,Zero search equity thin duplicate post
/รับซื้อไอโฟน-ร้อยเอ็ด/,UNKNOWN,LOCAL_MONEY,iphone,UNKNOWN,,,,,,,10,85,D_RETIRE,UNREGISTERED_OR_PRIVATE,FUTURE_RETIREMENT_APPROVAL_REQUIRED,,NONE,NONE+NONE,Zero search equity thin duplicate post
/รับซื้อไอโฟน-ลพบุรี/,เปลี่ยนไอโฟนเก่าเป็นเงินสดที่ลพบุรี ตีราคาไว โอนเงินหน้างาน บริการรับถึงบ้าน,MONEY_HUB,iphone,UNKNOWN,,,,,,,10,85,D_RETIRE,HOLD_NOINDEX_200,FUTURE_RETIREMENT_APPROVAL_REQUIRED,,,NONE+legacy-posts,Zero search equity thin duplicate post
/รับซื้อไอโฟน-ลำปาง/,ด่วน! รับซื้อไอโฟนมือสองในเขตลำปาง เช็คราคาฟรี ได้เงินทันที สู้ทุกราคา,MONEY_HUB,iphone,UNKNOWN,,,,,,,10,85,D_RETIRE,HOLD_NOINDEX_200,FUTURE_RETIREMENT_APPROVAL_REQUIRED,,,NONE+legacy-posts,Zero search equity thin duplicate post
/รับซื้อไอโฟน-ศรีสะเกษ/,UNKNOWN,MONEY_HUB,iphone,UNKNOWN,,,,,,,10,85,D_RETIRE,UNREGISTERED_OR_PRIVATE,FUTURE_RETIREMENT_APPROVAL_REQUIRED,,NONE,NONE+NONE,Zero search equity thin duplicate post
/รับซื้อไอโฟน-สกลนคร/,UNKNOWN,MONEY_HUB,iphone,UNKNOWN,,,,,,,10,85,D_RETIRE,UNREGISTERED_OR_PRIVATE,FUTURE_RETIREMENT_APPROVAL_REQUIRED,,NONE,NONE+NONE,Zero search equity thin duplicate post
/รับซื้อไอโฟน-สิงห์บุรี/,หาร้านรับซื้อไอโฟน สิงห์บุรี? เราให้ราคาสูงสุด มีบริการ On-Site โอนไวหน้างาน,MONEY_HUB,iphone,UNKNOWN,,,,,,,10,85,D_RETIRE,HOLD_NOINDEX_200,FUTURE_RETIREMENT_APPROVAL_REQUIRED,,,NONE+legacy-posts,Zero search equity thin duplicate post
/รับซื้อไอโฟน-สุรินทร์/,UNKNOWN,MONEY_HUB,iphone,UNKNOWN,,,,,,,10,85,D_RETIRE,UNREGISTERED_OR_PRIVATE,FUTURE_RETIREMENT_APPROVAL_REQUIRED,,NONE,NONE+NONE,Zero search equity thin duplicate post
/รับซื้อไอโฟน-หนองคาย/,UNKNOWN,MONEY_HUB,iphone,UNKNOWN,,,,,,,10,85,D_RETIRE,UNREGISTERED_OR_PRIVATE,FUTURE_RETIREMENT_APPROVAL_REQUIRED,,NONE,NONE+NONE,Zero search equity thin duplicate post
/รับซื้อไอโฟน-หนองบัวลำภู/,UNKNOWN,MONEY_HUB,iphone,UNKNOWN,,,,,,,10,85,D_RETIRE,UNREGISTERED_OR_PRIVATE,FUTURE_RETIREMENT_APPROVAL_REQUIRED,,NONE,NONE+NONE,Zero search equity thin duplicate post
/รับซื้อไอโฟน-อำนาจเจริญ/,UNKNOWN,MONEY_HUB,iphone,UNKNOWN,,,,,,,10,85,D_RETIRE,UNREGISTERED_OR_PRIVATE,FUTURE_RETIREMENT_APPROVAL_REQUIRED,,NONE,NONE+NONE,Zero search equity thin duplicate post
/รับซื้อไอโฟน-อุดรธานี/,UNKNOWN,LOCAL_MONEY,iphone,UNKNOWN,,,,,,,10,85,D_RETIRE,UNREGISTERED_OR_PRIVATE,FUTURE_RETIREMENT_APPROVAL_REQUIRED,,NONE,NONE+NONE,Zero search equity thin duplicate post
/รับซื้อไอโฟน-อุตรดิตถ์/,ด่วน! รับซื้อไอโฟนมือสองในเขตอุตรดิตถ์ เช็คราคาฟรี ได้เงินทันที สู้ทุกราคา,MONEY_HUB,iphone,UNKNOWN,,,,,,,10,85,D_RETIRE,HOLD_NOINDEX_200,FUTURE_RETIREMENT_APPROVAL_REQUIRED,,,NONE+legacy-posts,Zero search equity thin duplicate post
/รับซื้อไอโฟน-อุทัยธานี/,ขายไอโฟนด่วน อุทัยธานี ที่ไหนดี? WE BUY ให้ราคาสูง จ่ายเงินสดทันใจ รับถึงหน้าบ้าน,MONEY_HUB,iphone,UNKNOWN,,,,,,,10,85,D_RETIRE,HOLD_NOINDEX_200,FUTURE_RETIREMENT_APPROVAL_REQUIRED,,,NONE+legacy-posts,Zero search equity thin duplicate post
/รับซื้อไอโฟน-อ่างทอง/,UNKNOWN,MONEY_HUB,iphone,90_DAYS_PERFORMANCE_EXPORT,2026-04-07,2026-07-06,1,1,9.00,1,60,85,E_REVIEW,UNREGISTERED_OR_PRIVATE,OWNER_REVIEW_REQUIRED,,NONE,docs/gsc/rerubsue_gsc_recovery_plan_2026-07-06.xlsx+NONE,Residual historical traffic (1 clicks) requiring explicit stakeholder decision
/รับซื้อไอโฟน-เชียงใหม่/,รับซื้อไอโฟน เชียงใหม่ ด่วนที่สุด ให้ราคาสูง รับถึงที่ จ่ายเงินสด 100%,MONEY_HUB,iphone,UNKNOWN,,,,,,,10,85,D_RETIRE,HOLD_NOINDEX_200,FUTURE_RETIREMENT_APPROVAL_REQUIRED,,,NONE+legacy-posts,Zero search equity thin duplicate post
/รับซื้อไอโฟน-เลย/,ด่วน! รับซื้อไอโฟนมือสองในเขตเลย เช็คราคาฟรี ได้เงินทันที สู้ทุกราคา,MONEY_HUB,iphone,UNKNOWN,,,,,,,10,85,D_RETIRE,HOLD_NOINDEX_200,FUTURE_RETIREMENT_APPROVAL_REQUIRED,,,NONE+legacy-posts,Zero search equity thin duplicate post
/รับซื้อไอโฟน-แพร่/,ด่วน! รับซื้อไอโฟนมือสองในเขตแพร่ เช็คราคาฟรี ได้เงินทันที สู้ทุกราคา,MONEY_HUB,iphone,UNKNOWN,,,,,,,10,85,D_RETIRE,HOLD_NOINDEX_200,FUTURE_RETIREMENT_APPROVAL_REQUIRED,,,NONE+legacy-posts,Zero search equity thin duplicate post
/รับซื้อไอโฟน-โคราช/,UNKNOWN,MONEY_HUB,iphone,UNKNOWN,,,,,,,10,85,D_RETIRE,UNREGISTERED_OR_PRIVATE,FUTURE_RETIREMENT_APPROVAL_REQUIRED,,NONE,NONE+NONE,Zero search equity thin duplicate post
/รับซื้อไอโฟน-ใกล้ฉัน/,UNKNOWN,MONEY_HUB,iphone,UNKNOWN,,,,,,,30,85,C_301_CONSOLIDATE,ACTIVE_REDIRECT_301,MAINTAIN_ACTIVE_REDIRECT,/รับซื้อไอโฟน/,,NONE+redirects,Active migration redirect rule targeting /รับซื้อไอโฟน/
/รับซื้อไอโฟนอุบล/,UNKNOWN,LOCAL_MONEY,iphone,UNKNOWN,,,,,,,10,85,D_RETIRE,UNREGISTERED_OR_PRIVATE,FUTURE_RETIREMENT_APPROVAL_REQUIRED,,NONE,NONE+NONE,Zero search equity thin duplicate post
/รับซื้อไอโฟนใกล้ฉัน/,รับซื้อไอโฟนใกล้ฉัน รับซื้อไอโฟน อุบลราชธานี,MONEY_HUB,iphone,UNKNOWN,,,,,,,30,85,C_301_CONSOLIDATE,ACTIVE_REDIRECT_301,MAINTAIN_ACTIVE_REDIRECT,/รับซื้อไอโฟน/,NEW_REDIRECT,NONE+survivor-rebuild,Active migration redirect rule targeting /รับซื้อไอโฟน/
/รับซ่อมคอมพิวเตอร์-ยโสธ/,UNKNOWN,MONEY_HUB,computer,UNKNOWN,,,,,,,10,85,D_RETIRE,UNREGISTERED_OR_PRIVATE,FUTURE_RETIREMENT_APPROVAL_REQUIRED,,NONE,NONE+NONE,Zero search equity thin duplicate post
/รับซ่อมมือถือ-อุบลราชธานี-คู่มือ/,UNKNOWN,LOCAL_MONEY,iphone,90_DAYS_PERFORMANCE_EXPORT,2026-04-07,2026-07-06,0,8,11.12,0,20,85,D_RETIRE,UNREGISTERED_OR_PRIVATE,FUTURE_RETIREMENT_APPROVAL_REQUIRED,,NONE,docs/gsc/rerubsue_gsc_recovery_plan_2026-07-06.xlsx+NONE,Zero search equity thin duplicate post
/รับประมูลคอมพิวเตอร์/,UNKNOWN,MONEY_HUB,computer,UNKNOWN,,,,,,,10,85,D_RETIRE,UNREGISTERED_OR_PRIVATE,FUTURE_RETIREMENT_APPROVAL_REQUIRED,,NONE,NONE+NONE,Zero search equity thin duplicate post
/รับประมูลงานคอมพิวเตอร์/,รับประมูลงานคอมพิวเตอร์ องค์กร โรงงาน หน่วยงาน,MONEY_HUB,computer,UNKNOWN,,,,,,,10,85,D_RETIRE,HOLD_NOINDEX_200,FUTURE_RETIREMENT_APPROVAL_REQUIRED,,,NONE+legacy-posts,Zero search equity thin duplicate post
/รับประมูลโน๊ตบุ๊ค/,UNKNOWN,MONEY_HUB,notebook,UNKNOWN,,,,,,,10,85,D_RETIRE,UNREGISTERED_OR_PRIVATE,FUTURE_RETIREMENT_APPROVAL_REQUIRED,,NONE,NONE+NONE,Zero search equity thin duplicate post
/รับเหมาคอม-ประมูล-คอม-ชล/,UNKNOWN,MONEY_HUB,computer,UNKNOWN,,,,,,,10,85,D_RETIRE,UNREGISTERED_OR_PRIVATE,FUTURE_RETIREMENT_APPROVAL_REQUIRED,,NONE,NONE+NONE,Zero search equity thin duplicate post
/รับเหมาคอมพิวเตอร์/,รับเหมาคอมพิวเตอร์ ยกล็อต ครบวงจร จ่ายสดทันที,MONEY_HUB,computer,UNKNOWN,,,,,,,10,85,D_RETIRE,HOLD_NOINDEX_200,FUTURE_RETIREMENT_APPROVAL_REQUIRED,,,NONE+legacy-posts,Zero search equity thin duplicate post
/รับเหมาคอมสำนักงาน/,UNKNOWN,MONEY_HUB,computer,UNKNOWN,,,,,,,10,85,D_RETIRE,UNREGISTERED_OR_PRIVATE,FUTURE_RETIREMENT_APPROVAL_REQUIRED,,NONE,NONE+NONE,Zero search equity thin duplicate post
/รับเหมาอุปกรณ์ไอที-กรุงเทพมหานคร/,รับเหมาอุปกรณ์ไอที กรุงเทพมหานคร — รับซื้อยกล็อต Server คอม UPS อุปกรณ์เน็ตเวิร์ก,MONEY_HUB,computer,UNKNOWN,,,,,,,10,85,D_RETIRE,HOLD_NOINDEX_200,FUTURE_RETIREMENT_APPROVAL_REQUIRED,,,NONE+legacy-posts,Zero search equity thin duplicate post
/รับเหมาอุปกรณ์ไอที-ขอนแก่น/,UNKNOWN,OTHER,general,UNKNOWN,,,,,,,10,35,D_RETIRE,UNREGISTERED_OR_PRIVATE,FUTURE_RETIREMENT_APPROVAL_REQUIRED,,NONE,NONE+NONE,Zero search equity thin duplicate post
/รับเหมาอุปกรณ์ไอที-เชียงใหม่/,UNKNOWN,OTHER,general,UNKNOWN,,,,,,,10,35,D_RETIRE,UNREGISTERED_OR_PRIVATE,FUTURE_RETIREMENT_APPROVAL_REQUIRED,,NONE,NONE+NONE,Zero search equity thin duplicate post
/รับเหมาอุปกรณ์ไอที/,UNKNOWN,OTHER,general,UNKNOWN,,,,,,,10,35,D_RETIRE,UNREGISTERED_OR_PRIVATE,FUTURE_RETIREMENT_APPROVAL_REQUIRED,,NONE,NONE+NONE,Zero search equity thin duplicate post
/ร้านขายไอแพดในอุบล-ipad/,UNKNOWN,LOCAL_MONEY,ipad,90_DAYS_PERFORMANCE_EXPORT,2026-04-07,2026-07-06,0,6,19.83,0,20,85,D_RETIRE,UNREGISTERED_OR_PRIVATE,FUTURE_RETIREMENT_APPROVAL_REQUIRED,,NONE,docs/gsc/rerubsue_gsc_recovery_plan_2026-07-06.xlsx+NONE,Zero search equity thin duplicate post
/ร้านจำนำในอุบล/,UNKNOWN,OFF_TOPIC,off_topic,90_DAYS_PERFORMANCE_EXPORT,2026-04-07,2026-07-06,0,2,74.00,0,20,0,D_RETIRE,GONE_410,MAINTAIN_GONE_410,,,docs/gsc/rerubsue_gsc_recovery_plan_2026-07-06.xlsx+gone-paths.ts,Off-topic legacy niche (alcohol / pawn / home appliance) or thin archive
/ร้านรับจำนำมือถือใกล้ฉ/,UNKNOWN,OFF_TOPIC,off_topic,90_DAYS_PERFORMANCE_EXPORT,2026-04-07,2026-07-06,3,453,22.19,3,50,0,D_RETIRE,GONE_410,MAINTAIN_GONE_410,,,docs/gsc/rerubsue_gsc_recovery_plan_2026-07-06.xlsx+gone-paths.ts,Off-topic legacy niche (alcohol / pawn / home appliance) or thin archive
/ร้านรับจำนำยโสธร/,UNKNOWN,OFF_TOPIC,off_topic,90_DAYS_PERFORMANCE_EXPORT,2026-04-07,2026-07-06,7,332,10.27,7,60,0,D_RETIRE,GONE_410,MAINTAIN_GONE_410,,,docs/gsc/rerubsue_gsc_recovery_plan_2026-07-06.xlsx+gone-paths.ts,Off-topic legacy niche (alcohol / pawn / home appliance) or thin archive
/ร้านรับจํานําลําโพงบลู/,UNKNOWN,OTHER,general,90_DAYS_PERFORMANCE_EXPORT,2026-04-07,2026-07-06,5,115,13.11,5,60,35,D_RETIRE,GONE_410,MAINTAIN_GONE_410,,,docs/gsc/rerubsue_gsc_recovery_plan_2026-07-06.xlsx+gone-paths.ts,Authoritative runtime GONE 410 route
/ร้านรับซื้อโน๊ตบุ๊คอุบ-2/,ร้านรับซื้อโน๊ตบุ๊คอุบล | ขายโน๊ตบุ๊คอุบล | รับซื้อโน๊ตบุ๊คอุบลราชธานี,MONEY_HUB,notebook,UNKNOWN,,,,,,,40,85,D_RETIRE,HOLD_NOINDEX_200,FUTURE_RETIREMENT_APPROVAL_REQUIRED,,HOLD_NOINDEX,NONE+survivor-hold,Thin secondary survivor without standalone demand; planned for retirement
/ร้านรับซื้อโน๊ตบุ๊คอุบ/,ร้านรับซื้อโน๊ตบุ๊คอุบล,MONEY_HUB,notebook,UNKNOWN,,,,,,,10,85,D_RETIRE,HOLD_NOINDEX_200,FUTURE_RETIREMENT_APPROVAL_REQUIRED,,,NONE+legacy-posts,Zero search equity thin duplicate post
/ร้านรับซื้อโน๊ตบุ๊คในอ/,ร้านรับซื้อโน๊ตบุ๊คในอุบล รับซื้อโน๊ตบุ๊ค อุบลราชธานี,MONEY_HUB,notebook,UNKNOWN,,,,,,,40,85,D_RETIRE,HOLD_NOINDEX_200,FUTURE_RETIREMENT_APPROVAL_REQUIRED,,HOLD_NOINDEX,NONE+survivor-hold,Thin secondary survivor without standalone demand; planned for retirement
/ร้านรับซื้อไอที-ประเมินราคาจากอะไร/,UNKNOWN,GUIDE,guide,UNKNOWN,,,,,,,10,75,D_RETIRE,UNREGISTERED_OR_PRIVATE,FUTURE_RETIREMENT_APPROVAL_REQUIRED,,NONE,NONE+NONE,Zero search equity thin duplicate post
/วิธีล้างข้อมูล-iphone-ก่อนขาย/,วิธีล้างข้อมูล iPhone ก่อนขายต่อแบบหมดจด ข้อมูลไม่หลุดแน่นอน,MONEY_HUB,iphone,UNKNOWN,,,,,,,10,85,D_RETIRE,HOLD_NOINDEX_200,FUTURE_RETIREMENT_APPROVAL_REQUIRED,,,NONE+legacy-posts,Zero search equity thin duplicate post
/วิธีเช็คโน๊ตบุ๊คมือสอง/,UNKNOWN,MONEY_HUB,notebook,UNKNOWN,,,,,,,10,85,D_RETIRE,UNREGISTERED_OR_PRIVATE,FUTURE_RETIREMENT_APPROVAL_REQUIRED,,NONE,NONE+NONE,Zero search equity thin duplicate post
/ส่งเครื่องให้ร้านประเมิน-ปลอดภัยไหม/,UNKNOWN,OTHER,general,UNKNOWN,,,,,,,10,35,D_RETIRE,UNREGISTERED_OR_PRIVATE,FUTURE_RETIREMENT_APPROVAL_REQUIRED,,NONE,NONE+NONE,Zero search equity thin duplicate post
/อันดับ-1-รับจำนำกล้อง-อุบ/,UNKNOWN,OFF_TOPIC,off_topic,90_DAYS_PERFORMANCE_EXPORT,2026-04-07,2026-07-06,0,13,17.92,0,20,0,D_RETIRE,GONE_410,MAINTAIN_GONE_410,,,docs/gsc/rerubsue_gsc_recovery_plan_2026-07-06.xlsx+gone-paths.ts,Off-topic legacy niche (alcohol / pawn / home appliance) or thin archive
/อุบล-รับจำนำ-จำนำมือถือ/,UNKNOWN,OFF_TOPIC,off_topic,UNKNOWN,,,,,,,10,0,D_RETIRE,GONE_410,MAINTAIN_GONE_410,,,NONE+gone-paths.ts,Off-topic legacy niche (alcohol / pawn / home appliance) or thin archive
/เช็กราคาก่อนขาย/,UNKNOWN,GUIDE,guide,90_DAYS_PERFORMANCE_EXPORT,2026-04-07,2026-07-06,0,5,6.00,0,30,75,D_RETIRE,UNREGISTERED_OR_PRIVATE,FUTURE_RETIREMENT_APPROVAL_REQUIRED,,NONE,docs/gsc/rerubsue_gsc_recovery_plan_2026-07-06.xlsx+NONE,Zero search equity thin duplicate post
/โน๊ตบุ๊ค-i5-มือสอง-ขายได้กี่บาท/,UNKNOWN,MONEY_HUB,notebook,UNKNOWN,,,,,,,10,85,D_RETIRE,UNREGISTERED_OR_PRIVATE,FUTURE_RETIREMENT_APPROVAL_REQUIRED,,NONE,NONE+NONE,Zero search equity thin duplicate post
/โน๊ตบุ๊ค-เปิดไม่ติด-ขายได้ไหม/,UNKNOWN,MONEY_HUB,notebook,UNKNOWN,,,,,,,10,85,D_RETIRE,UNREGISTERED_OR_PRIVATE,FUTURE_RETIREMENT_APPROVAL_REQUIRED,,NONE,NONE+NONE,Zero search equity thin duplicate post
/โน๊ตบุ๊ค-ไม่มีที่ชาร์จ-ขายได้ไหม/,UNKNOWN,MONEY_HUB,notebook,UNKNOWN,,,,,,,10,85,D_RETIRE,UNREGISTERED_OR_PRIVATE,FUTURE_RETIREMENT_APPROVAL_REQUIRED,,NONE,NONE+NONE,Zero search equity thin duplicate post
/โน๊ตบุ๊คมือสอง-อุบล/,UNKNOWN,LOCAL_MONEY,notebook,UNKNOWN,,,,,,,10,85,D_RETIRE,UNREGISTERED_OR_PRIVATE,FUTURE_RETIREMENT_APPROVAL_REQUIRED,,NONE,NONE+NONE,Zero search equity thin duplicate post
/โน๊ตบุ๊คเกมมิ่ง-มือสอง-ขายได้กี่บาท/,โน๊ตบุ๊คเกมมิ่งมือสองขายได้กี่บาท,MONEY_HUB,notebook,UNKNOWN,,,,,,,10,85,D_RETIRE,HOLD_NOINDEX_200,FUTURE_RETIREMENT_APPROVAL_REQUIRED,,,NONE+legacy-posts,Zero search equity thin duplicate post
