path,legacyStatus,legacyIndexable,legacyCanonical,legacySitemap,gone,redirect,redirectTarget,survivorDecision,v2State,contentStatus,technicalStatus,source,notes
"/buy-camera-mahasarakam/","REDIRECT","false","/buy-camera-mahasarakam/","false","false","true","/รับซื้อกล้อง/","EXISTING_REDIRECT","REDIRECT","NOT_APPLICABLE","READY","redirects",""
"/buy-camera-nongkai/","REDIRECT","false","/buy-camera-nongkai/","false","false","true","/รับซื้อกล้อง/","EXISTING_REDIRECT","REDIRECT","NOT_APPLICABLE","READY","redirects",""
"/buy-camera-surin/","REDIRECT","false","/buy-camera-surin/","false","false","true","/รับซื้อกล้อง/","EXISTING_REDIRECT","REDIRECT","NOT_APPLICABLE","READY","redirects",""
"/buy-camera-ubon/","ACTIVE","true","/buy-camera-ubon/","true","false","false","","REBUILD_INDEX","INDEX","CONTENT_REQUIRED","READY","survivor-rebuild",""
"/iphone-13-มือสอง-ขายได้กี่บาท/","ACTIVE","false","/iphone-13-มือสอง-ขายได้กี่บาท/","false","false","false","","","HOLD_NOINDEX","LEGACY_CONTENT","READY","legacy-posts",""
"/iphone-14-มือสอง-ขายได้กี่บาท/","ACTIVE","false","/iphone-14-มือสอง-ขายได้กี่บาท/","false","false","false","","","HOLD_NOINDEX","LEGACY_CONTENT","READY","legacy-posts",""
"/legacy-รับซื้อกล้อง-ยโสธร-815/","REDIRECT","false","/legacy-รับซื้อกล้อง-ยโสธร-815/","false","false","true","/รับซื้อกล้อง-ยโสธร/","NEW_REDIRECT","REDIRECT","NOT_APPLICABLE","READY","redirects",""
"/legacy-รับซื้อไอโฟน-มหาสารคาม-851/","REDIRECT","false","/legacy-รับซื้อไอโฟน-มหาสารคาม-851/","false","false","true","/รับซื้อไอโฟน-มหาสารคาม/","NEW_REDIRECT","REDIRECT","NOT_APPLICABLE","READY","redirects",""
"/macbook-เปิดไม่ติด-ขายได้ไหม/","ACTIVE","false","/macbook-เปิดไม่ติด-ขายได้ไหม/","false","false","false","","","HOLD_NOINDEX","LEGACY_CONTENT","READY","legacy-posts",""
"/rab-sue-com/","REDIRECT","false","/rab-sue-com/","false","false","true","/รับซื้อคอม/","","REDIRECT","NOT_APPLICABLE","READY","redirects",""
"/rab-sue-ipad/","REDIRECT","false","/rab-sue-ipad/","false","false","true","/รับซื้อไอแพด/","","REDIRECT","NOT_APPLICABLE","READY","redirects",""
"/rab-sue-iphone/","REDIRECT","false","/rab-sue-iphone/","false","false","true","/รับซื้อไอโฟน/","","REDIRECT","NOT_APPLICABLE","READY","redirects",""
"/rab-sue-klong/","REDIRECT","false","/rab-sue-klong/","false","false","true","/รับซื้อกล้อง/","","REDIRECT","NOT_APPLICABLE","READY","redirects",""
"/rab-sue-lamphong/","REDIRECT","false","/rab-sue-lamphong/","false","false","true","/รับซื้อลำโพง/","","REDIRECT","NOT_APPLICABLE","READY","redirects",""
"/rab-sue-macbook/","REDIRECT","false","/rab-sue-macbook/","false","false","true","/รับซื้อแมคบุ๊ค/","","REDIRECT","NOT_APPLICABLE","READY","redirects",""
"/rab-sue-notebook-bangkok/","ACTIVE","true","/rab-sue-notebook-bangkok/","true","false","false","","","HOLD_NOINDEX","LEGACY_CONTENT","READY","legacy-posts",""
"/rab-sue-notebook-chonburi-2/","ACTIVE","true","/rab-sue-notebook-chonburi-2/","true","false","false","","","HOLD_NOINDEX","LEGACY_CONTENT","READY","legacy-posts",""
"/rab-sue-notebook/","REDIRECT","false","/rab-sue-notebook/","false","false","true","/รับซื้อโน๊ตบุ๊ค/","","REDIRECT","NOT_APPLICABLE","READY","redirects",""
"/rab-sue/","REDIRECT","false","/rab-sue/","false","false","true","/รับซื้อ/","","REDIRECT","NOT_APPLICABLE","READY","redirects",""
"/ก่อนขาย-iphone-ล้างข้อมูล/","ACTIVE","false","/ก่อนขาย-iphone-ล้างข้อมูล/","false","false","false","","","HOLD_NOINDEX","LEGACY_CONTENT","READY","legacy-posts",""
"/ขาย-iphone-ขอนแก่น-ที่ไหนดี-เช็กราคาก่อนขาย/","ACTIVE","false","/ขาย-iphone-ขอนแก่น-ที่ไหนดี-เช็กราคาก่อนขาย/","false","false","false","","","HOLD_NOINDEX","LEGACY_CONTENT","READY","legacy-posts",""
"/ขายกล้องถ่ายรูปที่ให้ร/","ACTIVE","true","/ขายกล้องถ่ายรูปที่ให้ร/","true","false","false","","","HOLD_NOINDEX","LEGACY_CONTENT","READY","legacy-posts",""
"/ขายคอมเก่า-ข้อมูลในเครื่อง-ทำยังไง/","ACTIVE","false","/ขายคอมเก่า-ข้อมูลในเครื่อง-ทำยังไง/","false","false","false","","","HOLD_NOINDEX","LEGACY_CONTENT","READY","legacy-posts",""
"/ขายโน๊ตบุ๊ค-ขอนแก่น/","ACTIVE","true","/ขายโน๊ตบุ๊ค-ขอนแก่น/","true","false","false","","HOLD_NOINDEX","HOLD_NOINDEX","PENDING_REVIEW","READY","survivor-hold",""
"/ขายโน๊ตบุ๊ค-อุบล/","ACTIVE","true","/ขายโน๊ตบุ๊ค-อุบล/","true","false","false","","","HOLD_NOINDEX","LEGACY_CONTENT","READY","legacy-posts",""
"/ขายโน๊ตบุ๊คอุบล-รับซื้/","GONE","false","/ขายโน๊ตบุ๊คอุบล-รับซื้/","false","true","false","","","GONE","NOT_APPLICABLE","READY","gone-paths.ts",""
"/จำนำ-notebook-โน๊ตบุ๊ค-อุบลราชธ/","GONE","false","/จำนำ-notebook-โน๊ตบุ๊ค-อุบลราชธ/","false","true","false","","","GONE","NOT_APPLICABLE","READY","gone-paths.ts",""
"/จำนำ-ไอโฟน-มือสอง-อุบลรา/","GONE","false","/จำนำ-ไอโฟน-มือสอง-อุบลรา/","false","true","false","","","GONE","NOT_APPLICABLE","READY","gone-paths.ts",""
"/จำนำมือถืออุบล/","GONE","false","/จำนำมือถืออุบล/","false","true","false","","","GONE","NOT_APPLICABLE","READY","gone-paths.ts",""
"/จำนำอุบล-ใกล้ฉัน/","GONE","false","/จำนำอุบล-ใกล้ฉัน/","false","true","false","","","GONE","NOT_APPLICABLE","READY","gone-paths.ts",""
"/จำนำไอโฟน-iphone-อุบล/","GONE","false","/จำนำไอโฟน-iphone-อุบล/","false","true","false","","","GONE","NOT_APPLICABLE","READY","gone-paths.ts",""
"/จํา-นํา-โทรศัพท์-อุบล/","GONE","false","/จํา-นํา-โทรศัพท์-อุบล/","false","true","false","","","GONE","NOT_APPLICABLE","READY","gone-paths.ts",""
"/ติดต่อเรา/","REDIRECT","false","/ติดต่อเรา/","false","false","true","/contact/","","REDIRECT","NOT_APPLICABLE","READY","redirects",""
"/รับจำนำ-ipad-air-6-อุบลราชธานี/","GONE","false","/รับจำนำ-ipad-air-6-อุบลราชธานี/","false","true","false","","","GONE","NOT_APPLICABLE","READY","gone-paths.ts",""
"/รับจำนำ-iphone-จังหวัดยโสธร/","GONE","false","/รับจำนำ-iphone-จังหวัดยโสธร/","false","true","false","","","GONE","NOT_APPLICABLE","READY","gone-paths.ts",""
"/รับจำนำ-อุบล/","GONE","false","/รับจำนำ-อุบล/","false","true","false","","","GONE","NOT_APPLICABLE","READY","gone-paths.ts",""
"/รับจำนำกล้อง-อุบล/","GONE","false","/รับจำนำกล้อง-อุบล/","false","true","false","","","GONE","NOT_APPLICABLE","READY","gone-paths.ts",""
"/รับจำนำกล้องเลนส์-จังหว/","GONE","false","/รับจำนำกล้องเลนส์-จังหว/","false","true","false","","","GONE","NOT_APPLICABLE","READY","gone-paths.ts",""
"/รับจำนำของ-อุบลราชธานี-บ/","GONE","false","/รับจำนำของ-อุบลราชธานี-บ/","false","true","false","","","GONE","NOT_APPLICABLE","READY","gone-paths.ts",""
"/รับจำนำคอม-จังหวัดอุบลร/","GONE","false","/รับจำนำคอม-จังหวัดอุบลร/","false","true","false","","","GONE","NOT_APPLICABLE","READY","gone-paths.ts",""
"/รับจำนำคอม-อุบล/","GONE","false","/รับจำนำคอม-อุบล/","false","true","false","","","GONE","NOT_APPLICABLE","READY","gone-paths.ts",""
"/รับจำนำคอมพิวเตอร์จังห/","GONE","false","/รับจำนำคอมพิวเตอร์จังห/","false","true","false","","","GONE","NOT_APPLICABLE","READY","gone-paths.ts",""
"/รับจำนำมือถือ-จังหวัดยโ/","GONE","false","/รับจำนำมือถือ-จังหวัดยโ/","false","true","false","","","GONE","NOT_APPLICABLE","READY","gone-paths.ts",""
"/รับจำนำมือถืออุบล-2/","GONE","false","/รับจำนำมือถืออุบล-2/","false","true","false","","","GONE","NOT_APPLICABLE","READY","gone-paths.ts",""
"/รับจำนำมือถืออุบล/","GONE","false","/รับจำนำมือถืออุบล/","false","true","false","","","GONE","NOT_APPLICABLE","READY","gone-paths.ts",""
"/รับจำนำลำโพง-jbl-marshall-ยโสธร/","GONE","false","/รับจำนำลำโพง-jbl-marshall-ยโสธร/","false","true","false","","","GONE","NOT_APPLICABLE","READY","gone-paths.ts",""
"/รับจำนำลำโพง-marshall/","GONE","false","/รับจำนำลำโพง-marshall/","false","true","false","","","GONE","NOT_APPLICABLE","READY","gone-paths.ts",""
"/รับจำนำศรีสะเกษ/","GONE","false","/รับจำนำศรีสะเกษ/","false","true","false","","","GONE","NOT_APPLICABLE","READY","gone-paths.ts",""
"/รับจำนำอำนาจเจริญ/","GONE","false","/รับจำนำอำนาจเจริญ/","false","true","false","","","GONE","NOT_APPLICABLE","READY","gone-paths.ts",""
"/รับจำนำอุบล-2/","GONE","false","/รับจำนำอุบล-2/","false","true","false","","","GONE","NOT_APPLICABLE","READY","gone-paths.ts",""
"/รับจำนำอุบล/","GONE","false","/รับจำนำอุบล/","false","true","false","","","GONE","NOT_APPLICABLE","READY","gone-paths.ts",""
"/รับจำนำแมคบุ๊ค-จังหวัดย/","GONE","false","/รับจำนำแมคบุ๊ค-จังหวัดย/","false","true","false","","","GONE","NOT_APPLICABLE","READY","gone-paths.ts",""
"/รับจำนำโน๊ตบุ๊ค-ยโสธร/","GONE","false","/รับจำนำโน๊ตบุ๊ค-ยโสธร/","false","true","false","","","GONE","NOT_APPLICABLE","READY","gone-paths.ts",""
"/รับจำนำโน๊ตบุ๊คศรีสะเก/","GONE","false","/รับจำนำโน๊ตบุ๊คศรีสะเก/","false","true","false","","","GONE","NOT_APPLICABLE","READY","gone-paths.ts",""
"/รับจำนำโน๊ตบุ๊คอำนาจเจ/","GONE","false","/รับจำนำโน๊ตบุ๊คอำนาจเจ/","false","true","false","","","GONE","NOT_APPLICABLE","READY","gone-paths.ts",""
"/รับจำนำโน๊ตบุ๊คอุบล/","GONE","false","/รับจำนำโน๊ตบุ๊คอุบล/","false","true","false","","","GONE","NOT_APPLICABLE","READY","gone-paths.ts",""
"/รับจำนำไอแพด-จังหวัดยโส/","GONE","false","/รับจำนำไอแพด-จังหวัดยโส/","false","true","false","","","GONE","NOT_APPLICABLE","READY","gone-paths.ts",""
"/รับจำนำไอโฟน-11-รับจำนำ-iphone-11/","GONE","false","/รับจำนำไอโฟน-11-รับจำนำ-iphone-11/","false","true","false","","","GONE","NOT_APPLICABLE","READY","gone-paths.ts",""
"/รับจำนำไอโฟน-12-รับจำนำ-iphone-12/","GONE","false","/รับจำนำไอโฟน-12-รับจำนำ-iphone-12/","false","true","false","","","GONE","NOT_APPLICABLE","READY","gone-paths.ts",""
"/รับจำนำไอโฟน-13-รับจำนำ-iphone-13/","GONE","false","/รับจำนำไอโฟน-13-รับจำนำ-iphone-13/","false","true","false","","","GONE","NOT_APPLICABLE","READY","gone-paths.ts",""
"/รับจำนำไอโฟน-14-รับจำนำ-iphone-14/","GONE","false","/รับจำนำไอโฟน-14-รับจำนำ-iphone-14/","false","true","false","","","GONE","NOT_APPLICABLE","READY","gone-paths.ts",""
"/รับจำนำไอโฟน-จังหวัดยโส/","GONE","false","/รับจำนำไอโฟน-จังหวัดยโส/","false","true","false","","","GONE","NOT_APPLICABLE","READY","gone-paths.ts",""
"/รับจำนำไอโฟน-อุบล/","GONE","false","/รับจำนำไอโฟน-อุบล/","false","true","false","","","GONE","NOT_APPLICABLE","READY","gone-paths.ts",""
"/รับซื้อ-airpods/","ACTIVE","false","/รับซื้อ-airpods/","false","false","false","","","HOLD_NOINDEX","LEGACY_CONTENT","READY","legacy-posts",""
"/รับซื้อ-android-tablet/","ACTIVE","false","/รับซื้อ-android-tablet/","false","false","false","","","HOLD_NOINDEX","LEGACY_CONTENT","READY","legacy-posts",""
"/รับซื้อ-apple-studio-display/","ACTIVE","false","/รับซื้อ-apple-studio-display/","false","false","false","","","HOLD_NOINDEX","LEGACY_CONTENT","READY","legacy-posts",""
"/รับซื้อ-apple-watch-กระบี่/","ACTIVE","true","/รับซื้อ-apple-watch-กระบี่/","true","false","false","","","HOLD_NOINDEX","LEGACY_CONTENT","READY","legacy-posts",""
"/รับซื้อ-apple-watch-กรุงเทพมหานคร/","ACTIVE","true","/รับซื้อ-apple-watch-กรุงเทพมหานคร/","true","false","false","","","HOLD_NOINDEX","LEGACY_CONTENT","READY","legacy-posts",""
"/รับซื้อ-apple-watch-ขอนแก่น/","ACTIVE","true","/รับซื้อ-apple-watch-ขอนแก่น/","true","false","false","","","HOLD_NOINDEX","LEGACY_CONTENT","READY","legacy-posts",""
"/รับซื้อ-apple-watch-ฉะเชิงเทรา/","ACTIVE","true","/รับซื้อ-apple-watch-ฉะเชิงเทรา/","true","false","false","","","HOLD_NOINDEX","LEGACY_CONTENT","READY","legacy-posts",""
"/รับซื้อ-apple-watch-ชัยนาท/","ACTIVE","true","/รับซื้อ-apple-watch-ชัยนาท/","true","false","false","","","HOLD_NOINDEX","LEGACY_CONTENT","READY","legacy-posts",""
"/รับซื้อ-apple-watch-ตรัง/","ACTIVE","true","/รับซื้อ-apple-watch-ตรัง/","true","false","false","","","HOLD_NOINDEX","LEGACY_CONTENT","READY","legacy-posts",""
"/รับซื้อ-apple-watch-นครนายก/","ACTIVE","true","/รับซื้อ-apple-watch-นครนายก/","true","false","false","","","HOLD_NOINDEX","LEGACY_CONTENT","READY","legacy-posts",""
"/รับซื้อ-apple-watch-นครราชสีมา/","ACTIVE","true","/รับซื้อ-apple-watch-นครราชสีมา/","true","false","false","","","HOLD_NOINDEX","LEGACY_CONTENT","READY","legacy-posts",""
"/รับซื้อ-apple-watch-นครศรีธรรมราช/","ACTIVE","true","/รับซื้อ-apple-watch-นครศรีธรรมราช/","true","false","false","","","HOLD_NOINDEX","LEGACY_CONTENT","READY","legacy-posts",""
"/รับซื้อ-apple-watch-ปทุมธานี/","ACTIVE","true","/รับซื้อ-apple-watch-ปทุมธานี/","true","false","false","","","HOLD_NOINDEX","LEGACY_CONTENT","READY","legacy-posts",""
"/รับซื้อ-apple-watch-ประจวบคีรีขันธ์/","ACTIVE","true","/รับซื้อ-apple-watch-ประจวบคีรีขันธ์/","true","false","false","","","HOLD_NOINDEX","LEGACY_CONTENT","READY","legacy-posts",""
"/รับซื้อ-apple-watch-ปราจีนบุรี/","ACTIVE","true","/รับซื้อ-apple-watch-ปราจีนบุรี/","true","false","false","","","HOLD_NOINDEX","LEGACY_CONTENT","READY","legacy-posts",""
"/รับซื้อ-apple-watch-พระนครศรีอยุธยา/","ACTIVE","true","/รับซื้อ-apple-watch-พระนครศรีอยุธยา/","true","false","false","","","HOLD_NOINDEX","LEGACY_CONTENT","READY","legacy-posts",""
"/รับซื้อ-apple-watch-พะเยา/","ACTIVE","true","/รับซื้อ-apple-watch-พะเยา/","true","false","false","","","HOLD_NOINDEX","LEGACY_CONTENT","READY","legacy-posts",""
"/รับซื้อ-apple-watch-พัทลุง/","ACTIVE","true","/รับซื้อ-apple-watch-พัทลุง/","true","false","false","","","HOLD_NOINDEX","LEGACY_CONTENT","READY","legacy-posts",""
"/รับซื้อ-apple-watch-พิษณุโลก/","ACTIVE","true","/รับซื้อ-apple-watch-พิษณุโลก/","true","false","false","","","HOLD_NOINDEX","LEGACY_CONTENT","READY","legacy-posts",""
"/รับซื้อ-apple-watch-มหาสารคาม/","ACTIVE","true","/รับซื้อ-apple-watch-มหาสารคาม/","true","false","false","","","HOLD_NOINDEX","LEGACY_CONTENT","READY","legacy-posts",""
"/รับซื้อ-apple-watch-มุกดาหาร/","ACTIVE","true","/รับซื้อ-apple-watch-มุกดาหาร/","true","false","false","","","HOLD_NOINDEX","LEGACY_CONTENT","READY","legacy-posts",""
"/รับซื้อ-apple-watch-ยะลา/","ACTIVE","true","/รับซื้อ-apple-watch-ยะลา/","true","false","false","","","HOLD_NOINDEX","LEGACY_CONTENT","READY","legacy-posts",""
"/รับซื้อ-apple-watch-ระนอง/","ACTIVE","true","/รับซื้อ-apple-watch-ระนอง/","true","false","false","","","HOLD_NOINDEX","LEGACY_CONTENT","READY","legacy-posts",""
"/รับซื้อ-apple-watch-ราชบุรี/","ACTIVE","true","/รับซื้อ-apple-watch-ราชบุรี/","true","false","false","","","HOLD_NOINDEX","LEGACY_CONTENT","READY","legacy-posts",""
"/รับซื้อ-apple-watch-สตูล/","ACTIVE","true","/รับซื้อ-apple-watch-สตูล/","true","false","false","","","HOLD_NOINDEX","LEGACY_CONTENT","READY","legacy-posts",""
"/รับซื้อ-apple-watch-สมุทรสาคร/","ACTIVE","true","/รับซื้อ-apple-watch-สมุทรสาคร/","true","false","false","","","HOLD_NOINDEX","LEGACY_CONTENT","READY","legacy-posts",""
"/รับซื้อ-apple-watch-สิงห์บุรี/","ACTIVE","true","/รับซื้อ-apple-watch-สิงห์บุรี/","true","false","false","","","HOLD_NOINDEX","LEGACY_CONTENT","READY","legacy-posts",""
"/รับซื้อ-apple-watch-เชียงใหม่/","ACTIVE","true","/รับซื้อ-apple-watch-เชียงใหม่/","true","false","false","","","HOLD_NOINDEX","LEGACY_CONTENT","READY","legacy-posts",""
"/รับซื้อ-apple-watch-เลย/","ACTIVE","true","/รับซื้อ-apple-watch-เลย/","true","false","false","","","HOLD_NOINDEX","LEGACY_CONTENT","READY","legacy-posts",""
"/รับซื้อ-apple-watch-แพร่/","ACTIVE","true","/รับซื้อ-apple-watch-แพร่/","true","false","false","","","HOLD_NOINDEX","LEGACY_CONTENT","READY","legacy-posts",""
"/รับซื้อ-apple-watch-ใกล้ฉัน/","REDIRECT","false","/รับซื้อ-apple-watch-ใกล้ฉัน/","false","false","true","/รับซื้อ-apple-watch/","","REDIRECT","NOT_APPLICABLE","READY","redirects",""
"/รับซื้อ-aruba/","ACTIVE","false","/รับซื้อ-aruba/","false","false","false","","","HOLD_NOINDEX","LEGACY_CONTENT","READY","legacy-posts",""
"/รับซื้อ-buffalo-network/","ACTIVE","false","/รับซื้อ-buffalo-network/","false","false","false","","","HOLD_NOINDEX","LEGACY_CONTENT","READY","legacy-posts",""
"/รับซื้อ-cctv/","ACTIVE","false","/รับซื้อ-cctv/","false","false","false","","","HOLD_NOINDEX","LEGACY_CONTENT","READY","legacy-posts",""
"/รับซื้อ-dell-notebook/","ACTIVE","false","/รับซื้อ-dell-notebook/","false","false","false","","","HOLD_NOINDEX","LEGACY_CONTENT","READY","legacy-posts",""
"/รับซื้อ-dyson/","ACTIVE","false","/รับซื้อ-dyson/","false","false","false","","","HOLD_NOINDEX","LEGACY_CONTENT","READY","legacy-posts",""
"/รับซื้อ-external-harddisk/","ACTIVE","false","/รับซื้อ-external-harddisk/","false","false","false","","","HOLD_NOINDEX","LEGACY_CONTENT","READY","legacy-posts",""
"/รับซื้อ-gaming-pc/","ACTIVE","false","/รับซื้อ-gaming-pc/","false","false","false","","","HOLD_NOINDEX","LEGACY_CONTENT","READY","legacy-posts",""
"/รับซื้อ-harddisk-hitachi/","ACTIVE","false","/รับซื้อ-harddisk-hitachi/","false","false","false","","","HOLD_NOINDEX","LEGACY_CONTENT","READY","legacy-posts",""
"/รับซื้อ-harddisk-lenovo/","ACTIVE","false","/รับซื้อ-harddisk-lenovo/","false","false","false","","","HOLD_NOINDEX","LEGACY_CONTENT","READY","legacy-posts",""
"/รับซื้อ-harddisk-synology/","ACTIVE","false","/รับซื้อ-harddisk-synology/","false","false","false","","","HOLD_NOINDEX","LEGACY_CONTENT","READY","legacy-posts",""
"/รับซื้อ-harddisk-toshiba/","ACTIVE","false","/รับซื้อ-harddisk-toshiba/","false","false","false","","","HOLD_NOINDEX","LEGACY_CONTENT","READY","legacy-posts",""
"/รับซื้อ-harddisk-กล้องวงจรปิด/","ACTIVE","false","/รับซื้อ-harddisk-กล้องวงจรปิด/","false","false","false","","","HOLD_NOINDEX","LEGACY_CONTENT","READY","legacy-posts",""
"/รับซื้อ-hdd-มือสอง/","ACTIVE","true","/รับซื้อ-hdd-มือสอง/","true","false","false","","","HOLD_NOINDEX","LEGACY_CONTENT","READY","legacy-posts",""
"/รับซื้อ-hp-notebook/","ACTIVE","false","/รับซื้อ-hp-notebook/","false","false","false","","","HOLD_NOINDEX","LEGACY_CONTENT","READY","legacy-posts",""
"/รับซื้อ-imac-กาญจนบุรี/","ACTIVE","true","/รับซื้อ-imac-กาญจนบุรี/","true","false","false","","","HOLD_NOINDEX","LEGACY_CONTENT","READY","legacy-posts",""
"/รับซื้อ-imac-กาฬสินธุ์/","ACTIVE","true","/รับซื้อ-imac-กาฬสินธุ์/","true","false","false","","","HOLD_NOINDEX","LEGACY_CONTENT","READY","legacy-posts",""
"/รับซื้อ-imac-จันทบุรี/","ACTIVE","true","/รับซื้อ-imac-จันทบุรี/","true","false","false","","","HOLD_NOINDEX","LEGACY_CONTENT","READY","legacy-posts",""
"/รับซื้อ-imac-นครศรีธรรมราช/","ACTIVE","true","/รับซื้อ-imac-นครศรีธรรมราช/","true","false","false","","","HOLD_NOINDEX","LEGACY_CONTENT","READY","legacy-posts",""
"/รับซื้อ-imac-บุรีรัมย์/","ACTIVE","true","/รับซื้อ-imac-บุรีรัมย์/","true","false","false","","","HOLD_NOINDEX","LEGACY_CONTENT","READY","legacy-posts",""
"/รับซื้อ-imac-ปราจีนบุรี/","ACTIVE","true","/รับซื้อ-imac-ปราจีนบุรี/","true","false","false","","","HOLD_NOINDEX","LEGACY_CONTENT","READY","legacy-posts",""
"/รับซื้อ-imac-มุกดาหาร/","ACTIVE","true","/รับซื้อ-imac-มุกดาหาร/","true","false","false","","","HOLD_NOINDEX","LEGACY_CONTENT","READY","legacy-posts",""
"/รับซื้อ-imac-สมุทรสงคราม/","ACTIVE","true","/รับซื้อ-imac-สมุทรสงคราม/","true","false","false","","","HOLD_NOINDEX","LEGACY_CONTENT","READY","legacy-posts",""
"/รับซื้อ-imac-สมุทรสาคร/","ACTIVE","true","/รับซื้อ-imac-สมุทรสาคร/","true","false","false","","","HOLD_NOINDEX","LEGACY_CONTENT","READY","legacy-posts",""
"/รับซื้อ-imac-สิงห์บุรี/","ACTIVE","true","/รับซื้อ-imac-สิงห์บุรี/","true","false","false","","","HOLD_NOINDEX","LEGACY_CONTENT","READY","legacy-posts",""
"/รับซื้อ-imac-หนองบัวลำภู/","ACTIVE","true","/รับซื้อ-imac-หนองบัวลำภู/","true","false","false","","","HOLD_NOINDEX","LEGACY_CONTENT","READY","legacy-posts",""
"/รับซื้อ-imac-อำนาจเจริญ/","ACTIVE","true","/รับซื้อ-imac-อำนาจเจริญ/","true","false","false","","","HOLD_NOINDEX","LEGACY_CONTENT","READY","legacy-posts",""
"/รับซื้อ-imac-อุตรดิตถ์/","ACTIVE","true","/รับซื้อ-imac-อุตรดิตถ์/","true","false","false","","","HOLD_NOINDEX","LEGACY_CONTENT","READY","legacy-posts",""
"/รับซื้อ-imac-อุทัยธานี/","ACTIVE","true","/รับซื้อ-imac-อุทัยธานี/","true","false","false","","","HOLD_NOINDEX","LEGACY_CONTENT","READY","legacy-posts",""
"/รับซื้อ-imac-เชียงใหม่/","ACTIVE","true","/รับซื้อ-imac-เชียงใหม่/","true","false","false","","","HOLD_NOINDEX","LEGACY_CONTENT","READY","legacy-posts",""
"/รับซื้อ-ip-camera/","ACTIVE","false","/รับซื้อ-ip-camera/","false","false","false","","","HOLD_NOINDEX","LEGACY_CONTENT","READY","legacy-posts",""
"/รับซื้อ-ipad-เชียงใหม่/","ACTIVE","false","/รับซื้อ-ipad-เชียงใหม่/","false","false","false","","","HOLD_NOINDEX","LEGACY_CONTENT","READY","legacy-posts",""
"/รับซื้อ-iphone-จตุจักร/","ACTIVE","false","/รับซื้อ-iphone-จตุจักร/","false","false","false","","","HOLD_NOINDEX","LEGACY_CONTENT","READY","legacy-posts",""
"/รับซื้อ-iphone-พระโขนง/","ACTIVE","false","/รับซื้อ-iphone-พระโขนง/","false","false","false","","","HOLD_NOINDEX","LEGACY_CONTENT","READY","legacy-posts",""
"/รับซื้อ-iphone-ระยอง/","ACTIVE","false","/รับซื้อ-iphone-ระยอง/","false","false","false","","","HOLD_NOINDEX","LEGACY_CONTENT","READY","legacy-posts",""
"/รับซื้อ-iphone-ลาดพร้าว/","ACTIVE","false","/รับซื้อ-iphone-ลาดพร้าว/","false","false","false","","","HOLD_NOINDEX","LEGACY_CONTENT","READY","legacy-posts",""
"/รับซื้อ-iphone-ลำปาง/","ACTIVE","false","/รับซื้อ-iphone-ลำปาง/","false","false","false","","","HOLD_NOINDEX","LEGACY_CONTENT","READY","legacy-posts",""
"/รับซื้อ-iphone-วังทองหลาง/","ACTIVE","false","/รับซื้อ-iphone-วังทองหลาง/","false","false","false","","","HOLD_NOINDEX","LEGACY_CONTENT","READY","legacy-posts",""
"/รับซื้อ-iphone-ห้วยขวาง/","ACTIVE","false","/รับซื้อ-iphone-ห้วยขวาง/","false","false","false","","","HOLD_NOINDEX","LEGACY_CONTENT","READY","legacy-posts",""
"/รับซื้อ-keyboard/","ACTIVE","false","/รับซื้อ-keyboard/","false","false","false","","","HOLD_NOINDEX","LEGACY_CONTENT","READY","legacy-posts",""
"/รับซื้อ-mac-mini/","ACTIVE","false","/รับซื้อ-mac-mini/","false","false","false","","","HOLD_NOINDEX","LEGACY_CONTENT","READY","legacy-posts",""
"/รับซื้อ-mac-studio/","ACTIVE","false","/รับซื้อ-mac-studio/","false","false","false","","","HOLD_NOINDEX","LEGACY_CONTENT","READY","legacy-posts",""
"/รับซื้อ-macbook-air-ขอนแก่น/","ACTIVE","true","/รับซื้อ-macbook-air-ขอนแก่น/","true","false","false","","","HOLD_NOINDEX","LEGACY_CONTENT","READY","legacy-posts",""
"/รับซื้อ-macbook-pro-ขอนแก่น/","ACTIVE","false","/รับซื้อ-macbook-pro-ขอนแก่น/","false","false","false","","","HOLD_NOINDEX","LEGACY_CONTENT","READY","legacy-posts",""
"/รับซื้อ-macbook-กาญจนบุรี/","ACTIVE","true","/รับซื้อ-macbook-กาญจนบุรี/","true","false","false","","","HOLD_NOINDEX","LEGACY_CONTENT","READY","legacy-posts",""
"/รับซื้อ-macbook-กาฬสินธุ์-รับซื/","ACTIVE","true","/รับซื้อ-macbook-กาฬสินธุ์-รับซื/","true","false","false","","","HOLD_NOINDEX","LEGACY_CONTENT","READY","legacy-posts",""
"/รับซื้อ-macbook-กำแพงเพชร/","ACTIVE","true","/รับซื้อ-macbook-กำแพงเพชร/","true","false","false","","","HOLD_NOINDEX","LEGACY_CONTENT","READY","legacy-posts",""
"/รับซื้อ-macbook-จังหวัดกาฬสินธ/","REDIRECT","false","/รับซื้อ-macbook-จังหวัดกาฬสินธ/","false","false","true","/รับซื้อแมคบุ๊ค/","NEW_REDIRECT","REDIRECT","NOT_APPLICABLE","READY","redirects",""
"/รับซื้อ-macbook-จังหวัดนครพนม/","REDIRECT","false","/รับซื้อ-macbook-จังหวัดนครพนม/","false","false","true","/รับซื้อแมคบุ๊ค/","NEW_REDIRECT","REDIRECT","NOT_APPLICABLE","READY","redirects",""
"/รับซื้อ-macbook-จังหวัดนครราชส/","REDIRECT","false","/รับซื้อ-macbook-จังหวัดนครราชส/","false","false","true","/รับซื้อแมคบุ๊ค/","NEW_REDIRECT","REDIRECT","NOT_APPLICABLE","READY","redirects",""
"/รับซื้อ-macbook-จังหวัดบุรีรัม/","REDIRECT","false","/รับซื้อ-macbook-จังหวัดบุรีรัม/","false","false","true","/รับซื้อแมคบุ๊ค/","NEW_REDIRECT","REDIRECT","NOT_APPLICABLE","READY","redirects",""
"/รับซื้อ-macbook-จังหวัดมุกดาหา/","REDIRECT","false","/รับซื้อ-macbook-จังหวัดมุกดาหา/","false","false","true","/รับซื้อแมคบุ๊ค/","NEW_REDIRECT","REDIRECT","NOT_APPLICABLE","READY","redirects",""
"/รับซื้อ-macbook-จังหวัดร้อยเอ็/","REDIRECT","false","/รับซื้อ-macbook-จังหวัดร้อยเอ็/","false","false","true","/รับซื้อแมคบุ๊ค/","NEW_REDIRECT","REDIRECT","NOT_APPLICABLE","READY","redirects",""
"/รับซื้อ-macbook-จังหวัดสุรินทร/","REDIRECT","false","/รับซื้อ-macbook-จังหวัดสุรินทร/","false","false","true","/รับซื้อแมคบุ๊ค/","NEW_REDIRECT","REDIRECT","NOT_APPLICABLE","READY","redirects",""
"/รับซื้อ-macbook-นครนายก/","ACTIVE","true","/รับซื้อ-macbook-นครนายก/","true","false","false","","","HOLD_NOINDEX","LEGACY_CONTENT","READY","legacy-posts",""
"/รับซื้อ-macbook-นครราชสีมา/","ACTIVE","true","/รับซื้อ-macbook-นครราชสีมา/","true","false","false","","","HOLD_NOINDEX","LEGACY_CONTENT","READY","legacy-posts",""
"/รับซื้อ-macbook-นครศรีธรรมราช/","ACTIVE","false","/รับซื้อ-macbook-นครศรีธรรมราช/","false","false","false","","","HOLD_NOINDEX","LEGACY_CONTENT","READY","legacy-posts",""
"/รับซื้อ-macbook-นครสวรรค์/","ACTIVE","true","/รับซื้อ-macbook-นครสวรรค์/","true","false","false","","","HOLD_NOINDEX","LEGACY_CONTENT","READY","legacy-posts",""
"/รับซื้อ-macbook-บุรีรัมย์/","ACTIVE","true","/รับซื้อ-macbook-บุรีรัมย์/","true","false","false","","","HOLD_NOINDEX","LEGACY_CONTENT","READY","legacy-posts",""
"/รับซื้อ-macbook-ปทุมธานี/","ACTIVE","false","/รับซื้อ-macbook-ปทุมธานี/","false","false","false","","","HOLD_NOINDEX","LEGACY_CONTENT","READY","legacy-posts",""
"/รับซื้อ-macbook-ประจวบคีรีขันธ์/","ACTIVE","true","/รับซื้อ-macbook-ประจวบคีรีขันธ์/","true","false","false","","","HOLD_NOINDEX","LEGACY_CONTENT","READY","legacy-posts",""
"/รับซื้อ-macbook-พระนครศรีอยุธยา/","ACTIVE","false","/รับซื้อ-macbook-พระนครศรีอยุธยา/","false","false","false","","","HOLD_NOINDEX","LEGACY_CONTENT","READY","legacy-posts",""
"/รับซื้อ-macbook-พิษณุโลก/","ACTIVE","false","/รับซื้อ-macbook-พิษณุโลก/","false","false","false","","","HOLD_NOINDEX","LEGACY_CONTENT","READY","legacy-posts",""
"/รับซื้อ-macbook-มุกดาหาร/","ACTIVE","true","/รับซื้อ-macbook-มุกดาหาร/","true","false","false","","","HOLD_NOINDEX","LEGACY_CONTENT","READY","legacy-posts",""
"/รับซื้อ-macbook-ร้อยเอ็ด/","ACTIVE","true","/รับซื้อ-macbook-ร้อยเอ็ด/","true","false","false","","","HOLD_NOINDEX","LEGACY_CONTENT","READY","legacy-posts",""
"/รับซื้อ-macbook-วังทองหลาง/","ACTIVE","false","/รับซื้อ-macbook-วังทองหลาง/","false","false","false","","","HOLD_NOINDEX","LEGACY_CONTENT","READY","legacy-posts",""
"/รับซื้อ-macbook-ศรีสะเกษ/","ACTIVE","true","/รับซื้อ-macbook-ศรีสะเกษ/","true","false","false","","","HOLD_NOINDEX","LEGACY_CONTENT","READY","legacy-posts",""
"/รับซื้อ-macbook-สมุทรสงคราม/","ACTIVE","true","/รับซื้อ-macbook-สมุทรสงคราม/","true","false","false","","","HOLD_NOINDEX","LEGACY_CONTENT","READY","legacy-posts",""
"/รับซื้อ-macbook-สมุทรสาคร/","ACTIVE","true","/รับซื้อ-macbook-สมุทรสาคร/","true","false","false","","","HOLD_NOINDEX","LEGACY_CONTENT","READY","legacy-posts",""
"/รับซื้อ-macbook-สระบุรี/","ACTIVE","true","/รับซื้อ-macbook-สระบุรี/","true","false","false","","","HOLD_NOINDEX","LEGACY_CONTENT","READY","legacy-posts",""
"/รับซื้อ-macbook-สุพรรณบุรี/","ACTIVE","true","/รับซื้อ-macbook-สุพรรณบุรี/","true","false","false","","","HOLD_NOINDEX","LEGACY_CONTENT","READY","legacy-posts",""
"/รับซื้อ-macbook-สุราษฎร์ธานี/","ACTIVE","false","/รับซื้อ-macbook-สุราษฎร์ธานี/","false","false","false","","","HOLD_NOINDEX","LEGACY_CONTENT","READY","legacy-posts",""
"/รับซื้อ-macbook-หนองคาย/","ACTIVE","true","/รับซื้อ-macbook-หนองคาย/","true","false","false","","","HOLD_NOINDEX","LEGACY_CONTENT","READY","legacy-posts",""
"/รับซื้อ-macbook-หนองบัวลำภู/","ACTIVE","true","/รับซื้อ-macbook-หนองบัวลำภู/","true","false","false","","","HOLD_NOINDEX","LEGACY_CONTENT","READY","legacy-posts",""
"/รับซื้อ-macbook-อำนาจเจริญ/","ACTIVE","true","/รับซื้อ-macbook-อำนาจเจริญ/","true","false","false","","","HOLD_NOINDEX","LEGACY_CONTENT","READY","legacy-posts",""
"/รับซื้อ-macbook-อุดรธานี/","ACTIVE","true","/รับซื้อ-macbook-อุดรธานี/","true","false","false","","","HOLD_NOINDEX","LEGACY_CONTENT","READY","legacy-posts",""
"/รับซื้อ-macbook-อุตรดิตถ์/","ACTIVE","true","/รับซื้อ-macbook-อุตรดิตถ์/","true","false","false","","","HOLD_NOINDEX","LEGACY_CONTENT","READY","legacy-posts",""
"/รับซื้อ-macbook-อุทัยธานี/","ACTIVE","true","/รับซื้อ-macbook-อุทัยธานี/","true","false","false","","","HOLD_NOINDEX","LEGACY_CONTENT","READY","legacy-posts",""
"/รับซื้อ-macbook-อุบลราชธานี-ปัจจัยราคา-2026/","ACTIVE","false","/รับซื้อ-macbook-อุบลราชธานี-ปัจจัยราคา-2026/","false","false","false","","","HOLD_NOINDEX","LEGACY_CONTENT","READY","legacy-posts",""
"/รับซื้อ-macbook-อุบลราชธานี/","ACTIVE","true","/รับซื้อ-macbook-อุบลราชธานี/","true","false","false","","","HOLD_NOINDEX","LEGACY_CONTENT","READY","legacy-posts",""
"/รับซื้อ-macbook-อ่างทอง/","ACTIVE","true","/รับซื้อ-macbook-อ่างทอง/","true","false","false","","","HOLD_NOINDEX","LEGACY_CONTENT","READY","legacy-posts",""
"/รับซื้อ-macbook-เชียงราย/","ACTIVE","false","/รับซื้อ-macbook-เชียงราย/","false","false","false","","","HOLD_NOINDEX","LEGACY_CONTENT","READY","legacy-posts",""
"/รับซื้อ-macbook-เพชรบูรณ์/","ACTIVE","true","/รับซื้อ-macbook-เพชรบูรณ์/","true","false","false","","","HOLD_NOINDEX","LEGACY_CONTENT","READY","legacy-posts",""
"/รับซื้อ-macbook-แม็คบุ๊ค-ใกล้ฉั/","REDIRECT","false","/รับซื้อ-macbook-แม็คบุ๊ค-ใกล้ฉั/","false","false","true","/รับซื้อแมคบุ๊ค/","EXISTING_REDIRECT","REDIRECT","NOT_APPLICABLE","READY","redirects",""
"/รับซื้อ-macbook-แม็คบุ๊ค/","REDIRECT","false","/รับซื้อ-macbook-แม็คบุ๊ค/","false","false","true","/รับซื้อแมคบุ๊ค/","EXISTING_REDIRECT","REDIRECT","NOT_APPLICABLE","READY","redirects",""
"/รับซื้อ-macbook-ในจังหวัดขอนแก/","ACTIVE","true","/รับซื้อ-macbook-ในจังหวัดขอนแก/","true","false","false","","","HOLD_NOINDEX","LEGACY_CONTENT","READY","legacy-posts",""
"/รับซื้อ-macbook/","REDIRECT","false","/รับซื้อ-macbook/","false","false","true","/รับซื้อแมคบุ๊ค/","NEW_REDIRECT","REDIRECT","NOT_APPLICABLE","READY","redirects",""
"/รับซื้อ-magic-keyboard/","ACTIVE","false","/รับซื้อ-magic-keyboard/","false","false","false","","","HOLD_NOINDEX","LEGACY_CONTENT","READY","legacy-posts",""
"/รับซื้อ-mainboard/","ACTIVE","false","/รับซื้อ-mainboard/","false","false","false","","","HOLD_NOINDEX","LEGACY_CONTENT","READY","legacy-posts",""
"/รับซื้อ-mouse/","ACTIVE","false","/รับซื้อ-mouse/","false","false","false","","","HOLD_NOINDEX","LEGACY_CONTENT","READY","legacy-posts",""
"/รับซื้อ-nas-storage/","ACTIVE","false","/รับซื้อ-nas-storage/","false","false","false","","","HOLD_NOINDEX","LEGACY_CONTENT","READY","legacy-posts",""
"/รับซื้อ-network-switch/","ACTIVE","false","/รับซื้อ-network-switch/","false","false","false","","","HOLD_NOINDEX","LEGACY_CONTENT","READY","legacy-posts",""
"/รับซื้อ-nintendo-กาญจนบุรี/","ACTIVE","true","/รับซื้อ-nintendo-กาญจนบุรี/","true","false","false","","","HOLD_NOINDEX","LEGACY_CONTENT","READY","legacy-posts",""
"/รับซื้อ-nintendo-กำแพงเพชร/","ACTIVE","true","/รับซื้อ-nintendo-กำแพงเพชร/","true","false","false","","","HOLD_NOINDEX","LEGACY_CONTENT","READY","legacy-posts",""
"/รับซื้อ-nintendo-ขอนแก่น/","ACTIVE","true","/รับซื้อ-nintendo-ขอนแก่น/","true","false","false","","","HOLD_NOINDEX","LEGACY_CONTENT","READY","legacy-posts",""
"/รับซื้อ-nintendo-ชลบุรี/","ACTIVE","true","/รับซื้อ-nintendo-ชลบุรี/","true","false","false","","","HOLD_NOINDEX","LEGACY_CONTENT","READY","legacy-posts",""
"/รับซื้อ-nintendo-ชัยภูมิ/","ACTIVE","true","/รับซื้อ-nintendo-ชัยภูมิ/","true","false","false","","","HOLD_NOINDEX","LEGACY_CONTENT","READY","legacy-posts",""
"/รับซื้อ-nintendo-ตาก/","ACTIVE","true","/รับซื้อ-nintendo-ตาก/","true","false","false","","","HOLD_NOINDEX","LEGACY_CONTENT","READY","legacy-posts",""
"/รับซื้อ-nintendo-นราธิวาส/","ACTIVE","true","/รับซื้อ-nintendo-นราธิวาส/","true","false","false","","","HOLD_NOINDEX","LEGACY_CONTENT","READY","legacy-posts",""
"/รับซื้อ-nintendo-น่าน/","ACTIVE","true","/รับซื้อ-nintendo-น่าน/","true","false","false","","","HOLD_NOINDEX","LEGACY_CONTENT","READY","legacy-posts",""
"/รับซื้อ-nintendo-บุรีรัมย์/","ACTIVE","true","/รับซื้อ-nintendo-บุรีรัมย์/","true","false","false","","","HOLD_NOINDEX","LEGACY_CONTENT","READY","legacy-posts",""
"/รับซื้อ-nintendo-พังงา/","ACTIVE","true","/รับซื้อ-nintendo-พังงา/","true","false","false","","","HOLD_NOINDEX","LEGACY_CONTENT","READY","legacy-posts",""
"/รับซื้อ-nintendo-มหาสารคาม/","ACTIVE","true","/รับซื้อ-nintendo-มหาสารคาม/","true","false","false","","","HOLD_NOINDEX","LEGACY_CONTENT","READY","legacy-posts",""
"/รับซื้อ-nintendo-ยะลา/","ACTIVE","true","/รับซื้อ-nintendo-ยะลา/","true","false","false","","","HOLD_NOINDEX","LEGACY_CONTENT","READY","legacy-posts",""
"/รับซื้อ-nintendo-ระนอง/","ACTIVE","true","/รับซื้อ-nintendo-ระนอง/","true","false","false","","","HOLD_NOINDEX","LEGACY_CONTENT","READY","legacy-posts",""
"/รับซื้อ-nintendo-ระยอง/","ACTIVE","true","/รับซื้อ-nintendo-ระยอง/","true","false","false","","","HOLD_NOINDEX","LEGACY_CONTENT","READY","legacy-posts",""
"/รับซื้อ-nintendo-ลพบุรี/","ACTIVE","true","/รับซื้อ-nintendo-ลพบุรี/","true","false","false","","","HOLD_NOINDEX","LEGACY_CONTENT","READY","legacy-posts",""
"/รับซื้อ-nintendo-ลำปาง/","ACTIVE","true","/รับซื้อ-nintendo-ลำปาง/","true","false","false","","","HOLD_NOINDEX","LEGACY_CONTENT","READY","legacy-posts",""
"/รับซื้อ-nintendo-ลำพูน/","ACTIVE","true","/รับซื้อ-nintendo-ลำพูน/","true","false","false","","","HOLD_NOINDEX","LEGACY_CONTENT","READY","legacy-posts",""
"/รับซื้อ-nintendo-สตูล/","ACTIVE","true","/รับซื้อ-nintendo-สตูล/","true","false","false","","","HOLD_NOINDEX","LEGACY_CONTENT","READY","legacy-posts",""
"/รับซื้อ-nintendo-สมุทรปราการ/","ACTIVE","true","/รับซื้อ-nintendo-สมุทรปราการ/","true","false","false","","","HOLD_NOINDEX","LEGACY_CONTENT","READY","legacy-posts",""
"/รับซื้อ-nintendo-สระบุรี/","ACTIVE","true","/รับซื้อ-nintendo-สระบุรี/","true","false","false","","","HOLD_NOINDEX","LEGACY_CONTENT","READY","legacy-posts",""
"/รับซื้อ-nintendo-สระแก้ว/","ACTIVE","true","/รับซื้อ-nintendo-สระแก้ว/","true","false","false","","","HOLD_NOINDEX","LEGACY_CONTENT","READY","legacy-posts",""
"/รับซื้อ-nintendo-สุพรรณบุรี/","ACTIVE","true","/รับซื้อ-nintendo-สุพรรณบุรี/","true","false","false","","","HOLD_NOINDEX","LEGACY_CONTENT","READY","legacy-posts",""
"/รับซื้อ-nintendo-เชียงราย/","ACTIVE","true","/รับซื้อ-nintendo-เชียงราย/","true","false","false","","","HOLD_NOINDEX","LEGACY_CONTENT","READY","legacy-posts",""
"/รับซื้อ-nintendo-เพชรบุรี/","ACTIVE","true","/รับซื้อ-nintendo-เพชรบุรี/","true","false","false","","","HOLD_NOINDEX","LEGACY_CONTENT","READY","legacy-posts",""
"/รับซื้อ-nintendo-แม่ฮ่องสอน/","ACTIVE","true","/รับซื้อ-nintendo-แม่ฮ่องสอน/","true","false","false","","","HOLD_NOINDEX","LEGACY_CONTENT","READY","legacy-posts",""
"/รับซื้อ-notebook-gaming-กาฬสินธุ์-ให้ร/","ACTIVE","true","/รับซื้อ-notebook-gaming-กาฬสินธุ์-ให้ร/","true","false","false","","","HOLD_NOINDEX","LEGACY_CONTENT","READY","legacy-posts",""
"/รับซื้อ-notebook-gaming-ขอนแก่น-ให้ราค/","ACTIVE","true","/รับซื้อ-notebook-gaming-ขอนแก่น-ให้ราค/","true","false","false","","","HOLD_NOINDEX","LEGACY_CONTENT","READY","legacy-posts",""
"/รับซื้อ-notebook-gaming-นครราชสีมา-ให้/","ACTIVE","true","/รับซื้อ-notebook-gaming-นครราชสีมา-ให้/","true","false","false","","","HOLD_NOINDEX","LEGACY_CONTENT","READY","legacy-posts",""
"/รับซื้อ-notebook-gaming-บุรีรัมย์-ให้ร/","ACTIVE","true","/รับซื้อ-notebook-gaming-บุรีรัมย์-ให้ร/","true","false","false","","","HOLD_NOINDEX","LEGACY_CONTENT","READY","legacy-posts",""
"/รับซื้อ-notebook-gaming-มหาสารคาม-ให้ร/","ACTIVE","true","/รับซื้อ-notebook-gaming-มหาสารคาม-ให้ร/","true","false","false","","","HOLD_NOINDEX","LEGACY_CONTENT","READY","legacy-posts",""
"/รับซื้อ-notebook-gaming-มือสอง-ให้ราคา/","ACTIVE","true","/รับซื้อ-notebook-gaming-มือสอง-ให้ราคา/","true","false","false","","","HOLD_NOINDEX","LEGACY_CONTENT","READY","legacy-posts",""
"/รับซื้อ-notebook-gaming-ร้อยเอ็ด-ให้รา/","ACTIVE","true","/รับซื้อ-notebook-gaming-ร้อยเอ็ด-ให้รา/","true","false","false","","","HOLD_NOINDEX","LEGACY_CONTENT","READY","legacy-posts",""
"/รับซื้อ-notebook-gaming-ศรีสะเกษ-ให้รา/","ACTIVE","true","/รับซื้อ-notebook-gaming-ศรีสะเกษ-ให้รา/","true","false","false","","","HOLD_NOINDEX","LEGACY_CONTENT","READY","legacy-posts",""
"/รับซื้อ-notebook-gaming-สุรินทร์-ให้รา/","ACTIVE","true","/รับซื้อ-notebook-gaming-สุรินทร์-ให้รา/","true","false","false","","","HOLD_NOINDEX","LEGACY_CONTENT","READY","legacy-posts",""
"/รับซื้อ-notebook-gaming-อุดรธานี-ให้รา/","ACTIVE","true","/รับซื้อ-notebook-gaming-อุดรธานี-ให้รา/","true","false","false","","","HOLD_NOINDEX","LEGACY_CONTENT","READY","legacy-posts",""
"/รับซื้อ-notebook-gaming-อุบลราชธานี-ให/","ACTIVE","true","/รับซื้อ-notebook-gaming-อุบลราชธานี-ให/","true","false","false","","","HOLD_NOINDEX","LEGACY_CONTENT","READY","legacy-posts",""
"/รับซื้อ-notebook-gaming-โคราช-ให้ราคาส/","ACTIVE","true","/รับซื้อ-notebook-gaming-โคราช-ให้ราคาส/","true","false","false","","","HOLD_NOINDEX","LEGACY_CONTENT","READY","legacy-posts",""
"/รับซื้อ-notebook-ขอนแก่น-จังหวัด/","ACTIVE","true","/รับซื้อ-notebook-ขอนแก่น-จังหวัด/","true","false","false","","","HOLD_NOINDEX","LEGACY_CONTENT","READY","legacy-posts",""
"/รับซื้อ-notebook-จอแตก/","ACTIVE","false","/รับซื้อ-notebook-จอแตก/","false","false","false","","","HOLD_NOINDEX","LEGACY_CONTENT","READY","legacy-posts",""
"/รับซื้อ-notebook-รับซื้อโน๊ตบุ๊/","ACTIVE","true","/รับซื้อ-notebook-รับซื้อโน๊ตบุ๊/","true","false","false","","","HOLD_NOINDEX","LEGACY_CONTENT","READY","legacy-posts",""
"/รับซื้อ-notebook-เกมมิ่ง/","ACTIVE","false","/รับซื้อ-notebook-เกมมิ่ง/","false","false","false","","","HOLD_NOINDEX","LEGACY_CONTENT","READY","legacy-posts",""
"/รับซื้อ-notebook-โน๊ตบุ๊ค-อุบลรา/","ACTIVE","true","/รับซื้อ-notebook-โน๊ตบุ๊ค-อุบลรา/","true","false","false","","","HOLD_NOINDEX","LEGACY_CONTENT","READY","legacy-posts",""
"/รับซื้อ-notebook-ใกล้ฉัน-ขอนแก่น/","ACTIVE","true","/รับซื้อ-notebook-ใกล้ฉัน-ขอนแก่น/","true","false","false","","","HOLD_NOINDEX","LEGACY_CONTENT","READY","legacy-posts",""
"/รับซื้อ-notebook-ใกล้ฉัน/","REDIRECT","false","/รับซื้อ-notebook-ใกล้ฉัน/","false","false","true","/รับซื้อโน๊ตบุ๊ค/","EXISTING_REDIRECT","REDIRECT","NOT_APPLICABLE","READY","redirects",""
"/รับซื้อ-nuc-pc/","ACTIVE","false","/รับซื้อ-nuc-pc/","false","false","false","","","HOLD_NOINDEX","LEGACY_CONTENT","READY","legacy-posts",""
"/รับซื้อ-oppo-มือสอง/","ACTIVE","false","/รับซื้อ-oppo-มือสอง/","false","false","false","","","HOLD_NOINDEX","LEGACY_CONTENT","READY","legacy-posts",""
"/รับซื้อ-pc-aio/","ACTIVE","false","/รับซื้อ-pc-aio/","false","false","false","","","HOLD_NOINDEX","LEGACY_CONTENT","READY","legacy-posts",""
"/รับซื้อ-pc-all-in-one/","ACTIVE","false","/รับซื้อ-pc-all-in-one/","false","false","false","","","HOLD_NOINDEX","LEGACY_CONTENT","READY","legacy-posts",""
"/รับซื้อ-pc-hp/","ACTIVE","false","/รับซื้อ-pc-hp/","false","false","false","","","HOLD_NOINDEX","LEGACY_CONTENT","READY","legacy-posts",""
"/รับซื้อ-power-supply/","ACTIVE","false","/รับซื้อ-power-supply/","false","false","false","","","HOLD_NOINDEX","LEGACY_CONTENT","READY","legacy-posts",""
"/รับซื้อ-ps4-อุบล-play-station-4/","GONE","false","/รับซื้อ-ps4-อุบล-play-station-4/","false","true","false","","","GONE","NOT_APPLICABLE","READY","gone-paths.ts",""
"/รับซื้อ-ps5-กระบี่/","ACTIVE","true","/รับซื้อ-ps5-กระบี่/","true","false","false","","","HOLD_NOINDEX","LEGACY_CONTENT","READY","legacy-posts",""
"/รับซื้อ-ps5-กรุงเทพมหานคร/","ACTIVE","true","/รับซื้อ-ps5-กรุงเทพมหานคร/","true","false","false","","","HOLD_NOINDEX","LEGACY_CONTENT","READY","legacy-posts",""
"/รับซื้อ-ps5-กาฬสินธุ์/","ACTIVE","true","/รับซื้อ-ps5-กาฬสินธุ์/","true","false","false","","","HOLD_NOINDEX","LEGACY_CONTENT","READY","legacy-posts",""
"/รับซื้อ-ps5-กำแพงเพชร/","ACTIVE","true","/รับซื้อ-ps5-กำแพงเพชร/","true","false","false","","","HOLD_NOINDEX","LEGACY_CONTENT","READY","legacy-posts",""
"/รับซื้อ-ps5-ขอนแก่น/","ACTIVE","true","/รับซื้อ-ps5-ขอนแก่น/","true","false","false","","","HOLD_NOINDEX","LEGACY_CONTENT","READY","legacy-posts",""
"/รับซื้อ-ps5-จันทบุรี/","ACTIVE","true","/รับซื้อ-ps5-จันทบุรี/","true","false","false","","","HOLD_NOINDEX","LEGACY_CONTENT","READY","legacy-posts",""
"/รับซื้อ-ps5-ชลบุรี/","ACTIVE","true","/รับซื้อ-ps5-ชลบุรี/","true","false","false","","","HOLD_NOINDEX","LEGACY_CONTENT","READY","legacy-posts",""
"/รับซื้อ-ps5-ชัยภูมิ/","ACTIVE","true","/รับซื้อ-ps5-ชัยภูมิ/","true","false","false","","","HOLD_NOINDEX","LEGACY_CONTENT","READY","legacy-posts",""
"/รับซื้อ-ps5-ชุมพร/","ACTIVE","true","/รับซื้อ-ps5-ชุมพร/","true","false","false","","","HOLD_NOINDEX","LEGACY_CONTENT","READY","legacy-posts",""
"/รับซื้อ-ps5-ตราด/","ACTIVE","true","/รับซื้อ-ps5-ตราด/","true","false","false","","","HOLD_NOINDEX","LEGACY_CONTENT","READY","legacy-posts",""
"/รับซื้อ-ps5-นครนายก/","ACTIVE","true","/รับซื้อ-ps5-นครนายก/","true","false","false","","","HOLD_NOINDEX","LEGACY_CONTENT","READY","legacy-posts",""
"/รับซื้อ-ps5-นครปฐม/","ACTIVE","true","/รับซื้อ-ps5-นครปฐม/","true","false","false","","","HOLD_NOINDEX","LEGACY_CONTENT","READY","legacy-posts",""
"/รับซื้อ-ps5-นครสวรรค์/","ACTIVE","true","/รับซื้อ-ps5-นครสวรรค์/","true","false","false","","","HOLD_NOINDEX","LEGACY_CONTENT","READY","legacy-posts",""
"/รับซื้อ-ps5-นนทบุรี/","ACTIVE","true","/รับซื้อ-ps5-นนทบุรี/","true","false","false","","","HOLD_NOINDEX","LEGACY_CONTENT","READY","legacy-posts",""
"/รับซื้อ-ps5-นราธิวาส/","ACTIVE","true","/รับซื้อ-ps5-นราธิวาส/","true","false","false","","","HOLD_NOINDEX","LEGACY_CONTENT","READY","legacy-posts",""
"/รับซื้อ-ps5-น่าน/","ACTIVE","true","/รับซื้อ-ps5-น่าน/","true","false","false","","","HOLD_NOINDEX","LEGACY_CONTENT","READY","legacy-posts",""
"/รับซื้อ-ps5-บึงกาฬ/","ACTIVE","true","/รับซื้อ-ps5-บึงกาฬ/","true","false","false","","","HOLD_NOINDEX","LEGACY_CONTENT","READY","legacy-posts",""
"/รับซื้อ-ps5-ปทุมธานี/","ACTIVE","true","/รับซื้อ-ps5-ปทุมธานี/","true","false","false","","","HOLD_NOINDEX","LEGACY_CONTENT","READY","legacy-posts",""
"/รับซื้อ-ps5-ปัตตานี/","ACTIVE","true","/รับซื้อ-ps5-ปัตตานี/","true","false","false","","","HOLD_NOINDEX","LEGACY_CONTENT","READY","legacy-posts",""
"/รับซื้อ-ps5-พังงา/","ACTIVE","true","/รับซื้อ-ps5-พังงา/","true","false","false","","","HOLD_NOINDEX","LEGACY_CONTENT","READY","legacy-posts",""
"/รับซื้อ-ps5-พัทลุง/","ACTIVE","true","/รับซื้อ-ps5-พัทลุง/","true","false","false","","","HOLD_NOINDEX","LEGACY_CONTENT","READY","legacy-posts",""
"/รับซื้อ-ps5-พิจิตร/","ACTIVE","true","/รับซื้อ-ps5-พิจิตร/","true","false","false","","","HOLD_NOINDEX","LEGACY_CONTENT","READY","legacy-posts",""
"/รับซื้อ-ps5-พิษณุโลก/","ACTIVE","true","/รับซื้อ-ps5-พิษณุโลก/","true","false","false","","","HOLD_NOINDEX","LEGACY_CONTENT","READY","legacy-posts",""
"/รับซื้อ-ps5-มุกดาหาร/","ACTIVE","true","/รับซื้อ-ps5-มุกดาหาร/","true","false","false","","","HOLD_NOINDEX","LEGACY_CONTENT","READY","legacy-posts",""
"/รับซื้อ-ps5-ยโสธร/","ACTIVE","true","/รับซื้อ-ps5-ยโสธร/","true","false","false","","","HOLD_NOINDEX","LEGACY_CONTENT","READY","legacy-posts",""
"/รับซื้อ-ps5-ระยอง/","ACTIVE","true","/รับซื้อ-ps5-ระยอง/","true","false","false","","","HOLD_NOINDEX","LEGACY_CONTENT","READY","legacy-posts",""
"/รับซื้อ-ps5-ราชบุรี/","ACTIVE","true","/รับซื้อ-ps5-ราชบุรี/","true","false","false","","","HOLD_NOINDEX","LEGACY_CONTENT","READY","legacy-posts",""
"/รับซื้อ-ps5-ร้อยเอ็ด/","ACTIVE","true","/รับซื้อ-ps5-ร้อยเอ็ด/","true","false","false","","","HOLD_NOINDEX","LEGACY_CONTENT","READY","legacy-posts",""
"/รับซื้อ-ps5-ลพบุรี/","ACTIVE","true","/รับซื้อ-ps5-ลพบุรี/","true","false","false","","","HOLD_NOINDEX","LEGACY_CONTENT","READY","legacy-posts",""
"/รับซื้อ-ps5-ลำพูน/","ACTIVE","true","/รับซื้อ-ps5-ลำพูน/","true","false","false","","","HOLD_NOINDEX","LEGACY_CONTENT","READY","legacy-posts",""
"/รับซื้อ-ps5-ศรีสะเกษ/","ACTIVE","true","/รับซื้อ-ps5-ศรีสะเกษ/","true","false","false","","","HOLD_NOINDEX","LEGACY_CONTENT","READY","legacy-posts",""
"/รับซื้อ-ps5-สมุทรสงคราม/","ACTIVE","true","/รับซื้อ-ps5-สมุทรสงคราม/","true","false","false","","","HOLD_NOINDEX","LEGACY_CONTENT","READY","legacy-posts",""
"/รับซื้อ-ps5-สระบุรี/","ACTIVE","true","/รับซื้อ-ps5-สระบุรี/","true","false","false","","","HOLD_NOINDEX","LEGACY_CONTENT","READY","legacy-posts",""
"/รับซื้อ-ps5-สระแก้ว/","ACTIVE","true","/รับซื้อ-ps5-สระแก้ว/","true","false","false","","","HOLD_NOINDEX","LEGACY_CONTENT","READY","legacy-posts",""
"/รับซื้อ-ps5-สิงห์บุรี/","ACTIVE","true","/รับซื้อ-ps5-สิงห์บุรี/","true","false","false","","","HOLD_NOINDEX","LEGACY_CONTENT","READY","legacy-posts",""
"/รับซื้อ-ps5-สุรินทร์/","ACTIVE","true","/รับซื้อ-ps5-สุรินทร์/","true","false","false","","","HOLD_NOINDEX","LEGACY_CONTENT","READY","legacy-posts",""
"/รับซื้อ-ps5-สุโขทัย/","ACTIVE","true","/รับซื้อ-ps5-สุโขทัย/","true","false","false","","","HOLD_NOINDEX","LEGACY_CONTENT","READY","legacy-posts",""
"/รับซื้อ-ps5-อุดรธานี/","ACTIVE","true","/รับซื้อ-ps5-อุดรธานี/","true","false","false","","","HOLD_NOINDEX","LEGACY_CONTENT","READY","legacy-posts",""
"/รับซื้อ-ps5-อุตรดิตถ์/","ACTIVE","true","/รับซื้อ-ps5-อุตรดิตถ์/","true","false","false","","","HOLD_NOINDEX","LEGACY_CONTENT","READY","legacy-posts",""
"/รับซื้อ-ps5-อ่างทอง/","ACTIVE","true","/รับซื้อ-ps5-อ่างทอง/","true","false","false","","","HOLD_NOINDEX","LEGACY_CONTENT","READY","legacy-posts",""
"/รับซื้อ-ps5-เชียงราย/","ACTIVE","true","/รับซื้อ-ps5-เชียงราย/","true","false","false","","","HOLD_NOINDEX","LEGACY_CONTENT","READY","legacy-posts",""
"/รับซื้อ-ps5-เชียงใหม่/","ACTIVE","true","/รับซื้อ-ps5-เชียงใหม่/","true","false","false","","","HOLD_NOINDEX","LEGACY_CONTENT","READY","legacy-posts",""
"/รับซื้อ-ps5-เพชรบุรี/","ACTIVE","true","/รับซื้อ-ps5-เพชรบุรี/","true","false","false","","","HOLD_NOINDEX","LEGACY_CONTENT","READY","legacy-posts",""
"/รับซื้อ-ps5-เลย/","ACTIVE","true","/รับซื้อ-ps5-เลย/","true","false","false","","","HOLD_NOINDEX","LEGACY_CONTENT","READY","legacy-posts",""
"/รับซื้อ-ram-ecc/","ACTIVE","false","/รับซื้อ-ram-ecc/","false","false","false","","","HOLD_NOINDEX","LEGACY_CONTENT","READY","legacy-posts",""
"/รับซื้อ-ram-notebook/","ACTIVE","false","/รับซื้อ-ram-notebook/","false","false","false","","","HOLD_NOINDEX","LEGACY_CONTENT","READY","legacy-posts",""
"/รับซื้อ-ram-pc/","ACTIVE","false","/รับซื้อ-ram-pc/","false","false","false","","","HOLD_NOINDEX","LEGACY_CONTENT","READY","legacy-posts",""
"/รับซื้อ-ram-server/","ACTIVE","false","/รับซื้อ-ram-server/","false","false","false","","","HOLD_NOINDEX","LEGACY_CONTENT","READY","legacy-posts",""
"/รับซื้อ-ram/","ACTIVE","false","/รับซื้อ-ram/","false","false","false","","","HOLD_NOINDEX","LEGACY_CONTENT","READY","legacy-posts",""
"/รับซื้อ-redmi-pad/","ACTIVE","false","/รับซื้อ-redmi-pad/","false","false","false","","","HOLD_NOINDEX","LEGACY_CONTENT","READY","legacy-posts",""
"/รับซื้อ-router/","ACTIVE","false","/รับซื้อ-router/","false","false","false","","","HOLD_NOINDEX","LEGACY_CONTENT","READY","legacy-posts",""
"/รับซื้อ-ruijie/","ACTIVE","false","/รับซื้อ-ruijie/","false","false","false","","","HOLD_NOINDEX","LEGACY_CONTENT","READY","legacy-posts",""
"/รับซื้อ-samsung-tablet/","ACTIVE","false","/รับซื้อ-samsung-tablet/","false","false","false","","","HOLD_NOINDEX","LEGACY_CONTENT","READY","legacy-posts",""
"/รับซื้อ-server-huawei/","ACTIVE","false","/รับซื้อ-server-huawei/","false","false","false","","","HOLD_NOINDEX","LEGACY_CONTENT","READY","legacy-posts",""
"/รับซื้อ-server-ibm/","ACTIVE","false","/รับซื้อ-server-ibm/","false","false","false","","","HOLD_NOINDEX","LEGACY_CONTENT","READY","legacy-posts",""
"/รับซื้อ-server-lenovo/","ACTIVE","false","/รับซื้อ-server-lenovo/","false","false","false","","","HOLD_NOINDEX","LEGACY_CONTENT","READY","legacy-posts",""
"/รับซื้อ-server-oracle/","ACTIVE","false","/รับซื้อ-server-oracle/","false","false","false","","","HOLD_NOINDEX","LEGACY_CONTENT","READY","legacy-posts",""
"/รับซื้อ-server-กรุงเทพมหานคร/","ACTIVE","false","/รับซื้อ-server-กรุงเทพมหานคร/","false","false","false","","","HOLD_NOINDEX","LEGACY_CONTENT","READY","legacy-posts",""
"/รับซื้อ-server-มือสอง/","ACTIVE","false","/รับซื้อ-server-มือสอง/","false","false","false","","","HOLD_NOINDEX","LEGACY_CONTENT","READY","legacy-posts",""
"/รับซื้อ-server-เสีย/","ACTIVE","false","/รับซื้อ-server-เสีย/","false","false","false","","","HOLD_NOINDEX","LEGACY_CONTENT","READY","legacy-posts",""
"/รับซื้อ-server/","ACTIVE","true","/รับซื้อ-server/","true","false","false","","REBUILD_INDEX","INDEX","CONTENT_REQUIRED","READY","survivor-rebuild",""
"/รับซื้อ-ssd-corsair/","ACTIVE","false","/รับซื้อ-ssd-corsair/","false","false","false","","","HOLD_NOINDEX","LEGACY_CONTENT","READY","legacy-posts",""
"/รับซื้อ-ssd-kioxia/","ACTIVE","false","/รับซื้อ-ssd-kioxia/","false","false","false","","","HOLD_NOINDEX","LEGACY_CONTENT","READY","legacy-posts",""
"/รับซื้อ-ssd-lexar/","ACTIVE","false","/รับซื้อ-ssd-lexar/","false","false","false","","","HOLD_NOINDEX","LEGACY_CONTENT","READY","legacy-posts",""
"/รับซื้อ-ssd-m2/","ACTIVE","false","/รับซื้อ-ssd-m2/","false","false","false","","","HOLD_NOINDEX","LEGACY_CONTENT","READY","legacy-posts",""
"/รับซื้อ-ssd-nvme/","ACTIVE","false","/รับซื้อ-ssd-nvme/","false","false","false","","","HOLD_NOINDEX","LEGACY_CONTENT","READY","legacy-posts",""
"/รับซื้อ-ssd-seagate/","ACTIVE","false","/รับซื้อ-ssd-seagate/","false","false","false","","","HOLD_NOINDEX","LEGACY_CONTENT","READY","legacy-posts",""
"/รับซื้อ-ssd-western/","ACTIVE","false","/รับซื้อ-ssd-western/","false","false","false","","","HOLD_NOINDEX","LEGACY_CONTENT","READY","legacy-posts",""
"/รับซื้อ-ssd-xpg/","ACTIVE","false","/รับซื้อ-ssd-xpg/","false","false","false","","","HOLD_NOINDEX","LEGACY_CONTENT","READY","legacy-posts",""
"/รับซื้อ-tablet-สำนักงาน/","ACTIVE","false","/รับซื้อ-tablet-สำนักงาน/","false","false","false","","","HOLD_NOINDEX","LEGACY_CONTENT","READY","legacy-posts",""
"/รับซื้อ-ubiquiti/","ACTIVE","false","/รับซื้อ-ubiquiti/","false","false","false","","","HOLD_NOINDEX","LEGACY_CONTENT","READY","legacy-posts",""
"/รับซื้อ-ups-cyberpower/","ACTIVE","false","/รับซื้อ-ups-cyberpower/","false","false","false","","","HOLD_NOINDEX","LEGACY_CONTENT","READY","legacy-posts",""
"/รับซื้อ-ups-huawei/","ACTIVE","false","/รับซื้อ-ups-huawei/","false","false","false","","","HOLD_NOINDEX","LEGACY_CONTENT","READY","legacy-posts",""
"/รับซื้อ-ups-leonics/","ACTIVE","false","/รับซื้อ-ups-leonics/","false","false","false","","","HOLD_NOINDEX","LEGACY_CONTENT","READY","legacy-posts",""
"/รับซื้อ-ups-prolink/","ACTIVE","false","/รับซื้อ-ups-prolink/","false","false","false","","","HOLD_NOINDEX","LEGACY_CONTENT","READY","legacy-posts",""
"/รับซื้อ-ups-schneider/","ACTIVE","false","/รับซื้อ-ups-schneider/","false","false","false","","","HOLD_NOINDEX","LEGACY_CONTENT","READY","legacy-posts",""
"/รับซื้อ-ups-syndome/","ACTIVE","false","/รับซื้อ-ups-syndome/","false","false","false","","","HOLD_NOINDEX","LEGACY_CONTENT","READY","legacy-posts",""
"/รับซื้อ-ups-true-online/","ACTIVE","false","/รับซื้อ-ups-true-online/","false","false","false","","","HOLD_NOINDEX","LEGACY_CONTENT","READY","legacy-posts",""
"/รับซื้อ-ups-zircon/","ACTIVE","false","/รับซื้อ-ups-zircon/","false","false","false","","","HOLD_NOINDEX","LEGACY_CONTENT","READY","legacy-posts",""
"/รับซื้อ-ups-กรุงเทพมหานคร/","ACTIVE","false","/รับซื้อ-ups-กรุงเทพมหานคร/","false","false","false","","","HOLD_NOINDEX","LEGACY_CONTENT","READY","legacy-posts",""
"/รับซื้อ-ups-ขอนแก่น/","ACTIVE","false","/รับซื้อ-ups-ขอนแก่น/","false","false","false","","","HOLD_NOINDEX","LEGACY_CONTENT","READY","legacy-posts",""
"/รับซื้อ-ups-นครราชสีมา/","ACTIVE","false","/รับซื้อ-ups-นครราชสีมา/","false","false","false","","","HOLD_NOINDEX","LEGACY_CONTENT","READY","legacy-posts",""
"/รับซื้อ-ups-อุบลราชธานี/","ACTIVE","false","/รับซื้อ-ups-อุบลราชธานี/","false","false","false","","","HOLD_NOINDEX","LEGACY_CONTENT","READY","legacy-posts",""
"/รับซื้อ-ups-เชียงใหม่/","ACTIVE","false","/รับซื้อ-ups-เชียงใหม่/","false","false","false","","","HOLD_NOINDEX","LEGACY_CONTENT","READY","legacy-posts",""
"/รับซื้อ-xiaomi-มือสอง/","ACTIVE","false","/รับซื้อ-xiaomi-มือสอง/","false","false","false","","","HOLD_NOINDEX","LEGACY_CONTENT","READY","legacy-posts",""
"/รับซื้อ-zyxel/","ACTIVE","false","/รับซื้อ-zyxel/","false","false","false","","","HOLD_NOINDEX","LEGACY_CONTENT","READY","legacy-posts",""
"/รับซื้อ-คอมพิวเตอร์-ขอน-2/","ACTIVE","true","/รับซื้อ-คอมพิวเตอร์-ขอน-2/","true","false","false","","","HOLD_NOINDEX","LEGACY_CONTENT","READY","legacy-posts",""
"/รับซื้อ-แมคบุ๊ค-ขอนแก่น/","ACTIVE","true","/รับซื้อ-แมคบุ๊ค-ขอนแก่น/","true","false","false","","","HOLD_NOINDEX","LEGACY_CONTENT","READY","legacy-posts",""
"/รับซื้อ-โน๊ตบุ๊คnotebookจังหวั/","GONE","false","/รับซื้อ-โน๊ตบุ๊คnotebookจังหวั/","false","true","false","","","GONE","NOT_APPLICABLE","READY","gone-paths.ts",""
"/รับซื้อ-ใกล้ฉัน/","REDIRECT","false","/รับซื้อ-ใกล้ฉัน/","false","false","true","/รับซื้อ/","","REDIRECT","NOT_APPLICABLE","READY","redirects",""
"/รับซื้อmacbook-อำเภอพล-ขอนแก่น/","ACTIVE","true","/รับซื้อmacbook-อำเภอพล-ขอนแก่น/","true","false","false","","","HOLD_NOINDEX","LEGACY_CONTENT","READY","legacy-posts",""
"/รับซื้อmacbook-ใกล้ฉัน-ขอนแก่น/","ACTIVE","true","/รับซื้อmacbook-ใกล้ฉัน-ขอนแก่น/","true","false","false","","","HOLD_NOINDEX","LEGACY_CONTENT","READY","legacy-posts",""
"/รับซื้อmacbookขอนแก่น/","ACTIVE","true","/รับซื้อmacbookขอนแก่น/","true","false","false","","","HOLD_NOINDEX","LEGACY_CONTENT","READY","legacy-posts",""
"/รับซื้อกระดาษ-a4/","GONE","false","/รับซื้อกระดาษ-a4/","false","true","false","","","GONE","NOT_APPLICABLE","READY","gone-paths.ts",""
"/รับซื้อกล้อง-canon-2/","ACTIVE","true","/รับซื้อกล้อง-canon-2/","true","false","false","","HOLD_NOINDEX","HOLD_NOINDEX","PENDING_REVIEW","READY","survivor-hold",""
"/รับซื้อกล้อง-canon/","ACTIVE","true","/รับซื้อกล้อง-canon/","true","false","false","","REBUILD_INDEX","INDEX","CONTENT_REQUIRED","READY","survivor-rebuild",""
"/รับซื้อกล้อง-fujifilm-x-a-5/","ACTIVE","true","/รับซื้อกล้อง-fujifilm-x-a-5/","true","false","false","","","HOLD_NOINDEX","LEGACY_CONTENT","READY","legacy-posts",""
"/รับซื้อกล้อง-fujifilm-x-a3-รับซื้อ/","ACTIVE","true","/รับซื้อกล้อง-fujifilm-x-a3-รับซื้อ/","true","false","false","","","HOLD_NOINDEX","LEGACY_CONTENT","READY","legacy-posts",""
"/รับซื้อกล้อง-fujifilm-x-a7-รับซื้อ/","ACTIVE","true","/รับซื้อกล้อง-fujifilm-x-a7-รับซื้อ/","true","false","false","","","HOLD_NOINDEX","LEGACY_CONTENT","READY","legacy-posts",""
"/รับซื้อกล้อง-fujifilm-x-t100/","ACTIVE","true","/รับซื้อกล้อง-fujifilm-x-t100/","true","false","false","","","HOLD_NOINDEX","LEGACY_CONTENT","READY","legacy-posts",""
"/รับซื้อกล้อง-fujifilm-x-t200-รับซื้อ/","ACTIVE","true","/รับซื้อกล้อง-fujifilm-x-t200-รับซื้อ/","true","false","false","","","HOLD_NOINDEX","LEGACY_CONTENT","READY","legacy-posts",""
"/รับซื้อกล้อง-fujifilm-ฟูจิฟิล์ม/","ACTIVE","true","/รับซื้อกล้อง-fujifilm-ฟูจิฟิล์ม/","true","false","false","","","HOLD_NOINDEX","LEGACY_CONTENT","READY","legacy-posts",""
"/รับซื้อกล้อง-fujifilm/","ACTIVE","true","/รับซื้อกล้อง-fujifilm/","true","false","false","","","HOLD_NOINDEX","LEGACY_CONTENT","READY","legacy-posts",""
"/รับซื้อกล้อง-mirrorless/","ACTIVE","true","/รับซื้อกล้อง-mirrorless/","true","false","false","","","HOLD_NOINDEX","LEGACY_CONTENT","READY","legacy-posts",""
"/รับซื้อกล้อง-nikon-รับซื้อกล/","ACTIVE","true","/รับซื้อกล้อง-nikon-รับซื้อกล/","true","false","false","","REBUILD_INDEX","INDEX","CONTENT_REQUIRED","READY","survivor-rebuild",""
"/รับซื้อกล้อง-sony-a6400/","ACTIVE","true","/รับซื้อกล้อง-sony-a6400/","true","false","false","","REBUILD_INDEX","INDEX","CONTENT_REQUIRED","READY","survivor-rebuild",""
"/รับซื้อกล้อง-sony-a7/","ACTIVE","true","/รับซื้อกล้อง-sony-a7/","true","false","false","","HOLD_NOINDEX","HOLD_NOINDEX","PENDING_REVIEW","READY","survivor-hold",""
"/รับซื้อกล้อง-sony-rx100/","ACTIVE","true","/รับซื้อกล้อง-sony-rx100/","true","false","false","","HOLD_NOINDEX","HOLD_NOINDEX","PENDING_REVIEW","READY","survivor-hold",""
"/รับซื้อกล้อง-sony/","ACTIVE","true","/รับซื้อกล้อง-sony/","true","false","false","","","HOLD_NOINDEX","LEGACY_CONTENT","READY","legacy-posts",""
"/รับซื้อกล้อง-กาญจนบุรี/","ACTIVE","true","/รับซื้อกล้อง-กาญจนบุรี/","true","false","false","","","HOLD_NOINDEX","LEGACY_CONTENT","READY","legacy-posts",""
"/รับซื้อกล้อง-กาฬสินธุ์/","ACTIVE","true","/รับซื้อกล้อง-กาฬสินธุ์/","true","false","false","","","HOLD_NOINDEX","LEGACY_CONTENT","READY","legacy-posts",""
"/รับซื้อกล้อง-กำแพงเพชร/","ACTIVE","true","/รับซื้อกล้อง-กำแพงเพชร/","true","false","false","","","HOLD_NOINDEX","LEGACY_CONTENT","READY","legacy-posts",""
"/รับซื้อกล้อง-ขอนแก่น/","ACTIVE","true","/รับซื้อกล้อง-ขอนแก่น/","true","false","false","","","HOLD_NOINDEX","LEGACY_CONTENT","READY","legacy-posts",""
"/รับซื้อกล้อง-ฉะเชิงเทรา/","ACTIVE","true","/รับซื้อกล้อง-ฉะเชิงเทรา/","true","false","false","","","HOLD_NOINDEX","LEGACY_CONTENT","READY","legacy-posts",""
"/รับซื้อกล้อง-ชลบุรี/","ACTIVE","true","/รับซื้อกล้อง-ชลบุรี/","true","false","false","","","HOLD_NOINDEX","LEGACY_CONTENT","READY","legacy-posts",""
"/รับซื้อกล้อง-ชุมพร/","ACTIVE","true","/รับซื้อกล้อง-ชุมพร/","true","false","false","","","HOLD_NOINDEX","LEGACY_CONTENT","READY","legacy-posts",""
"/รับซื้อกล้อง-ตรัง/","ACTIVE","true","/รับซื้อกล้อง-ตรัง/","true","false","false","","","HOLD_NOINDEX","LEGACY_CONTENT","READY","legacy-posts",""
"/รับซื้อกล้อง-ตราด/","ACTIVE","true","/รับซื้อกล้อง-ตราด/","true","false","false","","","HOLD_NOINDEX","LEGACY_CONTENT","READY","legacy-posts",""
"/รับซื้อกล้อง-ตาก/","ACTIVE","true","/รับซื้อกล้อง-ตาก/","true","false","false","","","HOLD_NOINDEX","LEGACY_CONTENT","READY","legacy-posts",""
"/รับซื้อกล้อง-นครปฐม/","ACTIVE","true","/รับซื้อกล้อง-นครปฐม/","true","false","false","","","HOLD_NOINDEX","LEGACY_CONTENT","READY","legacy-posts",""
"/รับซื้อกล้อง-นครพนม-บริก/","ACTIVE","true","/รับซื้อกล้อง-นครพนม-บริก/","true","false","false","","","HOLD_NOINDEX","LEGACY_CONTENT","READY","legacy-posts",""
"/รับซื้อกล้อง-น่าน/","ACTIVE","true","/รับซื้อกล้อง-น่าน/","true","false","false","","","HOLD_NOINDEX","LEGACY_CONTENT","READY","legacy-posts",""
"/รับซื้อกล้อง-ปราจีนบุรี/","ACTIVE","true","/รับซื้อกล้อง-ปราจีนบุรี/","true","false","false","","","HOLD_NOINDEX","LEGACY_CONTENT","READY","legacy-posts",""
"/รับซื้อกล้อง-พังงา/","ACTIVE","true","/รับซื้อกล้อง-พังงา/","true","false","false","","","HOLD_NOINDEX","LEGACY_CONTENT","READY","legacy-posts",""
"/รับซื้อกล้อง-พิษณุโลก/","ACTIVE","true","/รับซื้อกล้อง-พิษณุโลก/","true","false","false","","","HOLD_NOINDEX","LEGACY_CONTENT","READY","legacy-posts",""
"/รับซื้อกล้อง-ภูเก็ต/","ACTIVE","true","/รับซื้อกล้อง-ภูเก็ต/","true","false","false","","","HOLD_NOINDEX","LEGACY_CONTENT","READY","legacy-posts",""
"/รับซื้อกล้อง-มหาสารคาม/","ACTIVE","true","/รับซื้อกล้อง-มหาสารคาม/","true","false","false","","","HOLD_NOINDEX","LEGACY_CONTENT","READY","legacy-posts",""
"/รับซื้อกล้อง-ยะลา/","ACTIVE","true","/รับซื้อกล้อง-ยะลา/","true","false","false","","","HOLD_NOINDEX","LEGACY_CONTENT","READY","legacy-posts",""
"/รับซื้อกล้อง-ยโสธร/","ACTIVE","false","/รับซื้อกล้อง-ยโสธร/","false","false","false","","","HOLD_NOINDEX","LEGACY_CONTENT","READY","legacy-posts",""
"/รับซื้อกล้อง-ระนอง/","ACTIVE","true","/รับซื้อกล้อง-ระนอง/","true","false","false","","","HOLD_NOINDEX","LEGACY_CONTENT","READY","legacy-posts",""
"/รับซื้อกล้อง-รับซื้อกล้/","ACTIVE","true","/รับซื้อกล้อง-รับซื้อกล้/","true","false","false","","HOLD_NOINDEX","HOLD_NOINDEX","PENDING_REVIEW","READY","survivor-hold",""
"/รับซื้อกล้อง-รับซื้อเลน/","ACTIVE","true","/รับซื้อกล้อง-รับซื้อเลน/","true","false","false","","HOLD_NOINDEX","HOLD_NOINDEX","PENDING_REVIEW","READY","survivor-hold",""
"/รับซื้อกล้อง-ศรีสะเกษ/","ACTIVE","true","/รับซื้อกล้อง-ศรีสะเกษ/","true","false","false","","","HOLD_NOINDEX","LEGACY_CONTENT","READY","legacy-posts",""
"/รับซื้อกล้อง-สกลนคร/","ACTIVE","true","/รับซื้อกล้อง-สกลนคร/","true","false","false","","","HOLD_NOINDEX","LEGACY_CONTENT","READY","legacy-posts",""
"/รับซื้อกล้อง-สมุทรสงคราม/","ACTIVE","true","/รับซื้อกล้อง-สมุทรสงคราม/","true","false","false","","","HOLD_NOINDEX","LEGACY_CONTENT","READY","legacy-posts",""
"/รับซื้อกล้อง-สมุทรสาคร/","ACTIVE","true","/รับซื้อกล้อง-สมุทรสาคร/","true","false","false","","","HOLD_NOINDEX","LEGACY_CONTENT","READY","legacy-posts",""
"/รับซื้อกล้อง-หนองบัวลำภู/","ACTIVE","true","/รับซื้อกล้อง-หนองบัวลำภู/","true","false","false","","","HOLD_NOINDEX","LEGACY_CONTENT","READY","legacy-posts",""
"/รับซื้อกล้อง-อุดรธานี/","ACTIVE","true","/รับซื้อกล้อง-อุดรธานี/","true","false","false","","","HOLD_NOINDEX","LEGACY_CONTENT","READY","legacy-posts",""
"/รับซื้อกล้อง-อุทัยธานี/","ACTIVE","true","/รับซื้อกล้อง-อุทัยธานี/","true","false","false","","","HOLD_NOINDEX","LEGACY_CONTENT","READY","legacy-posts",""
"/รับซื้อกล้อง-อ่างทอง/","ACTIVE","true","/รับซื้อกล้อง-อ่างทอง/","true","false","false","","","HOLD_NOINDEX","LEGACY_CONTENT","READY","legacy-posts",""
"/รับซื้อกล้อง-เชียงราย/","ACTIVE","true","/รับซื้อกล้อง-เชียงราย/","true","false","false","","","HOLD_NOINDEX","LEGACY_CONTENT","READY","legacy-posts",""
"/รับซื้อกล้อง-เชียงใหม่/","ACTIVE","true","/รับซื้อกล้อง-เชียงใหม่/","true","false","false","","","HOLD_NOINDEX","LEGACY_CONTENT","READY","legacy-posts",""
"/รับซื้อกล้อง-เพชรบุรี/","ACTIVE","true","/รับซื้อกล้อง-เพชรบุรี/","true","false","false","","","HOLD_NOINDEX","LEGACY_CONTENT","READY","legacy-posts",""
"/รับซื้อกล้อง-แพร่/","ACTIVE","true","/รับซื้อกล้อง-แพร่/","true","false","false","","","HOLD_NOINDEX","LEGACY_CONTENT","READY","legacy-posts",""
"/รับซื้อกล้อง-ใกล้ฉัน/","REDIRECT","false","/รับซื้อกล้อง-ใกล้ฉัน/","false","false","true","/รับซื้อกล้อง/","EXISTING_REDIRECT","REDIRECT","NOT_APPLICABLE","READY","redirects",""
"/รับซื้อกล้อง-ให้ราคาสูง/","ACTIVE","true","/รับซื้อกล้อง-ให้ราคาสูง/","true","false","false","","HOLD_NOINDEX","HOLD_NOINDEX","PENDING_REVIEW","READY","survivor-hold",""
"/รับซื้อกล้องกล้อง-olympus/","ACTIVE","true","/รับซื้อกล้องกล้อง-olympus/","true","false","false","","","HOLD_NOINDEX","LEGACY_CONTENT","READY","legacy-posts",""
"/รับซื้อกล้องถ่ายรูป-รั/","ACTIVE","true","/รับซื้อกล้องถ่ายรูป-รั/","true","false","false","","","HOLD_NOINDEX","LEGACY_CONTENT","READY","legacy-posts",""
"/รับซื้อกล้องถ่ายรูป-ศรี/","ACTIVE","true","/รับซื้อกล้องถ่ายรูป-ศรี/","true","false","false","","","HOLD_NOINDEX","LEGACY_CONTENT","READY","legacy-posts",""
"/รับซื้อกล้องถ่ายรูป-อำน/","ACTIVE","true","/รับซื้อกล้องถ่ายรูป-อำน/","true","false","false","","","HOLD_NOINDEX","LEGACY_CONTENT","READY","legacy-posts",""
"/รับซื้อกล้องถ่ายรูป/","ACTIVE","true","/รับซื้อกล้องถ่ายรูป/","true","false","false","","REBUILD_INDEX","INDEX","CONTENT_REQUIRED","READY","survivor-rebuild",""
"/รับซื้อกล้องถ่ายรูปจัง/","ACTIVE","true","/รับซื้อกล้องถ่ายรูปจัง/","true","false","false","","","HOLD_NOINDEX","LEGACY_CONTENT","READY","legacy-posts",""
"/รับซื้อกล้องนครราชสีมา/","ACTIVE","true","/รับซื้อกล้องนครราชสีมา/","true","false","false","","HOLD_NOINDEX","HOLD_NOINDEX","PENDING_REVIEW","READY","survivor-hold",""
"/รับซื้อกล้องฟูจิฟิล์ม-ข/","ACTIVE","true","/รับซื้อกล้องฟูจิฟิล์ม-ข/","true","false","false","","","HOLD_NOINDEX","LEGACY_CONTENT","READY","legacy-posts",""
"/รับซื้อกล้องมือสอง-กาฬ-2/","GONE","false","/รับซื้อกล้องมือสอง-กาฬ-2/","false","true","false","","","GONE","NOT_APPLICABLE","READY","gone-paths.ts",""
"/รับซื้อกล้องมือสอง-กาฬส/","ACTIVE","true","/รับซื้อกล้องมือสอง-กาฬส/","true","false","false","","","HOLD_NOINDEX","LEGACY_CONTENT","READY","legacy-posts",""
"/รับซื้อกล้องมือสอง-ขอน-2/","GONE","false","/รับซื้อกล้องมือสอง-ขอน-2/","false","true","false","","","GONE","NOT_APPLICABLE","READY","gone-paths.ts",""
"/รับซื้อกล้องมือสอง-ขอนแ/","ACTIVE","true","/รับซื้อกล้องมือสอง-ขอนแ/","true","false","false","","","HOLD_NOINDEX","LEGACY_CONTENT","READY","legacy-posts",""
"/รับซื้อกล้องมือสอง-บริก/","ACTIVE","true","/รับซื้อกล้องมือสอง-บริก/","true","false","false","","","HOLD_NOINDEX","LEGACY_CONTENT","READY","legacy-posts",""
"/รับซื้อกล้องมือสอง-บุรี/","REDIRECT","false","/รับซื้อกล้องมือสอง-บุรี/","false","false","true","/รับซื้อกล้อง/","","REDIRECT","NOT_APPLICABLE","READY","redirects",""
"/รับซื้อกล้องมือสอง-มหาส/","ACTIVE","true","/รับซื้อกล้องมือสอง-มหาส/","true","false","false","","","HOLD_NOINDEX","LEGACY_CONTENT","READY","legacy-posts",""
"/รับซื้อกล้องมือสอง-ยโสธ/","ACTIVE","true","/รับซื้อกล้องมือสอง-ยโสธ/","true","false","false","","","HOLD_NOINDEX","LEGACY_CONTENT","READY","legacy-posts",""
"/รับซื้อกล้องมือสอง-ร้อ-2/","GONE","false","/รับซื้อกล้องมือสอง-ร้อ-2/","false","true","false","","","GONE","NOT_APPLICABLE","READY","gone-paths.ts",""
"/รับซื้อกล้องมือสอง-ร้อย/","ACTIVE","true","/รับซื้อกล้องมือสอง-ร้อย/","true","false","false","","","HOLD_NOINDEX","LEGACY_CONTENT","READY","legacy-posts",""
"/รับซื้อกล้องมือสอง-ศรีส/","ACTIVE","true","/รับซื้อกล้องมือสอง-ศรีส/","true","false","false","","","HOLD_NOINDEX","LEGACY_CONTENT","READY","legacy-posts",""
"/รับซื้อกล้องมือสอง-อำน-2/","GONE","false","/รับซื้อกล้องมือสอง-อำน-2/","false","true","false","","","GONE","NOT_APPLICABLE","READY","gone-paths.ts",""
"/รับซื้อกล้องมือสอง-อำนา/","ACTIVE","true","/รับซื้อกล้องมือสอง-อำนา/","true","false","false","","","HOLD_NOINDEX","LEGACY_CONTENT","READY","legacy-posts",""
"/รับซื้อกล้องมือสอง-อุดร/","ACTIVE","true","/รับซื้อกล้องมือสอง-อุดร/","true","false","false","","","HOLD_NOINDEX","LEGACY_CONTENT","READY","legacy-posts",""
"/รับซื้อกล้องมือสอง-อุบล/","ACTIVE","true","/รับซื้อกล้องมือสอง-อุบล/","true","false","false","","","HOLD_NOINDEX","LEGACY_CONTENT","READY","legacy-posts",""
"/รับซื้อกล้องมือสอง-โครา/","ACTIVE","true","/รับซื้อกล้องมือสอง-โครา/","true","false","false","","","HOLD_NOINDEX","LEGACY_CONTENT","READY","legacy-posts",""
"/รับซื้อกล้องมือสอง/","ACTIVE","true","/รับซื้อกล้องมือสอง/","true","false","false","","","HOLD_NOINDEX","LEGACY_CONTENT","READY","legacy-posts",""
"/รับซื้อกล้องมือสองกาฬ/","ACTIVE","true","/รับซื้อกล้องมือสองกาฬ/","true","false","false","","HOLD_NOINDEX","HOLD_NOINDEX","PENDING_REVIEW","READY","survivor-hold",""
"/รับซื้อกล้องมือสองขอนแ-2/","ACTIVE","true","/รับซื้อกล้องมือสองขอนแ-2/","true","false","false","","","HOLD_NOINDEX","LEGACY_CONTENT","READY","legacy-posts",""
"/รับซื้อกล้องมือสองขอนแ/","ACTIVE","true","/รับซื้อกล้องมือสองขอนแ/","true","false","false","","HOLD_NOINDEX","HOLD_NOINDEX","PENDING_REVIEW","READY","survivor-hold",""
"/รับซื้อกล้องมือสองนครร/","ACTIVE","true","/รับซื้อกล้องมือสองนครร/","true","false","false","","HOLD_NOINDEX","HOLD_NOINDEX","PENDING_REVIEW","READY","survivor-hold",""
"/รับซื้อกล้องมือสองบึง/","ACTIVE","true","/รับซื้อกล้องมือสองบึง/","true","false","false","","HOLD_NOINDEX","HOLD_NOINDEX","PENDING_REVIEW","READY","survivor-hold",""
"/รับซื้อกล้องมือสองบุรี/","ACTIVE","true","/รับซื้อกล้องมือสองบุรี/","true","false","false","","HOLD_NOINDEX","HOLD_NOINDEX","PENDING_REVIEW","READY","survivor-hold",""
"/รับซื้อกล้องมือสองมหา/","ACTIVE","true","/รับซื้อกล้องมือสองมหา/","true","false","false","","HOLD_NOINDEX","HOLD_NOINDEX","PENDING_REVIEW","READY","survivor-hold",""
"/รับซื้อกล้องมือสองมุก/","ACTIVE","true","/รับซื้อกล้องมือสองมุก/","true","false","false","","HOLD_NOINDEX","HOLD_NOINDEX","PENDING_REVIEW","READY","survivor-hold",""
"/รับซื้อกล้องมือสองมุกด/","ACTIVE","true","/รับซื้อกล้องมือสองมุกด/","true","false","false","","HOLD_NOINDEX","HOLD_NOINDEX","PENDING_REVIEW","READY","survivor-hold",""
"/รับซื้อกล้องมือสองยโสธ/","ACTIVE","true","/รับซื้อกล้องมือสองยโสธ/","true","false","false","","HOLD_NOINDEX","HOLD_NOINDEX","PENDING_REVIEW","READY","survivor-hold",""
"/รับซื้อกล้องมือสองศรี/","ACTIVE","true","/รับซื้อกล้องมือสองศรี/","true","false","false","","HOLD_NOINDEX","HOLD_NOINDEX","PENDING_REVIEW","READY","survivor-hold",""
"/รับซื้อกล้องมือสองสุร/","ACTIVE","true","/รับซื้อกล้องมือสองสุร/","true","false","false","","HOLD_NOINDEX","HOLD_NOINDEX","PENDING_REVIEW","READY","survivor-hold",""
"/รับซื้อกล้องมือสองหนอ/","ACTIVE","true","/รับซื้อกล้องมือสองหนอ/","true","false","false","","HOLD_NOINDEX","HOLD_NOINDEX","PENDING_REVIEW","READY","survivor-hold",""
"/รับซื้อกล้องมือสองอุดร/","ACTIVE","true","/รับซื้อกล้องมือสองอุดร/","true","false","false","","HOLD_NOINDEX","HOLD_NOINDEX","PENDING_REVIEW","READY","survivor-hold",""
"/รับซื้อกล้องมือสองอุบล/","ACTIVE","true","/รับซื้อกล้องมือสองอุบล/","true","false","false","","HOLD_NOINDEX","HOLD_NOINDEX","PENDING_REVIEW","READY","survivor-hold",""
"/รับซื้อกล้องเลนส์/","ACTIVE","true","/รับซื้อกล้องเลนส์/","true","false","false","","HOLD_NOINDEX","HOLD_NOINDEX","PENDING_REVIEW","READY","survivor-hold",""
"/รับซื้อการ์ดจอมือสอง-อ-10/","ACTIVE","true","/รับซื้อการ์ดจอมือสอง-อ-10/","true","false","false","","","HOLD_NOINDEX","LEGACY_CONTENT","READY","legacy-posts",""
"/รับซื้อการ์ดจอมือสอง-อ-11/","ACTIVE","true","/รับซื้อการ์ดจอมือสอง-อ-11/","true","false","false","","","HOLD_NOINDEX","LEGACY_CONTENT","READY","legacy-posts",""
"/รับซื้อการ์ดจอมือสอง-อ-12/","ACTIVE","true","/รับซื้อการ์ดจอมือสอง-อ-12/","true","false","false","","","HOLD_NOINDEX","LEGACY_CONTENT","READY","legacy-posts",""
"/รับซื้อการ์ดจอมือสอง-อ-13/","ACTIVE","true","/รับซื้อการ์ดจอมือสอง-อ-13/","true","false","false","","","HOLD_NOINDEX","LEGACY_CONTENT","READY","legacy-posts",""
"/รับซื้อการ์ดจอมือสอง-อ-14/","ACTIVE","true","/รับซื้อการ์ดจอมือสอง-อ-14/","true","false","false","","","HOLD_NOINDEX","LEGACY_CONTENT","READY","legacy-posts",""
"/รับซื้อการ์ดจอมือสอง-อ-15/","ACTIVE","true","/รับซื้อการ์ดจอมือสอง-อ-15/","true","false","false","","","HOLD_NOINDEX","LEGACY_CONTENT","READY","legacy-posts",""
"/รับซื้อการ์ดจอมือสอง-อ-16/","ACTIVE","true","/รับซื้อการ์ดจอมือสอง-อ-16/","true","false","false","","","HOLD_NOINDEX","LEGACY_CONTENT","READY","legacy-posts",""
"/รับซื้อการ์ดจอมือสอง-อ-17/","ACTIVE","true","/รับซื้อการ์ดจอมือสอง-อ-17/","true","false","false","","","HOLD_NOINDEX","LEGACY_CONTENT","READY","legacy-posts",""
"/รับซื้อการ์ดจอมือสอง-อ-18/","ACTIVE","true","/รับซื้อการ์ดจอมือสอง-อ-18/","true","false","false","","","HOLD_NOINDEX","LEGACY_CONTENT","READY","legacy-posts",""
"/รับซื้อการ์ดจอมือสอง-อ-19/","ACTIVE","true","/รับซื้อการ์ดจอมือสอง-อ-19/","true","false","false","","","HOLD_NOINDEX","LEGACY_CONTENT","READY","legacy-posts",""
"/รับซื้อการ์ดจอมือสอง-อ-2/","ACTIVE","true","/รับซื้อการ์ดจอมือสอง-อ-2/","true","false","false","","","HOLD_NOINDEX","LEGACY_CONTENT","READY","legacy-posts",""
"/รับซื้อการ์ดจอมือสอง-อ-20/","ACTIVE","true","/รับซื้อการ์ดจอมือสอง-อ-20/","true","false","false","","","HOLD_NOINDEX","LEGACY_CONTENT","READY","legacy-posts",""
"/รับซื้อการ์ดจอมือสอง-อ-21/","ACTIVE","true","/รับซื้อการ์ดจอมือสอง-อ-21/","true","false","false","","","HOLD_NOINDEX","LEGACY_CONTENT","READY","legacy-posts",""
"/รับซื้อการ์ดจอมือสอง-อ-22/","ACTIVE","true","/รับซื้อการ์ดจอมือสอง-อ-22/","true","false","false","","","HOLD_NOINDEX","LEGACY_CONTENT","READY","legacy-posts",""
"/รับซื้อการ์ดจอมือสอง-อ-23/","ACTIVE","true","/รับซื้อการ์ดจอมือสอง-อ-23/","true","false","false","","","HOLD_NOINDEX","LEGACY_CONTENT","READY","legacy-posts",""
"/รับซื้อการ์ดจอมือสอง-อ-24/","ACTIVE","true","/รับซื้อการ์ดจอมือสอง-อ-24/","true","false","false","","","HOLD_NOINDEX","LEGACY_CONTENT","READY","legacy-posts",""
"/รับซื้อการ์ดจอมือสอง-อ-25/","ACTIVE","true","/รับซื้อการ์ดจอมือสอง-อ-25/","true","false","false","","","HOLD_NOINDEX","LEGACY_CONTENT","READY","legacy-posts",""
"/รับซื้อการ์ดจอมือสอง-อ-26/","ACTIVE","true","/รับซื้อการ์ดจอมือสอง-อ-26/","true","false","false","","","HOLD_NOINDEX","LEGACY_CONTENT","READY","legacy-posts",""
"/รับซื้อการ์ดจอมือสอง-อ-27/","ACTIVE","true","/รับซื้อการ์ดจอมือสอง-อ-27/","true","false","false","","","HOLD_NOINDEX","LEGACY_CONTENT","READY","legacy-posts",""
"/รับซื้อการ์ดจอมือสอง-อ-28/","ACTIVE","true","/รับซื้อการ์ดจอมือสอง-อ-28/","true","false","false","","","HOLD_NOINDEX","LEGACY_CONTENT","READY","legacy-posts",""
"/รับซื้อการ์ดจอมือสอง-อ-29/","ACTIVE","true","/รับซื้อการ์ดจอมือสอง-อ-29/","true","false","false","","","HOLD_NOINDEX","LEGACY_CONTENT","READY","legacy-posts",""
"/รับซื้อการ์ดจอมือสอง-อ-3/","ACTIVE","true","/รับซื้อการ์ดจอมือสอง-อ-3/","true","false","false","","","HOLD_NOINDEX","LEGACY_CONTENT","READY","legacy-posts",""
"/รับซื้อการ์ดจอมือสอง-อ-4/","ACTIVE","true","/รับซื้อการ์ดจอมือสอง-อ-4/","true","false","false","","","HOLD_NOINDEX","LEGACY_CONTENT","READY","legacy-posts",""
"/รับซื้อการ์ดจอมือสอง-อ-5/","ACTIVE","true","/รับซื้อการ์ดจอมือสอง-อ-5/","true","false","false","","","HOLD_NOINDEX","LEGACY_CONTENT","READY","legacy-posts",""
"/รับซื้อการ์ดจอมือสอง-อ-6/","ACTIVE","true","/รับซื้อการ์ดจอมือสอง-อ-6/","true","false","false","","","HOLD_NOINDEX","LEGACY_CONTENT","READY","legacy-posts",""
"/รับซื้อการ์ดจอมือสอง-อ-7/","ACTIVE","true","/รับซื้อการ์ดจอมือสอง-อ-7/","true","false","false","","","HOLD_NOINDEX","LEGACY_CONTENT","READY","legacy-posts",""
"/รับซื้อการ์ดจอมือสอง-อ-8/","ACTIVE","true","/รับซื้อการ์ดจอมือสอง-อ-8/","true","false","false","","","HOLD_NOINDEX","LEGACY_CONTENT","READY","legacy-posts",""
"/รับซื้อการ์ดจอมือสอง-อ-9/","ACTIVE","true","/รับซื้อการ์ดจอมือสอง-อ-9/","true","false","false","","","HOLD_NOINDEX","LEGACY_CONTENT","READY","legacy-posts",""
"/รับซื้อการ์ดจอมือสอง-อำ/","ACTIVE","true","/รับซื้อการ์ดจอมือสอง-อำ/","true","false","false","","","HOLD_NOINDEX","LEGACY_CONTENT","READY","legacy-posts",""
"/รับซื้อการ์ดจอมือสอง-เ-10/","ACTIVE","true","/รับซื้อการ์ดจอมือสอง-เ-10/","true","false","false","","","HOLD_NOINDEX","LEGACY_CONTENT","READY","legacy-posts",""
"/รับซื้อการ์ดจอมือสอง-เ-11/","ACTIVE","true","/รับซื้อการ์ดจอมือสอง-เ-11/","true","false","false","","","HOLD_NOINDEX","LEGACY_CONTENT","READY","legacy-posts",""
"/รับซื้อการ์ดจอมือสอง-เ-12/","ACTIVE","true","/รับซื้อการ์ดจอมือสอง-เ-12/","true","false","false","","","HOLD_NOINDEX","LEGACY_CONTENT","READY","legacy-posts",""
"/รับซื้อการ์ดจอมือสอง-เ-13/","ACTIVE","true","/รับซื้อการ์ดจอมือสอง-เ-13/","true","false","false","","","HOLD_NOINDEX","LEGACY_CONTENT","READY","legacy-posts",""
"/รับซื้อการ์ดจอมือสอง-เ-14/","ACTIVE","true","/รับซื้อการ์ดจอมือสอง-เ-14/","true","false","false","","","HOLD_NOINDEX","LEGACY_CONTENT","READY","legacy-posts",""
"/รับซื้อการ์ดจอมือสอง-เ-15/","ACTIVE","true","/รับซื้อการ์ดจอมือสอง-เ-15/","true","false","false","","","HOLD_NOINDEX","LEGACY_CONTENT","READY","legacy-posts",""
"/รับซื้อการ์ดจอมือสอง-เ-16/","ACTIVE","true","/รับซื้อการ์ดจอมือสอง-เ-16/","true","false","false","","","HOLD_NOINDEX","LEGACY_CONTENT","READY","legacy-posts",""
"/รับซื้อการ์ดจอมือสอง-เ-17/","ACTIVE","true","/รับซื้อการ์ดจอมือสอง-เ-17/","true","false","false","","","HOLD_NOINDEX","LEGACY_CONTENT","READY","legacy-posts",""
"/รับซื้อการ์ดจอมือสอง-เ-18/","ACTIVE","true","/รับซื้อการ์ดจอมือสอง-เ-18/","true","false","false","","","HOLD_NOINDEX","LEGACY_CONTENT","READY","legacy-posts",""
"/รับซื้อการ์ดจอมือสอง-เ-19/","ACTIVE","true","/รับซื้อการ์ดจอมือสอง-เ-19/","true","false","false","","","HOLD_NOINDEX","LEGACY_CONTENT","READY","legacy-posts",""
"/รับซื้อการ์ดจอมือสอง-เ-2/","ACTIVE","true","/รับซื้อการ์ดจอมือสอง-เ-2/","true","false","false","","","HOLD_NOINDEX","LEGACY_CONTENT","READY","legacy-posts",""
"/รับซื้อการ์ดจอมือสอง-เ-20/","ACTIVE","true","/รับซื้อการ์ดจอมือสอง-เ-20/","true","false","false","","","HOLD_NOINDEX","LEGACY_CONTENT","READY","legacy-posts",""
"/รับซื้อการ์ดจอมือสอง-เ-21/","ACTIVE","true","/รับซื้อการ์ดจอมือสอง-เ-21/","true","false","false","","","HOLD_NOINDEX","LEGACY_CONTENT","READY","legacy-posts",""
"/รับซื้อการ์ดจอมือสอง-เ-22/","ACTIVE","true","/รับซื้อการ์ดจอมือสอง-เ-22/","true","false","false","","","HOLD_NOINDEX","LEGACY_CONTENT","READY","legacy-posts",""
"/รับซื้อการ์ดจอมือสอง-เ-23/","ACTIVE","true","/รับซื้อการ์ดจอมือสอง-เ-23/","true","false","false","","","HOLD_NOINDEX","LEGACY_CONTENT","READY","legacy-posts",""
"/รับซื้อการ์ดจอมือสอง-เ-24/","ACTIVE","true","/รับซื้อการ์ดจอมือสอง-เ-24/","true","false","false","","","HOLD_NOINDEX","LEGACY_CONTENT","READY","legacy-posts",""
"/รับซื้อการ์ดจอมือสอง-เ-25/","ACTIVE","true","/รับซื้อการ์ดจอมือสอง-เ-25/","true","false","false","","","HOLD_NOINDEX","LEGACY_CONTENT","READY","legacy-posts",""
"/รับซื้อการ์ดจอมือสอง-เ-26/","ACTIVE","true","/รับซื้อการ์ดจอมือสอง-เ-26/","true","false","false","","","HOLD_NOINDEX","LEGACY_CONTENT","READY","legacy-posts",""
"/รับซื้อการ์ดจอมือสอง-เ-27/","ACTIVE","true","/รับซื้อการ์ดจอมือสอง-เ-27/","true","false","false","","","HOLD_NOINDEX","LEGACY_CONTENT","READY","legacy-posts",""
"/รับซื้อการ์ดจอมือสอง-เ-28/","ACTIVE","true","/รับซื้อการ์ดจอมือสอง-เ-28/","true","false","false","","","HOLD_NOINDEX","LEGACY_CONTENT","READY","legacy-posts",""
"/รับซื้อการ์ดจอมือสอง-เ-29/","ACTIVE","true","/รับซื้อการ์ดจอมือสอง-เ-29/","true","false","false","","","HOLD_NOINDEX","LEGACY_CONTENT","READY","legacy-posts",""
"/รับซื้อการ์ดจอมือสอง-เ-3/","ACTIVE","true","/รับซื้อการ์ดจอมือสอง-เ-3/","true","false","false","","","HOLD_NOINDEX","LEGACY_CONTENT","READY","legacy-posts",""
"/รับซื้อการ์ดจอมือสอง-เ-30/","ACTIVE","true","/รับซื้อการ์ดจอมือสอง-เ-30/","true","false","false","","","HOLD_NOINDEX","LEGACY_CONTENT","READY","legacy-posts",""
"/รับซื้อการ์ดจอมือสอง-เ-31/","ACTIVE","true","/รับซื้อการ์ดจอมือสอง-เ-31/","true","false","false","","","HOLD_NOINDEX","LEGACY_CONTENT","READY","legacy-posts",""
"/รับซื้อการ์ดจอมือสอง-เ-32/","ACTIVE","true","/รับซื้อการ์ดจอมือสอง-เ-32/","true","false","false","","","HOLD_NOINDEX","LEGACY_CONTENT","READY","legacy-posts",""
"/รับซื้อการ์ดจอมือสอง-เ-33/","ACTIVE","true","/รับซื้อการ์ดจอมือสอง-เ-33/","true","false","false","","","HOLD_NOINDEX","LEGACY_CONTENT","READY","legacy-posts",""
"/รับซื้อการ์ดจอมือสอง-เ-34/","ACTIVE","true","/รับซื้อการ์ดจอมือสอง-เ-34/","true","false","false","","","HOLD_NOINDEX","LEGACY_CONTENT","READY","legacy-posts",""
"/รับซื้อการ์ดจอมือสอง-เ-35/","ACTIVE","true","/รับซื้อการ์ดจอมือสอง-เ-35/","true","false","false","","","HOLD_NOINDEX","LEGACY_CONTENT","READY","legacy-posts",""
"/รับซื้อการ์ดจอมือสอง-เ-36/","ACTIVE","true","/รับซื้อการ์ดจอมือสอง-เ-36/","true","false","false","","","HOLD_NOINDEX","LEGACY_CONTENT","READY","legacy-posts",""
"/รับซื้อการ์ดจอมือสอง-เ-37/","ACTIVE","true","/รับซื้อการ์ดจอมือสอง-เ-37/","true","false","false","","","HOLD_NOINDEX","LEGACY_CONTENT","READY","legacy-posts",""
"/รับซื้อการ์ดจอมือสอง-เ-38/","ACTIVE","true","/รับซื้อการ์ดจอมือสอง-เ-38/","true","false","false","","","HOLD_NOINDEX","LEGACY_CONTENT","READY","legacy-posts",""
"/รับซื้อการ์ดจอมือสอง-เ-39/","ACTIVE","true","/รับซื้อการ์ดจอมือสอง-เ-39/","true","false","false","","","HOLD_NOINDEX","LEGACY_CONTENT","READY","legacy-posts",""
"/รับซื้อการ์ดจอมือสอง-เ-4/","ACTIVE","true","/รับซื้อการ์ดจอมือสอง-เ-4/","true","false","false","","","HOLD_NOINDEX","LEGACY_CONTENT","READY","legacy-posts",""
"/รับซื้อการ์ดจอมือสอง-เ-40/","ACTIVE","true","/รับซื้อการ์ดจอมือสอง-เ-40/","true","false","false","","","HOLD_NOINDEX","LEGACY_CONTENT","READY","legacy-posts",""
"/รับซื้อการ์ดจอมือสอง-เ-41/","ACTIVE","true","/รับซื้อการ์ดจอมือสอง-เ-41/","true","false","false","","","HOLD_NOINDEX","LEGACY_CONTENT","READY","legacy-posts",""
"/รับซื้อการ์ดจอมือสอง-เ-42/","ACTIVE","true","/รับซื้อการ์ดจอมือสอง-เ-42/","true","false","false","","","HOLD_NOINDEX","LEGACY_CONTENT","READY","legacy-posts",""
"/รับซื้อการ์ดจอมือสอง-เ-43/","ACTIVE","true","/รับซื้อการ์ดจอมือสอง-เ-43/","true","false","false","","","HOLD_NOINDEX","LEGACY_CONTENT","READY","legacy-posts",""
"/รับซื้อการ์ดจอมือสอง-เ-44/","ACTIVE","true","/รับซื้อการ์ดจอมือสอง-เ-44/","true","false","false","","","HOLD_NOINDEX","LEGACY_CONTENT","READY","legacy-posts",""
"/รับซื้อการ์ดจอมือสอง-เ-45/","ACTIVE","true","/รับซื้อการ์ดจอมือสอง-เ-45/","true","false","false","","","HOLD_NOINDEX","LEGACY_CONTENT","READY","legacy-posts",""
"/รับซื้อการ์ดจอมือสอง-เ-46/","ACTIVE","true","/รับซื้อการ์ดจอมือสอง-เ-46/","true","false","false","","","HOLD_NOINDEX","LEGACY_CONTENT","READY","legacy-posts",""
"/รับซื้อการ์ดจอมือสอง-เ-47/","ACTIVE","true","/รับซื้อการ์ดจอมือสอง-เ-47/","true","false","false","","","HOLD_NOINDEX","LEGACY_CONTENT","READY","legacy-posts",""
"/รับซื้อการ์ดจอมือสอง-เ-48/","ACTIVE","true","/รับซื้อการ์ดจอมือสอง-เ-48/","true","false","false","","","HOLD_NOINDEX","LEGACY_CONTENT","READY","legacy-posts",""
"/รับซื้อการ์ดจอมือสอง-เ-49/","ACTIVE","true","/รับซื้อการ์ดจอมือสอง-เ-49/","true","false","false","","","HOLD_NOINDEX","LEGACY_CONTENT","READY","legacy-posts",""
"/รับซื้อการ์ดจอมือสอง-เ-5/","ACTIVE","true","/รับซื้อการ์ดจอมือสอง-เ-5/","true","false","false","","","HOLD_NOINDEX","LEGACY_CONTENT","READY","legacy-posts",""
"/รับซื้อการ์ดจอมือสอง-เ-50/","ACTIVE","true","/รับซื้อการ์ดจอมือสอง-เ-50/","true","false","false","","","HOLD_NOINDEX","LEGACY_CONTENT","READY","legacy-posts",""
"/รับซื้อการ์ดจอมือสอง-เ-6/","ACTIVE","true","/รับซื้อการ์ดจอมือสอง-เ-6/","true","false","false","","","HOLD_NOINDEX","LEGACY_CONTENT","READY","legacy-posts",""
"/รับซื้อการ์ดจอมือสอง-เ-7/","ACTIVE","true","/รับซื้อการ์ดจอมือสอง-เ-7/","true","false","false","","","HOLD_NOINDEX","LEGACY_CONTENT","READY","legacy-posts",""
"/รับซื้อการ์ดจอมือสอง-เ-8/","ACTIVE","true","/รับซื้อการ์ดจอมือสอง-เ-8/","true","false","false","","","HOLD_NOINDEX","LEGACY_CONTENT","READY","legacy-posts",""
"/รับซื้อการ์ดจอมือสอง-เ-9/","ACTIVE","true","/รับซื้อการ์ดจอมือสอง-เ-9/","true","false","false","","","HOLD_NOINDEX","LEGACY_CONTENT","READY","legacy-posts",""
"/รับซื้อการ์ดจอมือสอง-เข/","ACTIVE","true","/รับซื้อการ์ดจอมือสอง-เข/","true","false","false","","","HOLD_NOINDEX","LEGACY_CONTENT","READY","legacy-posts",""
"/รับซื้อคอม-ขอนแก่น/","ACTIVE","true","/รับซื้อคอม-ขอนแก่น/","true","false","false","","","HOLD_NOINDEX","LEGACY_CONTENT","READY","legacy-posts",""
"/รับซื้อคอม-ชัยนาท/","ACTIVE","true","/รับซื้อคอม-ชัยนาท/","true","false","false","","","HOLD_NOINDEX","LEGACY_CONTENT","READY","legacy-posts",""
"/รับซื้อคอม-ตาก/","ACTIVE","true","/รับซื้อคอม-ตาก/","true","false","false","","","HOLD_NOINDEX","LEGACY_CONTENT","READY","legacy-posts",""
"/รับซื้อคอม-นครปฐม/","ACTIVE","true","/รับซื้อคอม-นครปฐม/","true","false","false","","","HOLD_NOINDEX","LEGACY_CONTENT","READY","legacy-posts",""
"/รับซื้อคอม-นนทบุรี/","ACTIVE","true","/รับซื้อคอม-นนทบุรี/","true","false","false","","","HOLD_NOINDEX","LEGACY_CONTENT","READY","legacy-posts",""
"/รับซื้อคอม-พะเยา/","ACTIVE","true","/รับซื้อคอม-พะเยา/","true","false","false","","","HOLD_NOINDEX","LEGACY_CONTENT","READY","legacy-posts",""
"/รับซื้อคอม-สงขลา/","ACTIVE","true","/รับซื้อคอม-สงขลา/","true","false","false","","","HOLD_NOINDEX","LEGACY_CONTENT","READY","legacy-posts",""
"/รับซื้อคอม-สระบุรี/","ACTIVE","true","/รับซื้อคอม-สระบุรี/","true","false","false","","","HOLD_NOINDEX","LEGACY_CONTENT","READY","legacy-posts",""
"/รับซื้อคอม-สระแก้ว/","ACTIVE","true","/รับซื้อคอม-สระแก้ว/","true","false","false","","","HOLD_NOINDEX","LEGACY_CONTENT","READY","legacy-posts",""
"/รับซื้อคอม-สารคาม/","ACTIVE","false","/รับซื้อคอม-สารคาม/","false","false","false","","","HOLD_NOINDEX","LEGACY_CONTENT","READY","legacy-posts",""
"/รับซื้อคอม-หาดใหญ่/","ACTIVE","true","/รับซื้อคอม-หาดใหญ่/","true","false","false","","","HOLD_NOINDEX","LEGACY_CONTENT","READY","legacy-posts",""
"/รับซื้อคอม-อุดรธานี/","ACTIVE","true","/รับซื้อคอม-อุดรธานี/","true","false","false","","","HOLD_NOINDEX","LEGACY_CONTENT","READY","legacy-posts",""
"/รับซื้อคอม-เลย/","ACTIVE","true","/รับซื้อคอม-เลย/","true","false","false","","","HOLD_NOINDEX","LEGACY_CONTENT","READY","legacy-posts",""
"/รับซื้อคอม-ใกล้ฉัน/","REDIRECT","false","/รับซื้อคอม-ใกล้ฉัน/","false","false","true","/รับซื้อคอม/","","REDIRECT","NOT_APPLICABLE","READY","redirects",""
"/รับซื้อคอมบริษัท/","ACTIVE","false","/รับซื้อคอมบริษัท/","false","false","false","","","HOLD_NOINDEX","LEGACY_CONTENT","READY","legacy-posts",""
"/รับซื้อคอมประกอบ-ใกล้ฉัน/","REDIRECT","false","/รับซื้อคอมประกอบ-ใกล้ฉัน/","false","false","true","/รับซื้อคอมประกอบ/","","REDIRECT","NOT_APPLICABLE","READY","redirects",""
"/รับซื้อคอมพิวเตอร์-ภูเก/","REDIRECT","false","/รับซื้อคอมพิวเตอร์-ภูเก/","false","false","true","/รับซื้อคอม/","","REDIRECT","NOT_APPLICABLE","READY","redirects",""
"/รับซื้อคอมพิวเตอร์-ยโสธ/","ACTIVE","true","/รับซื้อคอมพิวเตอร์-ยโสธ/","true","false","false","","","HOLD_NOINDEX","LEGACY_CONTENT","READY","legacy-posts",""
"/รับซื้อคอมพิวเตอร์-ร้อย/","ACTIVE","true","/รับซื้อคอมพิวเตอร์-ร้อย/","true","false","false","","","HOLD_NOINDEX","LEGACY_CONTENT","READY","legacy-posts",""
"/รับซื้อคอมพิวเตอร์ภูเก-2/","ACTIVE","true","/รับซื้อคอมพิวเตอร์ภูเก-2/","true","false","false","","","HOLD_NOINDEX","LEGACY_CONTENT","READY","legacy-posts",""
"/รับซื้อคอมพิวเตอร์มือส-2/","ACTIVE","true","/รับซื้อคอมพิวเตอร์มือส-2/","true","false","false","","","HOLD_NOINDEX","LEGACY_CONTENT","READY","legacy-posts",""
"/รับซื้อคอมยกชุด/","ACTIVE","false","/รับซื้อคอมยกชุด/","false","false","false","","","HOLD_NOINDEX","LEGACY_CONTENT","READY","legacy-posts",""
"/รับซื้อคอมสเปคสูง/","ACTIVE","false","/รับซื้อคอมสเปคสูง/","false","false","false","","","HOLD_NOINDEX","LEGACY_CONTENT","READY","legacy-posts",""
"/รับซื้อคอมออฟฟิศ/","ACTIVE","false","/รับซื้อคอมออฟฟิศ/","false","false","false","","","HOLD_NOINDEX","LEGACY_CONTENT","READY","legacy-posts",""
"/รับซื้อคอมเล่นเกม/","ACTIVE","false","/รับซื้อคอมเล่นเกม/","false","false","false","","","HOLD_NOINDEX","LEGACY_CONTENT","READY","legacy-posts",""
"/รับซื้อจอคอม-อุบล/","ACTIVE","true","/รับซื้อจอคอม-อุบล/","true","false","false","","","HOLD_NOINDEX","LEGACY_CONTENT","READY","legacy-posts",""
"/รับซื้อชุดน้ำคอม-gaming/","ACTIVE","false","/รับซื้อชุดน้ำคอม-gaming/","false","false","false","","","HOLD_NOINDEX","LEGACY_CONTENT","READY","legacy-posts",""
"/รับซื้อซาก-server/","ACTIVE","false","/รับซื้อซาก-server/","false","false","false","","","HOLD_NOINDEX","LEGACY_CONTENT","READY","legacy-posts",""
"/รับซื้อซากโน๊ตบุ๊ค/","ACTIVE","false","/รับซื้อซากโน๊ตบุ๊ค/","false","false","false","","","HOLD_NOINDEX","LEGACY_CONTENT","READY","legacy-posts",""
"/รับซื้อตั๋วจำนำ/","GONE","false","/รับซื้อตั๋วจำนำ/","false","true","false","","","GONE","NOT_APPLICABLE","READY","gone-paths.ts",""
"/รับซื้อตั๋วจำนำกมลาไสย/","GONE","false","/รับซื้อตั๋วจำนำกมลาไสย/","false","true","false","","","GONE","NOT_APPLICABLE","READY","gone-paths.ts",""
"/รับซื้อตั๋วจำนำกันทรลั/","GONE","false","/รับซื้อตั๋วจำนำกันทรลั/","false","true","false","","","GONE","NOT_APPLICABLE","READY","gone-paths.ts",""
"/รับซื้อตั๋วจำนำกันทรวิ/","GONE","false","/รับซื้อตั๋วจำนำกันทรวิ/","false","true","false","","","GONE","NOT_APPLICABLE","READY","gone-paths.ts",""
"/รับซื้อตั๋วจำนำขุขันธ์/","GONE","false","/รับซื้อตั๋วจำนำขุขันธ์/","false","true","false","","","GONE","NOT_APPLICABLE","READY","gone-paths.ts",""
"/รับซื้อตั๋วจำนำคำชะอี/","GONE","false","/รับซื้อตั๋วจำนำคำชะอี/","false","true","false","","","GONE","NOT_APPLICABLE","READY","gone-paths.ts",""
"/รับซื้อตั๋วจำนำคำเขื่อ/","GONE","false","/รับซื้อตั๋วจำนำคำเขื่อ/","false","true","false","","","GONE","NOT_APPLICABLE","READY","gone-paths.ts",""
"/รับซื้อตั๋วจำนำจัตุรัส/","GONE","false","/รับซื้อตั๋วจำนำจัตุรัส/","false","true","false","","","GONE","NOT_APPLICABLE","READY","gone-paths.ts",""
"/รับซื้อตั๋วจำนำชานุมาน/","GONE","false","/รับซื้อตั๋วจำนำชานุมาน/","false","true","false","","","GONE","NOT_APPLICABLE","READY","gone-paths.ts",""
"/รับซื้อตั๋วจำนำชุมแพ/","GONE","false","/รับซื้อตั๋วจำนำชุมแพ/","false","true","false","","","GONE","NOT_APPLICABLE","READY","gone-paths.ts",""
"/รับซื้อตั๋วจำนำท่าบ่อ/","GONE","false","/รับซื้อตั๋วจำนำท่าบ่อ/","false","true","false","","","GONE","NOT_APPLICABLE","READY","gone-paths.ts",""
"/รับซื้อตั๋วจำนำธวัชบุร/","GONE","false","/รับซื้อตั๋วจำนำธวัชบุร/","false","true","false","","","GONE","NOT_APPLICABLE","READY","gone-paths.ts",""
"/รับซื้อตั๋วจำนำธาตุพนม/","GONE","false","/รับซื้อตั๋วจำนำธาตุพนม/","false","true","false","","","GONE","NOT_APPLICABLE","READY","gone-paths.ts",""
"/รับซื้อตั๋วจำนำนากลาง/","GONE","false","/รับซื้อตั๋วจำนำนากลาง/","false","true","false","","","GONE","NOT_APPLICABLE","READY","gone-paths.ts",""
"/รับซื้อตั๋วจำนำนางรอง/","GONE","false","/รับซื้อตั๋วจำนำนางรอง/","false","true","false","","","GONE","NOT_APPLICABLE","READY","gone-paths.ts",""
"/รับซื้อตั๋วจำนำนิคมคำส/","GONE","false","/รับซื้อตั๋วจำนำนิคมคำส/","false","true","false","","","GONE","NOT_APPLICABLE","READY","gone-paths.ts",""
"/รับซื้อตั๋วจำนำบ้านผือ/","GONE","false","/รับซื้อตั๋วจำนำบ้านผือ/","false","true","false","","","GONE","NOT_APPLICABLE","READY","gone-paths.ts",""
"/รับซื้อตั๋วจำนำบ้านเขว/","GONE","false","/รับซื้อตั๋วจำนำบ้านเขว/","false","true","false","","","GONE","NOT_APPLICABLE","READY","gone-paths.ts",""
"/รับซื้อตั๋วจำนำบ้านไผ่/","GONE","false","/รับซื้อตั๋วจำนำบ้านไผ่/","false","true","false","","","GONE","NOT_APPLICABLE","READY","gone-paths.ts",""
"/รับซื้อตั๋วจำนำปทุมราช/","GONE","false","/รับซื้อตั๋วจำนำปทุมราช/","false","true","false","","","GONE","NOT_APPLICABLE","READY","gone-paths.ts",""
"/รับซื้อตั๋วจำนำประโคนช/","GONE","false","/รับซื้อตั๋วจำนำประโคนช/","false","true","false","","","GONE","NOT_APPLICABLE","READY","gone-paths.ts",""
"/รับซื้อตั๋วจำนำปราสาท/","GONE","false","/รับซื้อตั๋วจำนำปราสาท/","false","true","false","","","GONE","NOT_APPLICABLE","READY","gone-paths.ts",""
"/รับซื้อตั๋วจำนำปากช่อง/","GONE","false","/รับซื้อตั๋วจำนำปากช่อง/","false","true","false","","","GONE","NOT_APPLICABLE","READY","gone-paths.ts",""
"/รับซื้อตั๋วจำนำพรเจริญ/","GONE","false","/รับซื้อตั๋วจำนำพรเจริญ/","false","true","false","","","GONE","NOT_APPLICABLE","READY","gone-paths.ts",""
"/รับซื้อตั๋วจำนำมหาชนะช/","GONE","false","/รับซื้อตั๋วจำนำมหาชนะช/","false","true","false","","","GONE","NOT_APPLICABLE","READY","gone-paths.ts",""
"/รับซื้อตั๋วจำนำยางตลาด/","GONE","false","/รับซื้อตั๋วจำนำยางตลาด/","false","true","false","","","GONE","NOT_APPLICABLE","READY","gone-paths.ts",""
"/รับซื้อตั๋วจำนำรัตนบุร/","GONE","false","/รับซื้อตั๋วจำนำรัตนบุร/","false","true","false","","","GONE","NOT_APPLICABLE","READY","gone-paths.ts",""
"/รับซื้อตั๋วจำนำวังสะพุ/","GONE","false","/รับซื้อตั๋วจำนำวังสะพุ/","false","true","false","","","GONE","NOT_APPLICABLE","READY","gone-paths.ts",""
"/รับซื้อตั๋วจำนำวาริชภู/","GONE","false","/รับซื้อตั๋วจำนำวาริชภู/","false","true","false","","","GONE","NOT_APPLICABLE","READY","gone-paths.ts",""
"/รับซื้อตั๋วจำนำวารินชำ/","GONE","false","/รับซื้อตั๋วจำนำวารินชำ/","false","true","false","","","GONE","NOT_APPLICABLE","READY","gone-paths.ts",""
"/รับซื้อตั๋วจำนำศรีบุญเ/","GONE","false","/รับซื้อตั๋วจำนำศรีบุญเ/","false","true","false","","","GONE","NOT_APPLICABLE","READY","gone-paths.ts",""
"/รับซื้อตั๋วจำนำศรีเชีย/","GONE","false","/รับซื้อตั๋วจำนำศรีเชีย/","false","true","false","","","GONE","NOT_APPLICABLE","READY","gone-paths.ts",""
"/รับซื้อตั๋วจำนำหนองหาน/","GONE","false","/รับซื้อตั๋วจำนำหนองหาน/","false","true","false","","","GONE","NOT_APPLICABLE","READY","gone-paths.ts",""
"/รับซื้อตั๋วจำนำอากาศอำ/","GONE","false","/รับซื้อตั๋วจำนำอากาศอำ/","false","true","false","","","GONE","NOT_APPLICABLE","READY","gone-paths.ts",""
"/รับซื้อตั๋วจำนำเชียงคา/","GONE","false","/รับซื้อตั๋วจำนำเชียงคา/","false","true","false","","","GONE","NOT_APPLICABLE","READY","gone-paths.ts",""
"/รับซื้อตั๋วจำนำเซกา/","GONE","false","/รับซื้อตั๋วจำนำเซกา/","false","true","false","","","GONE","NOT_APPLICABLE","READY","gone-paths.ts",""
"/รับซื้อตั๋วจำนำเดชอุดม/","GONE","false","/รับซื้อตั๋วจำนำเดชอุดม/","false","true","false","","","GONE","NOT_APPLICABLE","READY","gone-paths.ts",""
"/รับซื้อตั๋วจำนำเมืองกา/","GONE","false","/รับซื้อตั๋วจำนำเมืองกา/","false","true","false","","","GONE","NOT_APPLICABLE","READY","gone-paths.ts",""
"/รับซื้อตั๋วจำนำเมืองขอ/","GONE","false","/รับซื้อตั๋วจำนำเมืองขอ/","false","true","false","","","GONE","NOT_APPLICABLE","READY","gone-paths.ts",""
"/รับซื้อตั๋วจำนำเมืองชั/","GONE","false","/รับซื้อตั๋วจำนำเมืองชั/","false","true","false","","","GONE","NOT_APPLICABLE","READY","gone-paths.ts",""
"/รับซื้อตั๋วจำนำเมืองนค-2/","GONE","false","/รับซื้อตั๋วจำนำเมืองนค-2/","false","true","false","","","GONE","NOT_APPLICABLE","READY","gone-paths.ts",""
"/รับซื้อตั๋วจำนำเมืองนค/","GONE","false","/รับซื้อตั๋วจำนำเมืองนค/","false","true","false","","","GONE","NOT_APPLICABLE","READY","gone-paths.ts",""
"/รับซื้อตั๋วจำนำเมืองบึ/","GONE","false","/รับซื้อตั๋วจำนำเมืองบึ/","false","true","false","","","GONE","NOT_APPLICABLE","READY","gone-paths.ts",""
"/รับซื้อตั๋วจำนำเมืองบุ/","GONE","false","/รับซื้อตั๋วจำนำเมืองบุ/","false","true","false","","","GONE","NOT_APPLICABLE","READY","gone-paths.ts",""
"/รับซื้อตั๋วจำนำเมืองมห/","GONE","false","/รับซื้อตั๋วจำนำเมืองมห/","false","true","false","","","GONE","NOT_APPLICABLE","READY","gone-paths.ts",""
"/รับซื้อตั๋วจำนำเมืองมุ/","GONE","false","/รับซื้อตั๋วจำนำเมืองมุ/","false","true","false","","","GONE","NOT_APPLICABLE","READY","gone-paths.ts",""
"/รับซื้อตั๋วจำนำเมืองยโ/","GONE","false","/รับซื้อตั๋วจำนำเมืองยโ/","false","true","false","","","GONE","NOT_APPLICABLE","READY","gone-paths.ts",""
"/รับซื้อตั๋วจำนำเมืองร้/","GONE","false","/รับซื้อตั๋วจำนำเมืองร้/","false","true","false","","","GONE","NOT_APPLICABLE","READY","gone-paths.ts",""
"/รับซื้อตั๋วจำนำเมืองศร/","GONE","false","/รับซื้อตั๋วจำนำเมืองศร/","false","true","false","","","GONE","NOT_APPLICABLE","READY","gone-paths.ts",""
"/รับซื้อตั๋วจำนำเมืองสก/","GONE","false","/รับซื้อตั๋วจำนำเมืองสก/","false","true","false","","","GONE","NOT_APPLICABLE","READY","gone-paths.ts",""
"/รับซื้อตั๋วจำนำเมืองสุ/","GONE","false","/รับซื้อตั๋วจำนำเมืองสุ/","false","true","false","","","GONE","NOT_APPLICABLE","READY","gone-paths.ts",""
"/รับซื้อตั๋วจำนำเมืองหน-2/","GONE","false","/รับซื้อตั๋วจำนำเมืองหน-2/","false","true","false","","","GONE","NOT_APPLICABLE","READY","gone-paths.ts",""
"/รับซื้อตั๋วจำนำเมืองหน/","GONE","false","/รับซื้อตั๋วจำนำเมืองหน/","false","true","false","","","GONE","NOT_APPLICABLE","READY","gone-paths.ts",""
"/รับซื้อตั๋วจำนำเมืองอำ/","GONE","false","/รับซื้อตั๋วจำนำเมืองอำ/","false","true","false","","","GONE","NOT_APPLICABLE","READY","gone-paths.ts",""
"/รับซื้อตั๋วจำนำเมืองอุ-2/","GONE","false","/รับซื้อตั๋วจำนำเมืองอุ-2/","false","true","false","","","GONE","NOT_APPLICABLE","READY","gone-paths.ts",""
"/รับซื้อตั๋วจำนำเมืองอุ/","GONE","false","/รับซื้อตั๋วจำนำเมืองอุ/","false","true","false","","","GONE","NOT_APPLICABLE","READY","gone-paths.ts",""
"/รับซื้อตั๋วจำนำเมืองเล/","GONE","false","/รับซื้อตั๋วจำนำเมืองเล/","false","true","false","","","GONE","NOT_APPLICABLE","READY","gone-paths.ts",""
"/รับซื้อตั๋วจำนำเรณูนคร/","GONE","false","/รับซื้อตั๋วจำนำเรณูนคร/","false","true","false","","","GONE","NOT_APPLICABLE","READY","gone-paths.ts",""
"/รับซื้อตั๋วจำนำโกสุมพิ/","GONE","false","/รับซื้อตั๋วจำนำโกสุมพิ/","false","true","false","","","GONE","NOT_APPLICABLE","READY","gone-paths.ts",""
"/รับซื้อตั๋วจำนำโนนสูง/","GONE","false","/รับซื้อตั๋วจำนำโนนสูง/","false","true","false","","","GONE","NOT_APPLICABLE","READY","gone-paths.ts",""
"/รับซื้อตั๋วจำนำโพนทอง/","GONE","false","/รับซื้อตั๋วจำนำโพนทอง/","false","true","false","","","GONE","NOT_APPLICABLE","READY","gone-paths.ts",""
"/รับซื้อตู้-rack-server/","ACTIVE","false","/รับซื้อตู้-rack-server/","false","false","false","","","HOLD_NOINDEX","LEGACY_CONTENT","READY","legacy-posts",""
"/รับซื้อมือถือ-android/","ACTIVE","false","/รับซื้อมือถือ-android/","false","false","false","","","HOLD_NOINDEX","LEGACY_CONTENT","READY","legacy-posts",""
"/รับซื้อมือถือ-huawei/","ACTIVE","false","/รับซื้อมือถือ-huawei/","false","false","false","","","HOLD_NOINDEX","LEGACY_CONTENT","READY","legacy-posts",""
"/รับซื้อมือถือ-poco/","ACTIVE","false","/รับซื้อมือถือ-poco/","false","false","false","","","HOLD_NOINDEX","LEGACY_CONTENT","READY","legacy-posts",""
"/รับซื้อมือถือ-vivo/","ACTIVE","false","/รับซื้อมือถือ-vivo/","false","false","false","","","HOLD_NOINDEX","LEGACY_CONTENT","READY","legacy-posts",""
"/รับซื้อมือถือ-ชัยภูมิ/","ACTIVE","true","/รับซื้อมือถือ-ชัยภูมิ/","true","false","false","","","HOLD_NOINDEX","LEGACY_CONTENT","READY","legacy-posts",""
"/รับซื้อมือถือ-ตรัง/","ACTIVE","true","/รับซื้อมือถือ-ตรัง/","true","false","false","","","HOLD_NOINDEX","LEGACY_CONTENT","READY","legacy-posts",""
"/รับซื้อมือถือ-นครปฐม/","ACTIVE","true","/รับซื้อมือถือ-นครปฐม/","true","false","false","","","HOLD_NOINDEX","LEGACY_CONTENT","READY","legacy-posts",""
"/รับซื้อมือถือ-ปทุมธานี/","ACTIVE","true","/รับซื้อมือถือ-ปทุมธานี/","true","false","false","","","HOLD_NOINDEX","LEGACY_CONTENT","READY","legacy-posts",""
"/รับซื้อมือถือ-ปัตตานี/","ACTIVE","true","/รับซื้อมือถือ-ปัตตานี/","true","false","false","","","HOLD_NOINDEX","LEGACY_CONTENT","READY","legacy-posts",""
"/รับซื้อมือถือ-พะเยา/","ACTIVE","true","/รับซื้อมือถือ-พะเยา/","true","false","false","","","HOLD_NOINDEX","LEGACY_CONTENT","READY","legacy-posts",""
"/รับซื้อมือถือ-พังงา/","ACTIVE","true","/รับซื้อมือถือ-พังงา/","true","false","false","","","HOLD_NOINDEX","LEGACY_CONTENT","READY","legacy-posts",""
"/รับซื้อมือถือ-พิจิตร/","ACTIVE","true","/รับซื้อมือถือ-พิจิตร/","true","false","false","","","HOLD_NOINDEX","LEGACY_CONTENT","READY","legacy-posts",""
"/รับซื้อมือถือ-มหาสารคาม/","ACTIVE","true","/รับซื้อมือถือ-มหาสารคาม/","true","false","false","","","HOLD_NOINDEX","LEGACY_CONTENT","READY","legacy-posts",""
"/รับซื้อมือถือ-มุกดาหาร/","ACTIVE","true","/รับซื้อมือถือ-มุกดาหาร/","true","false","false","","","HOLD_NOINDEX","LEGACY_CONTENT","READY","legacy-posts",""
"/รับซื้อมือถือ-ยะลา/","ACTIVE","true","/รับซื้อมือถือ-ยะลา/","true","false","false","","","HOLD_NOINDEX","LEGACY_CONTENT","READY","legacy-posts",""
"/รับซื้อมือถือ-ยโสธร/","ACTIVE","true","/รับซื้อมือถือ-ยโสธร/","true","false","false","","","HOLD_NOINDEX","LEGACY_CONTENT","READY","legacy-posts",""
"/รับซื้อมือถือ-ระนอง/","ACTIVE","true","/รับซื้อมือถือ-ระนอง/","true","false","false","","","HOLD_NOINDEX","LEGACY_CONTENT","READY","legacy-posts",""
"/รับซื้อมือถือ-ศรีสะเกษ/","ACTIVE","true","/รับซื้อมือถือ-ศรีสะเกษ/","true","false","false","","","HOLD_NOINDEX","LEGACY_CONTENT","READY","legacy-posts",""
"/รับซื้อมือถือ-สกลนคร/","ACTIVE","true","/รับซื้อมือถือ-สกลนคร/","true","false","false","","","HOLD_NOINDEX","LEGACY_CONTENT","READY","legacy-posts",""
"/รับซื้อมือถือ-สิงห์บุรี/","ACTIVE","true","/รับซื้อมือถือ-สิงห์บุรี/","true","false","false","","","HOLD_NOINDEX","LEGACY_CONTENT","READY","legacy-posts",""
"/รับซื้อมือถือ-สุพรรณบุรี/","ACTIVE","true","/รับซื้อมือถือ-สุพรรณบุรี/","true","false","false","","","HOLD_NOINDEX","LEGACY_CONTENT","READY","legacy-posts",""
"/รับซื้อมือถือ-สุราษฎร์ธานี/","ACTIVE","true","/รับซื้อมือถือ-สุราษฎร์ธานี/","true","false","false","","","HOLD_NOINDEX","LEGACY_CONTENT","READY","legacy-posts",""
"/รับซื้อมือถือ-หนองคาย/","ACTIVE","true","/รับซื้อมือถือ-หนองคาย/","true","false","false","","","HOLD_NOINDEX","LEGACY_CONTENT","READY","legacy-posts",""
"/รับซื้อมือถือ-อ่างทอง/","ACTIVE","true","/รับซื้อมือถือ-อ่างทอง/","true","false","false","","","HOLD_NOINDEX","LEGACY_CONTENT","READY","legacy-posts",""
"/รับซื้อมือถือ-เชียงราย/","ACTIVE","true","/รับซื้อมือถือ-เชียงราย/","true","false","false","","","HOLD_NOINDEX","LEGACY_CONTENT","READY","legacy-posts",""
"/รับซื้อมือถือ-เพชรบูรณ์/","ACTIVE","true","/รับซื้อมือถือ-เพชรบูรณ์/","true","false","false","","","HOLD_NOINDEX","LEGACY_CONTENT","READY","legacy-posts",""
"/รับซื้อมือถือ-แพร่/","ACTIVE","true","/รับซื้อมือถือ-แพร่/","true","false","false","","","HOLD_NOINDEX","LEGACY_CONTENT","READY","legacy-posts",""
"/รับซื้อมือถือ-แม่ฮ่องสอน/","ACTIVE","true","/รับซื้อมือถือ-แม่ฮ่องสอน/","true","false","false","","","HOLD_NOINDEX","LEGACY_CONTENT","READY","legacy-posts",""
"/รับซื้อมือถือ-ใกล้ฉัน-มห/","GONE","false","/รับซื้อมือถือ-ใกล้ฉัน-มห/","false","true","false","","","GONE","NOT_APPLICABLE","READY","gone-paths.ts",""
"/รับซื้อมือถือใกล้ฉัน-ขอ/","ACTIVE","true","/รับซื้อมือถือใกล้ฉัน-ขอ/","true","false","false","","","HOLD_NOINDEX","LEGACY_CONTENT","READY","legacy-posts",""
"/รับซื้อมือถือใกล้ฉัน-อุ/","ACTIVE","true","/รับซื้อมือถือใกล้ฉัน-อุ/","true","false","false","","","HOLD_NOINDEX","LEGACY_CONTENT","READY","legacy-posts",""
"/รับซื้อลำโพง-ยโสธร/","ACTIVE","true","/รับซื้อลำโพง-ยโสธร/","true","false","false","","REBUILD_INDEX","INDEX","CONTENT_REQUIRED","READY","survivor-rebuild",""
"/รับซื้อลำโพง-ร้อยเอ็ด-jbl-marshall/","REDIRECT","false","/รับซื้อลำโพง-ร้อยเอ็ด-jbl-marshall/","false","false","true","/รับซื้อลำโพง/","EXISTING_REDIRECT","REDIRECT","NOT_APPLICABLE","READY","redirects",""
"/รับซื้อลำโพง-สารคาม/","ACTIVE","true","/รับซื้อลำโพง-สารคาม/","true","false","false","","REBUILD_INDEX","INDEX","READY","READY","survivor-rebuild",""
"/รับซื้อลำโพง-อุดรธานี/","ACTIVE","true","/รับซื้อลำโพง-อุดรธานี/","true","false","false","","REBUILD_INDEX","INDEX","READY","READY","survivor-rebuild",""
"/รับซื้อลำโพง-ใกล้ฉัน/","REDIRECT","false","/รับซื้อลำโพง-ใกล้ฉัน/","false","false","true","/รับซื้อลำโพง/","","REDIRECT","NOT_APPLICABLE","READY","redirects",""
"/รับซื้อสมาร์ทโฟน-android-ใกล้ฉัน/","REDIRECT","false","/รับซื้อสมาร์ทโฟน-android-ใกล้ฉัน/","false","false","true","/รับซื้อสมาร์ทโฟน-android/","","REDIRECT","NOT_APPLICABLE","READY","redirects",""
"/รับซื้อหูฟังเกมมิ่ง/","ACTIVE","false","/รับซื้อหูฟังเกมมิ่ง/","false","false","false","","","HOLD_NOINDEX","LEGACY_CONTENT","READY","legacy-posts",""
"/รับซื้ออะไหล่คอม/","ACTIVE","false","/รับซื้ออะไหล่คอม/","false","false","false","","","HOLD_NOINDEX","LEGACY_CONTENT","READY","legacy-posts",""
"/รับซื้ออุปกรณ์-gaming/","ACTIVE","false","/รับซื้ออุปกรณ์-gaming/","false","false","false","","","HOLD_NOINDEX","LEGACY_CONTENT","READY","legacy-posts",""
"/รับซื้ออุปกรณ์-network/","ACTIVE","false","/รับซื้ออุปกรณ์-network/","false","false","false","","","HOLD_NOINDEX","LEGACY_CONTENT","READY","legacy-posts",""
"/รับซื้ออุปกรณ์ไอทีเก่าบริษัท/","ACTIVE","false","/รับซื้ออุปกรณ์ไอทีเก่าบริษัท/","false","false","false","","","HOLD_NOINDEX","LEGACY_CONTENT","READY","legacy-posts",""
"/รับซื้อเก้าอี้นวด/","ACTIVE","false","/รับซื้อเก้าอี้นวด/","false","false","false","","","HOLD_NOINDEX","LEGACY_CONTENT","READY","legacy-posts",""
"/รับซื้อเครื่องกรองน้ำ/","ACTIVE","false","/รับซื้อเครื่องกรองน้ำ/","false","false","false","","","HOLD_NOINDEX","LEGACY_CONTENT","READY","legacy-posts",""
"/รับซื้อเครื่องชงกาแฟ/","ACTIVE","false","/รับซื้อเครื่องชงกาแฟ/","false","false","false","","","HOLD_NOINDEX","LEGACY_CONTENT","READY","legacy-posts",""
"/รับซื้อเครื่องฟอกอากาศ/","ACTIVE","false","/รับซื้อเครื่องฟอกอากาศ/","false","false","false","","","HOLD_NOINDEX","LEGACY_CONTENT","READY","legacy-posts",""
"/รับซื้อเครื่องเกม-ใกล้ฉัน/","REDIRECT","false","/รับซื้อเครื่องเกม-ใกล้ฉัน/","false","false","true","/รับซื้อเครื่องเกม/","","REDIRECT","NOT_APPLICABLE","READY","redirects",""
"/รับซื้อเมืองกาฬสินธุ์/","ACTIVE","true","/รับซื้อเมืองกาฬสินธุ์/","true","false","false","","","HOLD_NOINDEX","LEGACY_CONTENT","READY","legacy-posts",""
"/รับซื้อเมืองขอนแก่น/","ACTIVE","true","/รับซื้อเมืองขอนแก่น/","true","false","false","","","HOLD_NOINDEX","LEGACY_CONTENT","READY","legacy-posts",""
"/รับซื้อเมืองชัยภูมิ/","ACTIVE","true","/รับซื้อเมืองชัยภูมิ/","true","false","false","","","HOLD_NOINDEX","LEGACY_CONTENT","READY","legacy-posts",""
"/รับซื้อเมืองนครพนม/","ACTIVE","true","/รับซื้อเมืองนครพนม/","true","false","false","","","HOLD_NOINDEX","LEGACY_CONTENT","READY","legacy-posts",""
"/รับซื้อเมืองนครราชสีมา/","ACTIVE","true","/รับซื้อเมืองนครราชสีมา/","true","false","false","","","HOLD_NOINDEX","LEGACY_CONTENT","READY","legacy-posts",""
"/รับซื้อเมืองบึงกาฬ/","ACTIVE","true","/รับซื้อเมืองบึงกาฬ/","true","false","false","","","HOLD_NOINDEX","LEGACY_CONTENT","READY","legacy-posts",""
"/รับซื้อเมืองบุรีรัมย์/","ACTIVE","true","/รับซื้อเมืองบุรีรัมย์/","true","false","false","","","HOLD_NOINDEX","LEGACY_CONTENT","READY","legacy-posts",""
"/รับซื้อเมืองมหาสารคาม/","ACTIVE","true","/รับซื้อเมืองมหาสารคาม/","true","false","false","","","HOLD_NOINDEX","LEGACY_CONTENT","READY","legacy-posts",""
"/รับซื้อเมืองมุกดาหาร/","ACTIVE","true","/รับซื้อเมืองมุกดาหาร/","true","false","false","","","HOLD_NOINDEX","LEGACY_CONTENT","READY","legacy-posts",""
"/รับซื้อเมืองยโสธร/","ACTIVE","true","/รับซื้อเมืองยโสธร/","true","false","false","","","HOLD_NOINDEX","LEGACY_CONTENT","READY","legacy-posts",""
"/รับซื้อเมืองร้อยเอ็ด/","ACTIVE","true","/รับซื้อเมืองร้อยเอ็ด/","true","false","false","","","HOLD_NOINDEX","LEGACY_CONTENT","READY","legacy-posts",""
"/รับซื้อเมืองศรีสะเกษ/","ACTIVE","true","/รับซื้อเมืองศรีสะเกษ/","true","false","false","","","HOLD_NOINDEX","LEGACY_CONTENT","READY","legacy-posts",""
"/รับซื้อเมืองสกลนคร/","ACTIVE","true","/รับซื้อเมืองสกลนคร/","true","false","false","","","HOLD_NOINDEX","LEGACY_CONTENT","READY","legacy-posts",""
"/รับซื้อเมืองสุรินทร์/","ACTIVE","true","/รับซื้อเมืองสุรินทร์/","true","false","false","","","HOLD_NOINDEX","LEGACY_CONTENT","READY","legacy-posts",""
"/รับซื้อเมืองหนองคาย/","ACTIVE","true","/รับซื้อเมืองหนองคาย/","true","false","false","","","HOLD_NOINDEX","LEGACY_CONTENT","READY","legacy-posts",""
"/รับซื้อเมืองหนองบัวลำภ/","ACTIVE","true","/รับซื้อเมืองหนองบัวลำภ/","true","false","false","","","HOLD_NOINDEX","LEGACY_CONTENT","READY","legacy-posts",""
"/รับซื้อเมืองอำนาจเจริญ/","ACTIVE","true","/รับซื้อเมืองอำนาจเจริญ/","true","false","false","","","HOLD_NOINDEX","LEGACY_CONTENT","READY","legacy-posts",""
"/รับซื้อเมืองอุดรธานี/","ACTIVE","true","/รับซื้อเมืองอุดรธานี/","true","false","false","","","HOLD_NOINDEX","LEGACY_CONTENT","READY","legacy-posts",""
"/รับซื้อเมืองอุบลราชธาน/","ACTIVE","true","/รับซื้อเมืองอุบลราชธาน/","true","false","false","","","HOLD_NOINDEX","LEGACY_CONTENT","READY","legacy-posts",""
"/รับซื้อเมืองเลย/","ACTIVE","true","/รับซื้อเมืองเลย/","true","false","false","","","HOLD_NOINDEX","LEGACY_CONTENT","READY","legacy-posts",""
"/รับซื้อเลนส์-ขอนแก่น/","ACTIVE","true","/รับซื้อเลนส์-ขอนแก่น/","true","false","false","","","HOLD_NOINDEX","LEGACY_CONTENT","READY","legacy-posts",""
"/รับซื้อเลนส์-ชัยนาท/","ACTIVE","true","/รับซื้อเลนส์-ชัยนาท/","true","false","false","","","HOLD_NOINDEX","LEGACY_CONTENT","READY","legacy-posts",""
"/รับซื้อเลนส์-ตราด/","ACTIVE","true","/รับซื้อเลนส์-ตราด/","true","false","false","","","HOLD_NOINDEX","LEGACY_CONTENT","READY","legacy-posts",""
"/รับซื้อเลนส์-นครปฐม/","ACTIVE","true","/รับซื้อเลนส์-นครปฐม/","true","false","false","","","HOLD_NOINDEX","LEGACY_CONTENT","READY","legacy-posts",""
"/รับซื้อเลนส์-นครสวรรค์/","ACTIVE","true","/รับซื้อเลนส์-นครสวรรค์/","true","false","false","","","HOLD_NOINDEX","LEGACY_CONTENT","READY","legacy-posts",""
"/รับซื้อเลนส์-น่าน/","ACTIVE","true","/รับซื้อเลนส์-น่าน/","true","false","false","","","HOLD_NOINDEX","LEGACY_CONTENT","READY","legacy-posts",""
"/รับซื้อเลนส์-พะเยา/","ACTIVE","true","/รับซื้อเลนส์-พะเยา/","true","false","false","","","HOLD_NOINDEX","LEGACY_CONTENT","READY","legacy-posts",""
"/รับซื้อเลนส์-พิจิตร/","ACTIVE","true","/รับซื้อเลนส์-พิจิตร/","true","false","false","","","HOLD_NOINDEX","LEGACY_CONTENT","READY","legacy-posts",""
"/รับซื้อเลนส์-ภูเก็ต/","ACTIVE","true","/รับซื้อเลนส์-ภูเก็ต/","true","false","false","","","HOLD_NOINDEX","LEGACY_CONTENT","READY","legacy-posts",""
"/รับซื้อเลนส์-มหาสารคาม/","ACTIVE","true","/รับซื้อเลนส์-มหาสารคาม/","true","false","false","","","HOLD_NOINDEX","LEGACY_CONTENT","READY","legacy-posts",""
"/รับซื้อเลนส์-มุกดาหาร/","ACTIVE","true","/รับซื้อเลนส์-มุกดาหาร/","true","false","false","","","HOLD_NOINDEX","LEGACY_CONTENT","READY","legacy-posts",""
"/รับซื้อเลนส์-ยะลา/","ACTIVE","true","/รับซื้อเลนส์-ยะลา/","true","false","false","","","HOLD_NOINDEX","LEGACY_CONTENT","READY","legacy-posts",""
"/รับซื้อเลนส์-ยโสธร/","ACTIVE","true","/รับซื้อเลนส์-ยโสธร/","true","false","false","","","HOLD_NOINDEX","LEGACY_CONTENT","READY","legacy-posts",""
"/รับซื้อเลนส์-ระนอง/","ACTIVE","true","/รับซื้อเลนส์-ระนอง/","true","false","false","","","HOLD_NOINDEX","LEGACY_CONTENT","READY","legacy-posts",""
"/รับซื้อเลนส์-ระยอง/","ACTIVE","true","/รับซื้อเลนส์-ระยอง/","true","false","false","","","HOLD_NOINDEX","LEGACY_CONTENT","READY","legacy-posts",""
"/รับซื้อเลนส์-ร้อยเอ็ด/","ACTIVE","true","/รับซื้อเลนส์-ร้อยเอ็ด/","true","false","false","","","HOLD_NOINDEX","LEGACY_CONTENT","READY","legacy-posts",""
"/รับซื้อเลนส์-ลำพูน/","ACTIVE","true","/รับซื้อเลนส์-ลำพูน/","true","false","false","","","HOLD_NOINDEX","LEGACY_CONTENT","READY","legacy-posts",""
"/รับซื้อเลนส์-สกลนคร/","ACTIVE","true","/รับซื้อเลนส์-สกลนคร/","true","false","false","","","HOLD_NOINDEX","LEGACY_CONTENT","READY","legacy-posts",""
"/รับซื้อเลนส์-สงขลา/","ACTIVE","true","/รับซื้อเลนส์-สงขลา/","true","false","false","","","HOLD_NOINDEX","LEGACY_CONTENT","READY","legacy-posts",""
"/รับซื้อเลนส์-สตูล/","ACTIVE","true","/รับซื้อเลนส์-สตูล/","true","false","false","","","HOLD_NOINDEX","LEGACY_CONTENT","READY","legacy-posts",""
"/รับซื้อเลนส์-สมุทรปราการ/","ACTIVE","true","/รับซื้อเลนส์-สมุทรปราการ/","true","false","false","","","HOLD_NOINDEX","LEGACY_CONTENT","READY","legacy-posts",""
"/รับซื้อเลนส์-สมุทรสงคราม/","ACTIVE","true","/รับซื้อเลนส์-สมุทรสงคราม/","true","false","false","","","HOLD_NOINDEX","LEGACY_CONTENT","READY","legacy-posts",""
"/รับซื้อเลนส์-สระแก้ว/","ACTIVE","true","/รับซื้อเลนส์-สระแก้ว/","true","false","false","","","HOLD_NOINDEX","LEGACY_CONTENT","READY","legacy-posts",""
"/รับซื้อเลนส์-สิงห์บุรี/","ACTIVE","true","/รับซื้อเลนส์-สิงห์บุรี/","true","false","false","","","HOLD_NOINDEX","LEGACY_CONTENT","READY","legacy-posts",""
"/รับซื้อเลนส์-สุพรรณบุรี/","ACTIVE","true","/รับซื้อเลนส์-สุพรรณบุรี/","true","false","false","","","HOLD_NOINDEX","LEGACY_CONTENT","READY","legacy-posts",""
"/รับซื้อเลนส์-สุรินทร์/","ACTIVE","true","/รับซื้อเลนส์-สุรินทร์/","true","false","false","","","HOLD_NOINDEX","LEGACY_CONTENT","READY","legacy-posts",""
"/รับซื้อเลนส์-สุโขทัย/","ACTIVE","true","/รับซื้อเลนส์-สุโขทัย/","true","false","false","","","HOLD_NOINDEX","LEGACY_CONTENT","READY","legacy-posts",""
"/รับซื้อเลนส์-หนองคาย/","ACTIVE","true","/รับซื้อเลนส์-หนองคาย/","true","false","false","","","HOLD_NOINDEX","LEGACY_CONTENT","READY","legacy-posts",""
"/รับซื้อเลนส์-เชียงใหม่/","ACTIVE","true","/รับซื้อเลนส์-เชียงใหม่/","true","false","false","","","HOLD_NOINDEX","LEGACY_CONTENT","READY","legacy-posts",""
"/รับซื้อเลนส์-เพชรบูรณ์/","ACTIVE","true","/รับซื้อเลนส์-เพชรบูรณ์/","true","false","false","","","HOLD_NOINDEX","LEGACY_CONTENT","READY","legacy-posts",""
"/รับซื้อเลนส์-แพร่/","ACTIVE","true","/รับซื้อเลนส์-แพร่/","true","false","false","","","HOLD_NOINDEX","LEGACY_CONTENT","READY","legacy-posts",""
"/รับซื้อเหรียญญี่ปุ่น-รั/","GONE","false","/รับซื้อเหรียญญี่ปุ่น-รั/","false","true","false","","","GONE","NOT_APPLICABLE","READY","gone-paths.ts",""
"/รับซื้อเหล้า-100-pipers/","GONE","false","/รับซื้อเหล้า-100-pipers/","false","true","false","","","GONE","NOT_APPLICABLE","READY","gone-paths.ts",""
"/รับซื้อเหล้า-black-label/","GONE","false","/รับซื้อเหล้า-black-label/","false","true","false","","","GONE","NOT_APPLICABLE","READY","gone-paths.ts",""
"/รับซื้อเหล้า-blue-label/","GONE","false","/รับซื้อเหล้า-blue-label/","false","true","false","","","GONE","NOT_APPLICABLE","READY","gone-paths.ts",""
"/รับซื้อเหล้า-jack-danails/","GONE","false","/รับซื้อเหล้า-jack-danails/","false","true","false","","","GONE","NOT_APPLICABLE","READY","gone-paths.ts",""
"/รับซื้อเหล้า-jameson/","GONE","false","/รับซื้อเหล้า-jameson/","false","true","false","","","GONE","NOT_APPLICABLE","READY","gone-paths.ts",""
"/รับซื้อเหล้า-อำเภอกระทุ/","GONE","false","/รับซื้อเหล้า-อำเภอกระทุ/","false","true","false","","","GONE","NOT_APPLICABLE","READY","gone-paths.ts",""
"/รับซื้อเหล้า-อำเภอกำแพง/","GONE","false","/รับซื้อเหล้า-อำเภอกำแพง/","false","true","false","","","GONE","NOT_APPLICABLE","READY","gone-paths.ts",""
"/รับซื้อเหล้า-อำเภอคลองห/","GONE","false","/รับซื้อเหล้า-อำเภอคลองห/","false","true","false","","","GONE","NOT_APPLICABLE","READY","gone-paths.ts",""
"/รับซื้อเหล้า-อำเภอดอนตู/","GONE","false","/รับซื้อเหล้า-อำเภอดอนตู/","false","true","false","","","GONE","NOT_APPLICABLE","READY","gone-paths.ts",""
"/รับซื้อเหล้า-อำเภอธัญบุ/","GONE","false","/รับซื้อเหล้า-อำเภอธัญบุ/","false","true","false","","","GONE","NOT_APPLICABLE","READY","gone-paths.ts",""
"/รับซื้อเหล้า-อำเภอนครชั/","GONE","false","/รับซื้อเหล้า-อำเภอนครชั/","false","true","false","","","GONE","NOT_APPLICABLE","READY","gone-paths.ts",""
"/รับซื้อเหล้า-อำเภอบางกร/","GONE","false","/รับซื้อเหล้า-อำเภอบางกร/","false","true","false","","","GONE","NOT_APPLICABLE","READY","gone-paths.ts",""
"/รับซื้อเหล้า-อำเภอบางบั/","GONE","false","/รับซื้อเหล้า-อำเภอบางบั/","false","true","false","","","GONE","NOT_APPLICABLE","READY","gone-paths.ts",""
"/รับซื้อเหล้า-อำเภอบางบ่/","GONE","false","/รับซื้อเหล้า-อำเภอบางบ่/","false","true","false","","","GONE","NOT_APPLICABLE","READY","gone-paths.ts",""
"/รับซื้อเหล้า-อำเภอบางพล/","GONE","false","/รับซื้อเหล้า-อำเภอบางพล/","false","true","false","","","GONE","NOT_APPLICABLE","READY","gone-paths.ts",""
"/รับซื้อเหล้า-อำเภอบางเล/","GONE","false","/รับซื้อเหล้า-อำเภอบางเล/","false","true","false","","","GONE","NOT_APPLICABLE","READY","gone-paths.ts",""
"/รับซื้อเหล้า-อำเภอบางเส/","GONE","false","/รับซื้อเหล้า-อำเภอบางเส/","false","true","false","","","GONE","NOT_APPLICABLE","READY","gone-paths.ts",""
"/รับซื้อเหล้า-อำเภอบางให/","GONE","false","/รับซื้อเหล้า-อำเภอบางให/","false","true","false","","","GONE","NOT_APPLICABLE","READY","gone-paths.ts",""
"/รับซื้อเหล้า-อำเภอบ้านแ/","GONE","false","/รับซื้อเหล้า-อำเภอบ้านแ/","false","true","false","","","GONE","NOT_APPLICABLE","READY","gone-paths.ts",""
"/รับซื้อเหล้า-อำเภอปากเก/","GONE","false","/รับซื้อเหล้า-อำเภอปากเก/","false","true","false","","","GONE","NOT_APPLICABLE","READY","gone-paths.ts",""
"/รับซื้อเหล้า-อำเภอพระปร/","GONE","false","/รับซื้อเหล้า-อำเภอพระปร/","false","true","false","","","GONE","NOT_APPLICABLE","READY","gone-paths.ts",""
"/รับซื้อเหล้า-อำเภอพระสม/","GONE","false","/รับซื้อเหล้า-อำเภอพระสม/","false","true","false","","","GONE","NOT_APPLICABLE","READY","gone-paths.ts",""
"/รับซื้อเหล้า-อำเภอพุทธม/","GONE","false","/รับซื้อเหล้า-อำเภอพุทธม/","false","true","false","","","GONE","NOT_APPLICABLE","READY","gone-paths.ts",""
"/รับซื้อเหล้า-อำเภอลาดหล/","GONE","false","/รับซื้อเหล้า-อำเภอลาดหล/","false","true","false","","","GONE","NOT_APPLICABLE","READY","gone-paths.ts",""
"/รับซื้อเหล้า-อำเภอลำลูก/","GONE","false","/รับซื้อเหล้า-อำเภอลำลูก/","false","true","false","","","GONE","NOT_APPLICABLE","READY","gone-paths.ts",""
"/รับซื้อเหล้า-อำเภอสามพร/","GONE","false","/รับซื้อเหล้า-อำเภอสามพร/","false","true","false","","","GONE","NOT_APPLICABLE","READY","gone-paths.ts",""
"/รับซื้อเหล้า-อำเภอสามโค/","GONE","false","/รับซื้อเหล้า-อำเภอสามโค/","false","true","false","","","GONE","NOT_APPLICABLE","READY","gone-paths.ts",""
"/รับซื้อเหล้า-อำเภอหนองเ/","GONE","false","/รับซื้อเหล้า-อำเภอหนองเ/","false","true","false","","","GONE","NOT_APPLICABLE","READY","gone-paths.ts",""
"/รับซื้อเหล้า-อำเภอเมือ-2/","GONE","false","/รับซื้อเหล้า-อำเภอเมือ-2/","false","true","false","","","GONE","NOT_APPLICABLE","READY","gone-paths.ts",""
"/รับซื้อเหล้า-อำเภอเมือ-3/","GONE","false","/รับซื้อเหล้า-อำเภอเมือ-3/","false","true","false","","","GONE","NOT_APPLICABLE","READY","gone-paths.ts",""
"/รับซื้อเหล้า-อำเภอเมือ-4/","GONE","false","/รับซื้อเหล้า-อำเภอเมือ-4/","false","true","false","","","GONE","NOT_APPLICABLE","READY","gone-paths.ts",""
"/รับซื้อเหล้า-อำเภอเมือ-5/","GONE","false","/รับซื้อเหล้า-อำเภอเมือ-5/","false","true","false","","","GONE","NOT_APPLICABLE","READY","gone-paths.ts",""
"/รับซื้อเหล้า-อำเภอเมือง/","GONE","false","/รับซื้อเหล้า-อำเภอเมือง/","false","true","false","","","GONE","NOT_APPLICABLE","READY","gone-paths.ts",""
"/รับซื้อเหล้า-อำเภอไทรน้/","GONE","false","/รับซื้อเหล้า-อำเภอไทรน้/","false","true","false","","","GONE","NOT_APPLICABLE","READY","gone-paths.ts",""
"/รับซื้อเหล้า-เขตคลองสาน/","GONE","false","/รับซื้อเหล้า-เขตคลองสาน/","false","true","false","","","GONE","NOT_APPLICABLE","READY","gone-paths.ts",""
"/รับซื้อเหล้า-เขตคลองสาม/","GONE","false","/รับซื้อเหล้า-เขตคลองสาม/","false","true","false","","","GONE","NOT_APPLICABLE","READY","gone-paths.ts",""
"/รับซื้อเหล้า-เขตคลองเตย/","GONE","false","/รับซื้อเหล้า-เขตคลองเตย/","false","true","false","","","GONE","NOT_APPLICABLE","READY","gone-paths.ts",""
"/รับซื้อเหล้า-เขตคันนายา/","GONE","false","/รับซื้อเหล้า-เขตคันนายา/","false","true","false","","","GONE","NOT_APPLICABLE","READY","gone-paths.ts",""
"/รับซื้อเหล้า-เขตจตุจักร/","GONE","false","/รับซื้อเหล้า-เขตจตุจักร/","false","true","false","","","GONE","NOT_APPLICABLE","READY","gone-paths.ts",""
"/รับซื้อเหล้า-เขตจอมทอง/","GONE","false","/รับซื้อเหล้า-เขตจอมทอง/","false","true","false","","","GONE","NOT_APPLICABLE","READY","gone-paths.ts",""
"/รับซื้อเหล้า-เขตดอนเมือ/","GONE","false","/รับซื้อเหล้า-เขตดอนเมือ/","false","true","false","","","GONE","NOT_APPLICABLE","READY","gone-paths.ts",""
"/รับซื้อเหล้า-เขตดินแดง/","GONE","false","/รับซื้อเหล้า-เขตดินแดง/","false","true","false","","","GONE","NOT_APPLICABLE","READY","gone-paths.ts",""
"/รับซื้อเหล้า-เขตดุสิต/","GONE","false","/รับซื้อเหล้า-เขตดุสิต/","false","true","false","","","GONE","NOT_APPLICABLE","READY","gone-paths.ts",""
"/รับซื้อเหล้า-เขตตลิ่งชั/","GONE","false","/รับซื้อเหล้า-เขตตลิ่งชั/","false","true","false","","","GONE","NOT_APPLICABLE","READY","gone-paths.ts",""
"/รับซื้อเหล้า-เขตทวีวัฒน/","GONE","false","/รับซื้อเหล้า-เขตทวีวัฒน/","false","true","false","","","GONE","NOT_APPLICABLE","READY","gone-paths.ts",""
"/รับซื้อเหล้า-เขตทุ่งครุ/","GONE","false","/รับซื้อเหล้า-เขตทุ่งครุ/","false","true","false","","","GONE","NOT_APPLICABLE","READY","gone-paths.ts",""
"/รับซื้อเหล้า-เขตธนบุรี/","GONE","false","/รับซื้อเหล้า-เขตธนบุรี/","false","true","false","","","GONE","NOT_APPLICABLE","READY","gone-paths.ts",""
"/รับซื้อเหล้า-เขตบางกอกน/","GONE","false","/รับซื้อเหล้า-เขตบางกอกน/","false","true","false","","","GONE","NOT_APPLICABLE","READY","gone-paths.ts",""
"/รับซื้อเหล้า-เขตบางกอกใ/","GONE","false","/รับซื้อเหล้า-เขตบางกอกใ/","false","true","false","","","GONE","NOT_APPLICABLE","READY","gone-paths.ts",""
"/รับซื้อเหล้า-เขตบางกะปิ/","GONE","false","/รับซื้อเหล้า-เขตบางกะปิ/","false","true","false","","","GONE","NOT_APPLICABLE","READY","gone-paths.ts",""
"/รับซื้อเหล้า-เขตบางขุนเ/","GONE","false","/รับซื้อเหล้า-เขตบางขุนเ/","false","true","false","","","GONE","NOT_APPLICABLE","READY","gone-paths.ts",""
"/รับซื้อเหล้า-เขตบางคอแห/","GONE","false","/รับซื้อเหล้า-เขตบางคอแห/","false","true","false","","","GONE","NOT_APPLICABLE","READY","gone-paths.ts",""
"/รับซื้อเหล้า-เขตบางซื่อ/","GONE","false","/รับซื้อเหล้า-เขตบางซื่อ/","false","true","false","","","GONE","NOT_APPLICABLE","READY","gone-paths.ts",""
"/รับซื้อเหล้า-เขตบางนา/","GONE","false","/รับซื้อเหล้า-เขตบางนา/","false","true","false","","","GONE","NOT_APPLICABLE","READY","gone-paths.ts",""
"/รับซื้อเหล้า-เขตบางบอน/","GONE","false","/รับซื้อเหล้า-เขตบางบอน/","false","true","false","","","GONE","NOT_APPLICABLE","READY","gone-paths.ts",""
"/รับซื้อเหล้า-เขตบางพลัด/","GONE","false","/รับซื้อเหล้า-เขตบางพลัด/","false","true","false","","","GONE","NOT_APPLICABLE","READY","gone-paths.ts",""
"/รับซื้อเหล้า-เขตบางรัก/","GONE","false","/รับซื้อเหล้า-เขตบางรัก/","false","true","false","","","GONE","NOT_APPLICABLE","READY","gone-paths.ts",""
"/รับซื้อเหล้า-เขตบางเขน/","GONE","false","/รับซื้อเหล้า-เขตบางเขน/","false","true","false","","","GONE","NOT_APPLICABLE","READY","gone-paths.ts",""
"/รับซื้อเหล้า-เขตบางแค/","GONE","false","/รับซื้อเหล้า-เขตบางแค/","false","true","false","","","GONE","NOT_APPLICABLE","READY","gone-paths.ts",""
"/รับซื้อเหล้า-เขตบึงกุ่ม/","GONE","false","/รับซื้อเหล้า-เขตบึงกุ่ม/","false","true","false","","","GONE","NOT_APPLICABLE","READY","gone-paths.ts",""
"/รับซื้อเหล้า-เขตปทุมวัน/","GONE","false","/รับซื้อเหล้า-เขตปทุมวัน/","false","true","false","","","GONE","NOT_APPLICABLE","READY","gone-paths.ts",""
"/รับซื้อเหล้า-เขตประเวศ/","GONE","false","/รับซื้อเหล้า-เขตประเวศ/","false","true","false","","","GONE","NOT_APPLICABLE","READY","gone-paths.ts",""
"/รับซื้อเหล้า-เขตป้อมปรา/","GONE","false","/รับซื้อเหล้า-เขตป้อมปรา/","false","true","false","","","GONE","NOT_APPLICABLE","READY","gone-paths.ts",""
"/รับซื้อเหล้า-เขตพญาไท/","GONE","false","/รับซื้อเหล้า-เขตพญาไท/","false","true","false","","","GONE","NOT_APPLICABLE","READY","gone-paths.ts",""
"/รับซื้อเหล้า-เขตพระนคร/","GONE","false","/รับซื้อเหล้า-เขตพระนคร/","false","true","false","","","GONE","NOT_APPLICABLE","READY","gone-paths.ts",""
"/รับซื้อเหล้า-เขตพระโขนง/","GONE","false","/รับซื้อเหล้า-เขตพระโขนง/","false","true","false","","","GONE","NOT_APPLICABLE","READY","gone-paths.ts",""
"/รับซื้อเหล้า-เขตภาษีเจร/","GONE","false","/รับซื้อเหล้า-เขตภาษีเจร/","false","true","false","","","GONE","NOT_APPLICABLE","READY","gone-paths.ts",""
"/รับซื้อเหล้า-เขตมีนบุรี/","GONE","false","/รับซื้อเหล้า-เขตมีนบุรี/","false","true","false","","","GONE","NOT_APPLICABLE","READY","gone-paths.ts",""
"/รับซื้อเหล้า-เขตยานนาวา/","GONE","false","/รับซื้อเหล้า-เขตยานนาวา/","false","true","false","","","GONE","NOT_APPLICABLE","READY","gone-paths.ts",""
"/รับซื้อเหล้า-เขตราชเทวี/","GONE","false","/รับซื้อเหล้า-เขตราชเทวี/","false","true","false","","","GONE","NOT_APPLICABLE","READY","gone-paths.ts",""
"/รับซื้อเหล้า-เขตราษฎร์บ/","GONE","false","/รับซื้อเหล้า-เขตราษฎร์บ/","false","true","false","","","GONE","NOT_APPLICABLE","READY","gone-paths.ts",""
"/รับซื้อเหล้า-เขตลาดกระบ/","GONE","false","/รับซื้อเหล้า-เขตลาดกระบ/","false","true","false","","","GONE","NOT_APPLICABLE","READY","gone-paths.ts",""
"/รับซื้อเหล้า-เขตลาดพร้า/","GONE","false","/รับซื้อเหล้า-เขตลาดพร้า/","false","true","false","","","GONE","NOT_APPLICABLE","READY","gone-paths.ts",""
"/รับซื้อเหล้า-เขตวังทองห/","GONE","false","/รับซื้อเหล้า-เขตวังทองห/","false","true","false","","","GONE","NOT_APPLICABLE","READY","gone-paths.ts",""
"/รับซื้อเหล้า-เขตวัฒนา/","GONE","false","/รับซื้อเหล้า-เขตวัฒนา/","false","true","false","","","GONE","NOT_APPLICABLE","READY","gone-paths.ts",""
"/รับซื้อเหล้า-เขตสวนหลวง/","GONE","false","/รับซื้อเหล้า-เขตสวนหลวง/","false","true","false","","","GONE","NOT_APPLICABLE","READY","gone-paths.ts",""
"/รับซื้อเหล้า-เขตสะพานสู/","GONE","false","/รับซื้อเหล้า-เขตสะพานสู/","false","true","false","","","GONE","NOT_APPLICABLE","READY","gone-paths.ts",""
"/รับซื้อเหล้า-เขตสัมพันธ/","GONE","false","/รับซื้อเหล้า-เขตสัมพันธ/","false","true","false","","","GONE","NOT_APPLICABLE","READY","gone-paths.ts",""
"/รับซื้อเหล้า-เขตสาทร/","GONE","false","/รับซื้อเหล้า-เขตสาทร/","false","true","false","","","GONE","NOT_APPLICABLE","READY","gone-paths.ts",""
"/รับซื้อเหล้า-เขตสายไหม/","GONE","false","/รับซื้อเหล้า-เขตสายไหม/","false","true","false","","","GONE","NOT_APPLICABLE","READY","gone-paths.ts",""
"/รับซื้อเหล้า-เขตหนองจอก/","GONE","false","/รับซื้อเหล้า-เขตหนองจอก/","false","true","false","","","GONE","NOT_APPLICABLE","READY","gone-paths.ts",""
"/รับซื้อเหล้า-เขตหนองแขม/","GONE","false","/รับซื้อเหล้า-เขตหนองแขม/","false","true","false","","","GONE","NOT_APPLICABLE","READY","gone-paths.ts",""
"/รับซื้อเหล้า-เขตหลักสี่/","GONE","false","/รับซื้อเหล้า-เขตหลักสี่/","false","true","false","","","GONE","NOT_APPLICABLE","READY","gone-paths.ts",""
"/รับซื้อเหล้า-เขตห้วยขวา/","GONE","false","/รับซื้อเหล้า-เขตห้วยขวา/","false","true","false","","","GONE","NOT_APPLICABLE","READY","gone-paths.ts",""
"/รับซื้อเหล้า-ใกล้ฉัน/","GONE","false","/รับซื้อเหล้า-ใกล้ฉัน/","false","true","false","","","GONE","NOT_APPLICABLE","READY","gone-paths.ts",""
"/รับซื้อเหล้า/","GONE","false","/รับซื้อเหล้า/","false","true","false","","","GONE","NOT_APPLICABLE","READY","gone-paths.ts",""
"/รับซื้อเหล้าซีวาส-chivas/","GONE","false","/รับซื้อเหล้าซีวาส-chivas/","false","true","false","","","GONE","NOT_APPLICABLE","READY","gone-paths.ts",""
"/รับซื้อเหล้ารีเจนซี่/","GONE","false","/รับซื้อเหล้ารีเจนซี่/","false","true","false","","","GONE","NOT_APPLICABLE","READY","gone-paths.ts",""
"/รับซื้อเหล้าเก่า-รับซื้/","GONE","false","/รับซื้อเหล้าเก่า-รับซื้/","false","true","false","","","GONE","NOT_APPLICABLE","READY","gone-paths.ts",""
"/รับซื้อเหล้าเรด-เลเบิ้ล/","GONE","false","/รับซื้อเหล้าเรด-เลเบิ้ล/","false","true","false","","","GONE","NOT_APPLICABLE","READY","gone-paths.ts",""
"/รับซื้อเหล้าเฮนเนสซี่-hennessy/","GONE","false","/รับซื้อเหล้าเฮนเนสซี่-hennessy/","false","true","false","","","GONE","NOT_APPLICABLE","READY","gone-paths.ts",""
"/รับซื้อแท็บเล็ต-กระบี่/","ACTIVE","true","/รับซื้อแท็บเล็ต-กระบี่/","true","false","false","","","HOLD_NOINDEX","LEGACY_CONTENT","READY","legacy-posts",""
"/รับซื้อแท็บเล็ต-ขอนแก่น/","ACTIVE","true","/รับซื้อแท็บเล็ต-ขอนแก่น/","true","false","false","","","HOLD_NOINDEX","LEGACY_CONTENT","READY","legacy-posts",""
"/รับซื้อแท็บเล็ต-ชัยนาท/","ACTIVE","true","/รับซื้อแท็บเล็ต-ชัยนาท/","true","false","false","","","HOLD_NOINDEX","LEGACY_CONTENT","READY","legacy-posts",""
"/รับซื้อแท็บเล็ต-ตราด/","ACTIVE","true","/รับซื้อแท็บเล็ต-ตราด/","true","false","false","","","HOLD_NOINDEX","LEGACY_CONTENT","READY","legacy-posts",""
"/รับซื้อแท็บเล็ต-นครปฐม/","ACTIVE","true","/รับซื้อแท็บเล็ต-นครปฐม/","true","false","false","","","HOLD_NOINDEX","LEGACY_CONTENT","READY","legacy-posts",""
"/รับซื้อแท็บเล็ต-นครพนม/","ACTIVE","true","/รับซื้อแท็บเล็ต-นครพนม/","true","false","false","","","HOLD_NOINDEX","LEGACY_CONTENT","READY","legacy-posts",""
"/รับซื้อแท็บเล็ต-นครสวรรค์/","ACTIVE","true","/รับซื้อแท็บเล็ต-นครสวรรค์/","true","false","false","","","HOLD_NOINDEX","LEGACY_CONTENT","READY","legacy-posts",""
"/รับซื้อแท็บเล็ต-น่าน/","ACTIVE","true","/รับซื้อแท็บเล็ต-น่าน/","true","false","false","","","HOLD_NOINDEX","LEGACY_CONTENT","READY","legacy-posts",""
"/รับซื้อแท็บเล็ต-ปทุมธานี/","ACTIVE","true","/รับซื้อแท็บเล็ต-ปทุมธานี/","true","false","false","","","HOLD_NOINDEX","LEGACY_CONTENT","READY","legacy-posts",""
"/รับซื้อแท็บเล็ต-พังงา/","ACTIVE","true","/รับซื้อแท็บเล็ต-พังงา/","true","false","false","","","HOLD_NOINDEX","LEGACY_CONTENT","READY","legacy-posts",""
"/รับซื้อแท็บเล็ต-พัทลุง/","ACTIVE","true","/รับซื้อแท็บเล็ต-พัทลุง/","true","false","false","","","HOLD_NOINDEX","LEGACY_CONTENT","READY","legacy-posts",""
"/รับซื้อแท็บเล็ต-ภูเก็ต/","ACTIVE","true","/รับซื้อแท็บเล็ต-ภูเก็ต/","true","false","false","","","HOLD_NOINDEX","LEGACY_CONTENT","READY","legacy-posts",""
"/รับซื้อแท็บเล็ต-มุกดาหาร/","ACTIVE","true","/รับซื้อแท็บเล็ต-มุกดาหาร/","true","false","false","","","HOLD_NOINDEX","LEGACY_CONTENT","READY","legacy-posts",""
"/รับซื้อแท็บเล็ต-ยโสธร/","ACTIVE","true","/รับซื้อแท็บเล็ต-ยโสธร/","true","false","false","","","HOLD_NOINDEX","LEGACY_CONTENT","READY","legacy-posts",""
"/รับซื้อแท็บเล็ต-ร้อยเอ็ด/","ACTIVE","true","/รับซื้อแท็บเล็ต-ร้อยเอ็ด/","true","false","false","","","HOLD_NOINDEX","LEGACY_CONTENT","READY","legacy-posts",""
"/รับซื้อแท็บเล็ต-ลพบุรี/","ACTIVE","true","/รับซื้อแท็บเล็ต-ลพบุรี/","true","false","false","","","HOLD_NOINDEX","LEGACY_CONTENT","READY","legacy-posts",""
"/รับซื้อแท็บเล็ต-ศรีสะเกษ/","ACTIVE","true","/รับซื้อแท็บเล็ต-ศรีสะเกษ/","true","false","false","","","HOLD_NOINDEX","LEGACY_CONTENT","READY","legacy-posts",""
"/รับซื้อแท็บเล็ต-สกลนคร/","ACTIVE","true","/รับซื้อแท็บเล็ต-สกลนคร/","true","false","false","","","HOLD_NOINDEX","LEGACY_CONTENT","READY","legacy-posts",""
"/รับซื้อแท็บเล็ต-สระบุรี/","ACTIVE","true","/รับซื้อแท็บเล็ต-สระบุรี/","true","false","false","","","HOLD_NOINDEX","LEGACY_CONTENT","READY","legacy-posts",""
"/รับซื้อแท็บเล็ต-สุพรรณบุรี/","ACTIVE","true","/รับซื้อแท็บเล็ต-สุพรรณบุรี/","true","false","false","","","HOLD_NOINDEX","LEGACY_CONTENT","READY","legacy-posts",""
"/รับซื้อแท็บเล็ต-หนองคาย/","ACTIVE","true","/รับซื้อแท็บเล็ต-หนองคาย/","true","false","false","","","HOLD_NOINDEX","LEGACY_CONTENT","READY","legacy-posts",""
"/รับซื้อแท็บเล็ต-อุตรดิตถ์/","ACTIVE","true","/รับซื้อแท็บเล็ต-อุตรดิตถ์/","true","false","false","","","HOLD_NOINDEX","LEGACY_CONTENT","READY","legacy-posts",""
"/รับซื้อแท็บเล็ต-อุทัยธานี/","ACTIVE","true","/รับซื้อแท็บเล็ต-อุทัยธานี/","true","false","false","","","HOLD_NOINDEX","LEGACY_CONTENT","READY","legacy-posts",""
"/รับซื้อแท็บเล็ต/","ACTIVE","false","/รับซื้อแท็บเล็ต/","false","false","false","","","HOLD_NOINDEX","LEGACY_CONTENT","READY","legacy-posts",""
"/รับซื้อแท็บเล็ตยกล็อต/","ACTIVE","false","/รับซื้อแท็บเล็ตยกล็อต/","false","false","false","","","HOLD_NOINDEX","LEGACY_CONTENT","READY","legacy-posts",""
"/รับซื้อแท็บเล็ตใส่ซิม/","ACTIVE","false","/รับซื้อแท็บเล็ตใส่ซิม/","false","false","false","","","HOLD_NOINDEX","LEGACY_CONTENT","READY","legacy-posts",""
"/รับซื้อแบตเตอรี่-ups/","ACTIVE","false","/รับซื้อแบตเตอรี่-ups/","false","false","false","","","HOLD_NOINDEX","LEGACY_CONTENT","READY","legacy-posts",""
"/รับซื้อแมคบุ๊ค-macbook-ยโสธร/","REDIRECT","false","/รับซื้อแมคบุ๊ค-macbook-ยโสธร/","false","false","true","/รับซื้อแมคบุ๊ค/","EXISTING_REDIRECT","REDIRECT","NOT_APPLICABLE","READY","redirects",""
"/รับซื้อแมคบุ๊ค-macbook/","REDIRECT","false","/รับซื้อแมคบุ๊ค-macbook/","false","false","true","/รับซื้อแมคบุ๊ค/","EXISTING_REDIRECT","REDIRECT","NOT_APPLICABLE","READY","redirects",""
"/รับซื้อแมคบุ๊ค-กาฬสินธุ์/","ACTIVE","false","/รับซื้อแมคบุ๊ค-กาฬสินธุ์/","false","false","false","","","HOLD_NOINDEX","LEGACY_CONTENT","READY","legacy-posts",""
"/รับซื้อแมคบุ๊ค-บุรีรัมย์/","ACTIVE","false","/รับซื้อแมคบุ๊ค-บุรีรัมย์/","false","false","false","","","HOLD_NOINDEX","LEGACY_CONTENT","READY","legacy-posts",""
"/รับซื้อแมคบุ๊ค-มหาสารคาม/","ACTIVE","false","/รับซื้อแมคบุ๊ค-มหาสารคาม/","false","false","false","","","HOLD_NOINDEX","LEGACY_CONTENT","READY","legacy-posts",""
"/รับซื้อแมคบุ๊ค-หนองบัวลำภู/","ACTIVE","false","/รับซื้อแมคบุ๊ค-หนองบัวลำภู/","false","false","false","","","HOLD_NOINDEX","LEGACY_CONTENT","READY","legacy-posts",""
"/รับซื้อแมคบุ๊ค-อำนาจเจริญ/","ACTIVE","false","/รับซื้อแมคบุ๊ค-อำนาจเจริญ/","false","false","false","","","HOLD_NOINDEX","LEGACY_CONTENT","READY","legacy-posts",""
"/รับซื้อแมคบุ๊ค-อุบลราชธานี/","ACTIVE","false","/รับซื้อแมคบุ๊ค-อุบลราชธานี/","false","false","false","","","HOLD_NOINDEX","LEGACY_CONTENT","READY","legacy-posts",""
"/รับซื้อแมคบุ๊ค-ใกล้ฉัน/","REDIRECT","false","/รับซื้อแมคบุ๊ค-ใกล้ฉัน/","false","false","true","/รับซื้อแมคบุ๊ค/","","REDIRECT","NOT_APPLICABLE","READY","redirects",""
"/รับซื้อแม็คบุ๊ค-macbook/","ACTIVE","true","/รับซื้อแม็คบุ๊ค-macbook/","true","false","false","","HOLD_NOINDEX","HOLD_NOINDEX","PENDING_REVIEW","READY","survivor-hold",""
"/รับซื้อแม็คบุ๊ค-ใกล้ฉัน/","ACTIVE","true","/รับซื้อแม็คบุ๊ค-ใกล้ฉัน/","true","false","false","","","HOLD_NOINDEX","LEGACY_CONTENT","READY","legacy-posts",""
"/รับซื้อโทรศัพท์-มือถือ-ย/","GONE","false","/รับซื้อโทรศัพท์-มือถือ-ย/","false","true","false","","","GONE","NOT_APPLICABLE","READY","gone-paths.ts",""
"/รับซื้อโทรศัพท์มือถือ-จ/","ACTIVE","true","/รับซื้อโทรศัพท์มือถือ-จ/","true","false","false","","","HOLD_NOINDEX","LEGACY_CONTENT","READY","legacy-posts",""
"/รับซื้อโน๊ตบุ๊ค-acer-nitro-5/","ACTIVE","true","/รับซื้อโน๊ตบุ๊ค-acer-nitro-5/","true","false","false","","","HOLD_NOINDEX","LEGACY_CONTENT","READY","legacy-posts",""
"/รับซื้อโน๊ตบุ๊ค-asus-rog-gaming/","ACTIVE","true","/รับซื้อโน๊ตบุ๊ค-asus-rog-gaming/","true","false","false","","","HOLD_NOINDEX","LEGACY_CONTENT","READY","legacy-posts",""
"/รับซื้อโน๊ตบุ๊ค-asus-tuf-gaming/","ACTIVE","true","/รับซื้อโน๊ตบุ๊ค-asus-tuf-gaming/","true","false","false","","","HOLD_NOINDEX","LEGACY_CONTENT","READY","legacy-posts",""
"/รับซื้อโน๊ตบุ๊ค-notebook-ยโสธร/","ACTIVE","false","/รับซื้อโน๊ตบุ๊ค-notebook-ยโสธร/","false","false","false","","","HOLD_NOINDEX","LEGACY_CONTENT","READY","legacy-posts",""
"/รับซื้อโน๊ตบุ๊ค-กระบี่/","ACTIVE","true","/รับซื้อโน๊ตบุ๊ค-กระบี่/","true","false","false","","","HOLD_NOINDEX","LEGACY_CONTENT","READY","legacy-posts",""
"/รับซื้อโน๊ตบุ๊ค-กาฬสินธ/","ACTIVE","true","/รับซื้อโน๊ตบุ๊ค-กาฬสินธ/","true","false","false","","","HOLD_NOINDEX","LEGACY_CONTENT","READY","legacy-posts",""
"/รับซื้อโน๊ตบุ๊ค-กาฬสินธุ์/","ACTIVE","false","/รับซื้อโน๊ตบุ๊ค-กาฬสินธุ์/","false","false","false","","","HOLD_NOINDEX","LEGACY_CONTENT","READY","legacy-posts",""
"/รับซื้อโน๊ตบุ๊ค-ขอนแก่น/","ACTIVE","true","/รับซื้อโน๊ตบุ๊ค-ขอนแก่น/","true","false","false","","","HOLD_NOINDEX","LEGACY_CONTENT","READY","legacy-posts",""
"/รับซื้อโน๊ตบุ๊ค-จังหวัด/","ACTIVE","true","/รับซื้อโน๊ตบุ๊ค-จังหวัด/","true","false","false","","","HOLD_NOINDEX","LEGACY_CONTENT","READY","legacy-posts",""
"/รับซื้อโน๊ตบุ๊ค-ชลบุรี/","ACTIVE","true","/รับซื้อโน๊ตบุ๊ค-ชลบุรี/","true","false","false","","","HOLD_NOINDEX","LEGACY_CONTENT","READY","legacy-posts",""
"/รับซื้อโน๊ตบุ๊ค-ชัยนาท/","ACTIVE","true","/รับซื้อโน๊ตบุ๊ค-ชัยนาท/","true","false","false","","","HOLD_NOINDEX","LEGACY_CONTENT","READY","legacy-posts",""
"/รับซื้อโน๊ตบุ๊ค-ชุมพร/","ACTIVE","true","/รับซื้อโน๊ตบุ๊ค-ชุมพร/","true","false","false","","","HOLD_NOINDEX","LEGACY_CONTENT","READY","legacy-posts",""
"/รับซื้อโน๊ตบุ๊ค-ตรัง/","ACTIVE","true","/รับซื้อโน๊ตบุ๊ค-ตรัง/","true","false","false","","","HOLD_NOINDEX","LEGACY_CONTENT","READY","legacy-posts",""
"/รับซื้อโน๊ตบุ๊ค-นครราชส/","ACTIVE","true","/รับซื้อโน๊ตบุ๊ค-นครราชส/","true","false","false","","","HOLD_NOINDEX","LEGACY_CONTENT","READY","legacy-posts",""
"/รับซื้อโน๊ตบุ๊ค-นครสวรรค์/","ACTIVE","true","/รับซื้อโน๊ตบุ๊ค-นครสวรรค์/","true","false","false","","","HOLD_NOINDEX","LEGACY_CONTENT","READY","legacy-posts",""
"/รับซื้อโน๊ตบุ๊ค-นราธิวาส/","ACTIVE","true","/รับซื้อโน๊ตบุ๊ค-นราธิวาส/","true","false","false","","","HOLD_NOINDEX","LEGACY_CONTENT","READY","legacy-posts",""
"/รับซื้อโน๊ตบุ๊ค-บึงกาฬ/","ACTIVE","false","/รับซื้อโน๊ตบุ๊ค-บึงกาฬ/","false","false","false","","","HOLD_NOINDEX","LEGACY_CONTENT","READY","legacy-posts",""
"/รับซื้อโน๊ตบุ๊ค-บุรีรัม/","ACTIVE","true","/รับซื้อโน๊ตบุ๊ค-บุรีรัม/","true","false","false","","","HOLD_NOINDEX","LEGACY_CONTENT","READY","legacy-posts",""
"/รับซื้อโน๊ตบุ๊ค-มหาสาร-2/","ACTIVE","true","/รับซื้อโน๊ตบุ๊ค-มหาสาร-2/","true","false","false","","","HOLD_NOINDEX","LEGACY_CONTENT","READY","legacy-posts",""
"/รับซื้อโน๊ตบุ๊ค-มหาสารค/","ACTIVE","true","/รับซื้อโน๊ตบุ๊ค-มหาสารค/","true","false","false","","","HOLD_NOINDEX","LEGACY_CONTENT","READY","legacy-posts",""
"/รับซื้อโน๊ตบุ๊ค-มุกดาหา/","ACTIVE","true","/รับซื้อโน๊ตบุ๊ค-มุกดาหา/","true","false","false","","","HOLD_NOINDEX","LEGACY_CONTENT","READY","legacy-posts",""
"/รับซื้อโน๊ตบุ๊ค-ร้อยเอ็/","ACTIVE","true","/รับซื้อโน๊ตบุ๊ค-ร้อยเอ็/","true","false","false","","","HOLD_NOINDEX","LEGACY_CONTENT","READY","legacy-posts",""
"/รับซื้อโน๊ตบุ๊ค-ร้อยเอ็ด/","ACTIVE","false","/รับซื้อโน๊ตบุ๊ค-ร้อยเอ็ด/","false","false","false","","","HOLD_NOINDEX","LEGACY_CONTENT","READY","legacy-posts",""
"/รับซื้อโน๊ตบุ๊ค-ลพบุรี/","ACTIVE","true","/รับซื้อโน๊ตบุ๊ค-ลพบุรี/","true","false","false","","","HOLD_NOINDEX","LEGACY_CONTENT","READY","legacy-posts",""
"/รับซื้อโน๊ตบุ๊ค-ลำพูน/","ACTIVE","true","/รับซื้อโน๊ตบุ๊ค-ลำพูน/","true","false","false","","","HOLD_NOINDEX","LEGACY_CONTENT","READY","legacy-posts",""
"/รับซื้อโน๊ตบุ๊ค-ศรีสะเ-2/","ACTIVE","true","/รับซื้อโน๊ตบุ๊ค-ศรีสะเ-2/","true","false","false","","","HOLD_NOINDEX","LEGACY_CONTENT","READY","legacy-posts",""
"/รับซื้อโน๊ตบุ๊ค-ศรีสะเก/","REDIRECT","false","/รับซื้อโน๊ตบุ๊ค-ศรีสะเก/","false","false","true","/รับซื้อโน๊ตบุ๊ค/","","REDIRECT","NOT_APPLICABLE","READY","redirects",""
"/รับซื้อโน๊ตบุ๊ค-สระบุรี/","ACTIVE","true","/รับซื้อโน๊ตบุ๊ค-สระบุรี/","true","false","false","","","HOLD_NOINDEX","LEGACY_CONTENT","READY","legacy-posts",""
"/รับซื้อโน๊ตบุ๊ค-สระแก้ว/","ACTIVE","true","/รับซื้อโน๊ตบุ๊ค-สระแก้ว/","true","false","false","","","HOLD_NOINDEX","LEGACY_CONTENT","READY","legacy-posts",""
"/รับซื้อโน๊ตบุ๊ค-สุรินทร/","ACTIVE","true","/รับซื้อโน๊ตบุ๊ค-สุรินทร/","true","false","false","","","HOLD_NOINDEX","LEGACY_CONTENT","READY","legacy-posts",""
"/รับซื้อโน๊ตบุ๊ค-หนองบัว/","ACTIVE","true","/รับซื้อโน๊ตบุ๊ค-หนองบัว/","true","false","false","","","HOLD_NOINDEX","LEGACY_CONTENT","READY","legacy-posts",""
"/รับซื้อโน๊ตบุ๊ค-อำนาจเจริญ/","ACTIVE","false","/รับซื้อโน๊ตบุ๊ค-อำนาจเจริญ/","false","false","false","","","HOLD_NOINDEX","LEGACY_CONTENT","READY","legacy-posts",""
"/รับซื้อโน๊ตบุ๊ค-อุดรธาน/","ACTIVE","true","/รับซื้อโน๊ตบุ๊ค-อุดรธาน/","true","false","false","","","HOLD_NOINDEX","LEGACY_CONTENT","READY","legacy-posts",""
"/รับซื้อโน๊ตบุ๊ค-อุดรธานี/","ACTIVE","true","/รับซื้อโน๊ตบุ๊ค-อุดรธานี/","true","false","false","","","HOLD_NOINDEX","LEGACY_CONTENT","READY","legacy-posts",""
"/รับซื้อโน๊ตบุ๊ค-เพชรบุรี/","ACTIVE","true","/รับซื้อโน๊ตบุ๊ค-เพชรบุรี/","true","false","false","","","HOLD_NOINDEX","LEGACY_CONTENT","READY","legacy-posts",""
"/รับซื้อโน๊ตบุ๊ค-ใกล้ฉัน/","REDIRECT","false","/รับซื้อโน๊ตบุ๊ค-ใกล้ฉัน/","false","false","true","/รับซื้อโน๊ตบุ๊ค/","","REDIRECT","NOT_APPLICABLE","READY","redirects",""
"/รับซื้อโน๊ตบุ๊คจังหวัด/","ACTIVE","true","/รับซื้อโน๊ตบุ๊คจังหวัด/","true","false","false","","","HOLD_NOINDEX","LEGACY_CONTENT","READY","legacy-posts",""
"/รับซื้อโน๊ตบุ๊คมือสอง-อ/","GONE","false","/รับซื้อโน๊ตบุ๊คมือสอง-อ/","false","true","false","","","GONE","NOT_APPLICABLE","READY","gone-paths.ts",""
"/รับซื้อโน๊ตบุ๊คอุบล-notebook-laptop-จ/","GONE","false","/รับซื้อโน๊ตบุ๊คอุบล-notebook-laptop-จ/","false","true","false","","","GONE","NOT_APPLICABLE","READY","gone-paths.ts",""
"/รับซื้อโมเดล-อุบล-รับซื้/","GONE","false","/รับซื้อโมเดล-อุบล-รับซื้/","false","true","false","","","GONE","NOT_APPLICABLE","READY","gone-paths.ts",""
"/รับซื้อไมโครติก/","ACTIVE","false","/รับซื้อไมโครติก/","false","false","false","","","HOLD_NOINDEX","LEGACY_CONTENT","READY","legacy-posts",""
"/รับซื้อไอแพด-กาญจนบุรี/","ACTIVE","true","/รับซื้อไอแพด-กาญจนบุรี/","true","false","false","","","HOLD_NOINDEX","LEGACY_CONTENT","READY","legacy-posts",""
"/รับซื้อไอแพด-กำแพงเพชร/","ACTIVE","true","/รับซื้อไอแพด-กำแพงเพชร/","true","false","false","","","HOLD_NOINDEX","LEGACY_CONTENT","READY","legacy-posts",""
"/รับซื้อไอแพด-ฉะเชิงเทรา/","ACTIVE","true","/รับซื้อไอแพด-ฉะเชิงเทรา/","true","false","false","","","HOLD_NOINDEX","LEGACY_CONTENT","READY","legacy-posts",""
"/รับซื้อไอแพด-ชลบุรี/","ACTIVE","true","/รับซื้อไอแพด-ชลบุรี/","true","false","false","","","HOLD_NOINDEX","LEGACY_CONTENT","READY","legacy-posts",""
"/รับซื้อไอแพด-ตรัง/","ACTIVE","true","/รับซื้อไอแพด-ตรัง/","true","false","false","","","HOLD_NOINDEX","LEGACY_CONTENT","READY","legacy-posts",""
"/รับซื้อไอแพด-ตาก/","ACTIVE","true","/รับซื้อไอแพด-ตาก/","true","false","false","","","HOLD_NOINDEX","LEGACY_CONTENT","READY","legacy-posts",""
"/รับซื้อไอแพด-นครราชสีมา/","ACTIVE","true","/รับซื้อไอแพด-นครราชสีมา/","true","false","false","","","HOLD_NOINDEX","LEGACY_CONTENT","READY","legacy-posts",""
"/รับซื้อไอแพด-นครสวรรค์/","ACTIVE","true","/รับซื้อไอแพด-นครสวรรค์/","true","false","false","","","HOLD_NOINDEX","LEGACY_CONTENT","READY","legacy-posts",""
"/รับซื้อไอแพด-นราธิวาส/","ACTIVE","true","/รับซื้อไอแพด-นราธิวาส/","true","false","false","","","HOLD_NOINDEX","LEGACY_CONTENT","READY","legacy-posts",""
"/รับซื้อไอแพด-น่าน/","ACTIVE","true","/รับซื้อไอแพด-น่าน/","true","false","false","","","HOLD_NOINDEX","LEGACY_CONTENT","READY","legacy-posts",""
"/รับซื้อไอแพด-ปราจีนบุรี/","ACTIVE","true","/รับซื้อไอแพด-ปราจีนบุรี/","true","false","false","","","HOLD_NOINDEX","LEGACY_CONTENT","READY","legacy-posts",""
"/รับซื้อไอแพด-พะเยา/","ACTIVE","true","/รับซื้อไอแพด-พะเยา/","true","false","false","","","HOLD_NOINDEX","LEGACY_CONTENT","READY","legacy-posts",""
"/รับซื้อไอแพด-พัทลุง/","ACTIVE","true","/รับซื้อไอแพด-พัทลุง/","true","false","false","","","HOLD_NOINDEX","LEGACY_CONTENT","READY","legacy-posts",""
"/รับซื้อไอแพด-พิจิตร/","ACTIVE","true","/รับซื้อไอแพด-พิจิตร/","true","false","false","","","HOLD_NOINDEX","LEGACY_CONTENT","READY","legacy-posts",""
"/รับซื้อไอแพด-มหาสารคาม/","ACTIVE","false","/รับซื้อไอแพด-มหาสารคาม/","false","false","false","","","HOLD_NOINDEX","LEGACY_CONTENT","READY","legacy-posts",""
"/รับซื้อไอแพด-ยโสธร-ipad/","ACTIVE","true","/รับซื้อไอแพด-ยโสธร-ipad/","true","false","false","","REBUILD_INDEX","INDEX","CONTENT_REQUIRED","READY","survivor-rebuild",""
"/รับซื้อไอแพด-ยโสธร/","ACTIVE","false","/รับซื้อไอแพด-ยโสธร/","false","false","false","","","HOLD_NOINDEX","LEGACY_CONTENT","READY","legacy-posts",""
"/รับซื้อไอแพด-ราชบุรี/","ACTIVE","true","/รับซื้อไอแพด-ราชบุรี/","true","false","false","","","HOLD_NOINDEX","LEGACY_CONTENT","READY","legacy-posts",""
"/รับซื้อไอแพด-ลพบุรี/","ACTIVE","true","/รับซื้อไอแพด-ลพบุรี/","true","false","false","","","HOLD_NOINDEX","LEGACY_CONTENT","READY","legacy-posts",""
"/รับซื้อไอแพด-ศรีสะเกษ/","ACTIVE","false","/รับซื้อไอแพด-ศรีสะเกษ/","false","false","false","","","HOLD_NOINDEX","LEGACY_CONTENT","READY","legacy-posts",""
"/รับซื้อไอแพด-สตูล/","ACTIVE","true","/รับซื้อไอแพด-สตูล/","true","false","false","","","HOLD_NOINDEX","LEGACY_CONTENT","READY","legacy-posts",""
"/รับซื้อไอแพด-สระบุรี/","ACTIVE","true","/รับซื้อไอแพด-สระบุรี/","true","false","false","","","HOLD_NOINDEX","LEGACY_CONTENT","READY","legacy-posts",""
"/รับซื้อไอแพด-สระแก้ว/","ACTIVE","true","/รับซื้อไอแพด-สระแก้ว/","true","false","false","","","HOLD_NOINDEX","LEGACY_CONTENT","READY","legacy-posts",""
"/รับซื้อไอแพด-สุราษฎร์ธานี/","ACTIVE","true","/รับซื้อไอแพด-สุราษฎร์ธานี/","true","false","false","","","HOLD_NOINDEX","LEGACY_CONTENT","READY","legacy-posts",""
"/รับซื้อไอแพด-อำนาจเจริญ/","ACTIVE","false","/รับซื้อไอแพด-อำนาจเจริญ/","false","false","false","","","HOLD_NOINDEX","LEGACY_CONTENT","READY","legacy-posts",""
"/รับซื้อไอแพด-อุดรธานี/","ACTIVE","false","/รับซื้อไอแพด-อุดรธานี/","false","false","false","","","HOLD_NOINDEX","LEGACY_CONTENT","READY","legacy-posts",""
"/รับซื้อไอแพด-อ่างทอง/","ACTIVE","true","/รับซื้อไอแพด-อ่างทอง/","true","false","false","","","HOLD_NOINDEX","LEGACY_CONTENT","READY","legacy-posts",""
"/รับซื้อไอแพด-เลย/","ACTIVE","false","/รับซื้อไอแพด-เลย/","false","false","false","","","HOLD_NOINDEX","LEGACY_CONTENT","READY","legacy-posts",""
"/รับซื้อไอแพด-แพร่/","ACTIVE","true","/รับซื้อไอแพด-แพร่/","true","false","false","","","HOLD_NOINDEX","LEGACY_CONTENT","READY","legacy-posts",""
"/รับซื้อไอแพด-แม่ฮ่องสอน/","ACTIVE","true","/รับซื้อไอแพด-แม่ฮ่องสอน/","true","false","false","","","HOLD_NOINDEX","LEGACY_CONTENT","READY","legacy-posts",""
"/รับซื้อไอแพด-ใกล้ฉัน/","REDIRECT","false","/รับซื้อไอแพด-ใกล้ฉัน/","false","false","true","/รับซื้อไอแพด/","","REDIRECT","NOT_APPLICABLE","READY","redirects",""
"/รับซื้อไอแมค/","ACTIVE","false","/รับซื้อไอแมค/","false","false","false","","","HOLD_NOINDEX","LEGACY_CONTENT","READY","legacy-posts",""
"/รับซื้อไอโฟน-15-iphone-15/","REDIRECT","false","/รับซื้อไอโฟน-15-iphone-15/","false","false","true","/รับซื้อไอโฟน/","EXISTING_REDIRECT","REDIRECT","NOT_APPLICABLE","READY","redirects",""
"/รับซื้อไอโฟน-iphone-ร้อยเอ็ด/","REDIRECT","false","/รับซื้อไอโฟน-iphone-ร้อยเอ็ด/","false","false","true","/รับซื้อไอโฟน/","EXISTING_REDIRECT","REDIRECT","NOT_APPLICABLE","READY","redirects",""
"/รับซื้อไอโฟน-iphone-อุบล/","REDIRECT","false","/รับซื้อไอโฟน-iphone-อุบล/","false","false","true","/รับซื้อไอโฟน/","EXISTING_REDIRECT","REDIRECT","NOT_APPLICABLE","READY","redirects",""
"/รับซื้อไอโฟน-กระบี่/","ACTIVE","true","/รับซื้อไอโฟน-กระบี่/","true","false","false","","","HOLD_NOINDEX","LEGACY_CONTENT","READY","legacy-posts",""
"/รับซื้อไอโฟน-กรุงเทพมหานคร/","ACTIVE","true","/รับซื้อไอโฟน-กรุงเทพมหานคร/","true","false","false","","","HOLD_NOINDEX","LEGACY_CONTENT","READY","legacy-posts",""
"/รับซื้อไอโฟน-กาฬสินธุ์/","ACTIVE","false","/รับซื้อไอโฟน-กาฬสินธุ์/","false","false","false","","","HOLD_NOINDEX","LEGACY_CONTENT","READY","legacy-posts",""
"/รับซื้อไอโฟน-ขอนแก่น/","ACTIVE","true","/รับซื้อไอโฟน-ขอนแก่น/","true","false","false","","REBUILD_INDEX","INDEX","CONTENT_REQUIRED","READY","survivor-rebuild",""
"/รับซื้อไอโฟน-จังหวัดอุด/","ACTIVE","true","/รับซื้อไอโฟน-จังหวัดอุด/","true","false","false","","HOLD_NOINDEX","HOLD_NOINDEX","PENDING_REVIEW","READY","survivor-hold",""
"/รับซื้อไอโฟน-ชัยนาท/","ACTIVE","true","/รับซื้อไอโฟน-ชัยนาท/","true","false","false","","","HOLD_NOINDEX","LEGACY_CONTENT","READY","legacy-posts",""
"/รับซื้อไอโฟน-ชัยภูมิ/","ACTIVE","false","/รับซื้อไอโฟน-ชัยภูมิ/","false","false","false","","","HOLD_NOINDEX","LEGACY_CONTENT","READY","legacy-posts",""
"/รับซื้อไอโฟน-ชุมพร/","ACTIVE","true","/รับซื้อไอโฟน-ชุมพร/","true","false","false","","","HOLD_NOINDEX","LEGACY_CONTENT","READY","legacy-posts",""
"/รับซื้อไอโฟน-ตรัง/","ACTIVE","true","/รับซื้อไอโฟน-ตรัง/","true","false","false","","","HOLD_NOINDEX","LEGACY_CONTENT","READY","legacy-posts",""
"/รับซื้อไอโฟน-ตาก/","ACTIVE","true","/รับซื้อไอโฟน-ตาก/","true","false","false","","","HOLD_NOINDEX","LEGACY_CONTENT","READY","legacy-posts",""
"/รับซื้อไอโฟน-นครปฐม/","ACTIVE","true","/รับซื้อไอโฟน-นครปฐม/","true","false","false","","","HOLD_NOINDEX","LEGACY_CONTENT","READY","legacy-posts",""
"/รับซื้อไอโฟน-นครพนม/","ACTIVE","false","/รับซื้อไอโฟน-นครพนม/","false","false","false","","","HOLD_NOINDEX","LEGACY_CONTENT","READY","legacy-posts",""
"/รับซื้อไอโฟน-นครสวรรค์/","ACTIVE","true","/รับซื้อไอโฟน-นครสวรรค์/","true","false","false","","","HOLD_NOINDEX","LEGACY_CONTENT","READY","legacy-posts",""
"/รับซื้อไอโฟน-น่าน/","ACTIVE","true","/รับซื้อไอโฟน-น่าน/","true","false","false","","","HOLD_NOINDEX","LEGACY_CONTENT","READY","legacy-posts",""
"/รับซื้อไอโฟน-บึงกาฬ/","ACTIVE","false","/รับซื้อไอโฟน-บึงกาฬ/","false","false","false","","","HOLD_NOINDEX","LEGACY_CONTENT","READY","legacy-posts",""
"/รับซื้อไอโฟน-บุรีรัมย์/","ACTIVE","false","/รับซื้อไอโฟน-บุรีรัมย์/","false","false","false","","","HOLD_NOINDEX","LEGACY_CONTENT","READY","legacy-posts",""
"/รับซื้อไอโฟน-พะเยา/","ACTIVE","true","/รับซื้อไอโฟน-พะเยา/","true","false","false","","","HOLD_NOINDEX","LEGACY_CONTENT","READY","legacy-posts",""
"/รับซื้อไอโฟน-พังงา/","ACTIVE","true","/รับซื้อไอโฟน-พังงา/","true","false","false","","","HOLD_NOINDEX","LEGACY_CONTENT","READY","legacy-posts",""
"/รับซื้อไอโฟน-มหาสารคาม/","ACTIVE","false","/รับซื้อไอโฟน-มหาสารคาม/","false","false","false","","","HOLD_NOINDEX","LEGACY_CONTENT","READY","legacy-posts",""
"/รับซื้อไอโฟน-มุกดาหาร/","ACTIVE","false","/รับซื้อไอโฟน-มุกดาหาร/","false","false","false","","","HOLD_NOINDEX","LEGACY_CONTENT","READY","legacy-posts",""
"/รับซื้อไอโฟน-ยะลา/","ACTIVE","true","/รับซื้อไอโฟน-ยะลา/","true","false","false","","","HOLD_NOINDEX","LEGACY_CONTENT","READY","legacy-posts",""
"/รับซื้อไอโฟน-ยโสธร/","ACTIVE","true","/รับซื้อไอโฟน-ยโสธร/","true","false","false","","REBUILD_INDEX","INDEX","CONTENT_REQUIRED","READY","survivor-rebuild",""
"/รับซื้อไอโฟน-ระนอง/","ACTIVE","true","/รับซื้อไอโฟน-ระนอง/","true","false","false","","","HOLD_NOINDEX","LEGACY_CONTENT","READY","legacy-posts",""
"/รับซื้อไอโฟน-ระยอง/","ACTIVE","true","/รับซื้อไอโฟน-ระยอง/","true","false","false","","","HOLD_NOINDEX","LEGACY_CONTENT","READY","legacy-posts",""
"/รับซื้อไอโฟน-ลพบุรี/","ACTIVE","true","/รับซื้อไอโฟน-ลพบุรี/","true","false","false","","","HOLD_NOINDEX","LEGACY_CONTENT","READY","legacy-posts",""
"/รับซื้อไอโฟน-ลำปาง/","ACTIVE","true","/รับซื้อไอโฟน-ลำปาง/","true","false","false","","","HOLD_NOINDEX","LEGACY_CONTENT","READY","legacy-posts",""
"/รับซื้อไอโฟน-สิงห์บุรี/","ACTIVE","true","/รับซื้อไอโฟน-สิงห์บุรี/","true","false","false","","","HOLD_NOINDEX","LEGACY_CONTENT","READY","legacy-posts",""
"/รับซื้อไอโฟน-อุตรดิตถ์/","ACTIVE","true","/รับซื้อไอโฟน-อุตรดิตถ์/","true","false","false","","","HOLD_NOINDEX","LEGACY_CONTENT","READY","legacy-posts",""
"/รับซื้อไอโฟน-อุทัยธานี/","ACTIVE","true","/รับซื้อไอโฟน-อุทัยธานี/","true","false","false","","","HOLD_NOINDEX","LEGACY_CONTENT","READY","legacy-posts",""
"/รับซื้อไอโฟน-เชียงใหม่/","ACTIVE","true","/รับซื้อไอโฟน-เชียงใหม่/","true","false","false","","","HOLD_NOINDEX","LEGACY_CONTENT","READY","legacy-posts",""
"/รับซื้อไอโฟน-เลย/","ACTIVE","false","/รับซื้อไอโฟน-เลย/","false","false","false","","","HOLD_NOINDEX","LEGACY_CONTENT","READY","legacy-posts",""
"/รับซื้อไอโฟน-แพร่/","ACTIVE","true","/รับซื้อไอโฟน-แพร่/","true","false","false","","","HOLD_NOINDEX","LEGACY_CONTENT","READY","legacy-posts",""
"/รับซื้อไอโฟน-ใกล้ฉัน/","REDIRECT","false","/รับซื้อไอโฟน-ใกล้ฉัน/","false","false","true","/รับซื้อไอโฟน/","","REDIRECT","NOT_APPLICABLE","READY","redirects",""
"/รับซื้อไอโฟนใกล้ฉัน/","ACTIVE","false","/รับซื้อไอโฟนใกล้ฉัน/","false","false","false","","REBUILD_INDEX","INDEX","CONTENT_REQUIRED","READY","survivor-rebuild",""
"/รับประมูลงานคอมพิวเตอร์/","ACTIVE","false","/รับประมูลงานคอมพิวเตอร์/","false","false","false","","","HOLD_NOINDEX","LEGACY_CONTENT","READY","legacy-posts",""
"/รับเหมาคอมพิวเตอร์/","ACTIVE","false","/รับเหมาคอมพิวเตอร์/","false","false","false","","","HOLD_NOINDEX","LEGACY_CONTENT","READY","legacy-posts",""
"/รับเหมาอุปกรณ์ไอที-กรุงเทพมหานคร/","ACTIVE","false","/รับเหมาอุปกรณ์ไอที-กรุงเทพมหานคร/","false","false","false","","","HOLD_NOINDEX","LEGACY_CONTENT","READY","legacy-posts",""
"/ร้านจำนำในอุบล/","GONE","false","/ร้านจำนำในอุบล/","false","true","false","","","GONE","NOT_APPLICABLE","READY","gone-paths.ts",""
"/ร้านรับจำนำมือถือใกล้ฉ/","GONE","false","/ร้านรับจำนำมือถือใกล้ฉ/","false","true","false","","","GONE","NOT_APPLICABLE","READY","gone-paths.ts",""
"/ร้านรับจำนำยโสธร/","GONE","false","/ร้านรับจำนำยโสธร/","false","true","false","","","GONE","NOT_APPLICABLE","READY","gone-paths.ts",""
"/ร้านรับจํานําลําโพงบลู/","GONE","false","/ร้านรับจํานําลําโพงบลู/","false","true","false","","","GONE","NOT_APPLICABLE","READY","gone-paths.ts",""
"/ร้านรับซื้อโน๊ตบุ๊คอุบ-2/","ACTIVE","true","/ร้านรับซื้อโน๊ตบุ๊คอุบ-2/","true","false","false","","HOLD_NOINDEX","HOLD_NOINDEX","PENDING_REVIEW","READY","survivor-hold",""
"/ร้านรับซื้อโน๊ตบุ๊คอุบ/","ACTIVE","true","/ร้านรับซื้อโน๊ตบุ๊คอุบ/","true","false","false","","","HOLD_NOINDEX","LEGACY_CONTENT","READY","legacy-posts",""
"/ร้านรับซื้อโน๊ตบุ๊คในอ/","ACTIVE","true","/ร้านรับซื้อโน๊ตบุ๊คในอ/","true","false","false","","HOLD_NOINDEX","HOLD_NOINDEX","PENDING_REVIEW","READY","survivor-hold",""
"/วิธีล้างข้อมูล-iphone-ก่อนขาย/","ACTIVE","true","/วิธีล้างข้อมูล-iphone-ก่อนขาย/","true","false","false","","","HOLD_NOINDEX","LEGACY_CONTENT","READY","legacy-posts",""
"/อันดับ-1-รับจำนำกล้อง-อุบ/","GONE","false","/อันดับ-1-รับจำนำกล้อง-อุบ/","false","true","false","","","GONE","NOT_APPLICABLE","READY","gone-paths.ts",""
"/อุบล-รับจำนำ-จำนำมือถือ/","GONE","false","/อุบล-รับจำนำ-จำนำมือถือ/","false","true","false","","","GONE","NOT_APPLICABLE","READY","gone-paths.ts",""
"/โน๊ตบุ๊คเกมมิ่ง-มือสอง-ขายได้กี่บาท/","ACTIVE","false","/โน๊ตบุ๊คเกมมิ่ง-มือสอง-ขายได้กี่บาท/","false","false","false","","","HOLD_NOINDEX","LEGACY_CONTENT","READY","legacy-posts",""